schema_version,source_id,source_sha256,evidence_source_id,reference_period,observation_status,source_locator,transformation_id,age_band,sex,count
1.0,jersey_population_2024_manual_fixture,a9590787131d349f18392243f11c0082944289b0473782428b3714f2b966d3fa,jersey_population_2024_total_pdf,2024-12-31,observed,pdf_page_8,manual_pdf_transcription_v1,under_16,all,15410
1.0,jersey_population_2024_manual_fixture,a9590787131d349f18392243f11c0082944289b0473782428b3714f2b966d3fa,jersey_population_2024_total_pdf,2024-12-31,observed,pdf_page_8,manual_pdf_transcription_v1,16_to_64,all,68530
1.0,jersey_population_2024_manual_fixture,a9590787131d349f18392243f11c0082944289b0473782428b3714f2b966d3fa,jersey_population_2024_total_pdf,2024-12-31,observed,pdf_page_8,manual_pdf_transcription_v1,65_plus,all,20600
1.0,jersey_population_2024_manual_fixture,a9590787131d349f18392243f11c0082944289b0473782428b3714f2b966d3fa,jersey_population_2024_total_pdf,2024-12-31,observed,pdf_page_19,manual_pdf_transcription_v1,all,male,52150
1.0,jersey_population_2024_manual_fixture,a9590787131d349f18392243f11c0082944289b0473782428b3714f2b966d3fa,jersey_population_2024_total_pdf,2024-12-31,observed,pdf_page_19,manual_pdf_transcription_v1,all,female,52390
1.0,census_2021_age_gender_csv,c0c1c2f211737129a8ec8f3db52442baf5ad0d85dd8f627e3f833314e9f9dabc,,2021-03-21,observed,csv_age_0,csv_age_gender_long_v1,0,male,459
1.0,census_2021_age_gender_csv,c0c1c2f211737129a8ec8f3db52442baf5ad0d85dd8f627e3f833314e9f9dabc,,2021-03-21,observed,csv_age_0,csv_age_gender_long_v1,0,female,443
1.0,census_2021_age_gender_csv,c0c1c2f211737129a8ec8f3db52442baf5ad0d85dd8f627e3f833314e9f9dabc,,2021-03-21,observed,csv_age_0,csv_age_gender_long_v1,0,all,902
1.0,census_2021_age_gender_csv,c0c1c2f211737129a8ec8f3db52442baf5ad0d85dd8f627e3f833314e9f9dabc,,2021-03-21,observed,csv_age_1,csv_age_gender_long_v1,1,male,469
1.0,census_2021_age_gender_csv,c0c1c2f211737129a8ec8f3db52442baf5ad0d85dd8f627e3f833314e9f9dabc,,2021-03-21,observed,csv_age_1,csv_age_gender_long_v1,1,female,381
1.0,census_2021_age_gender_csv,c0c1c2f211737129a8ec8f3db52442baf5ad0d85dd8f627e3f833314e9f9dabc,,2021-03-21,observed,csv_age_1,csv_age_gender_long_v1,1,all,850
1.0,census_2021_age_gender_csv,c0c1c2f211737129a8ec8f3db52442baf5ad0d85dd8f627e3f833314e9f9dabc,,2021-03-21,observed,csv_age_2,csv_age_gender_long_v1,2,male,479
1.0,census_2021_age_gender_csv,c0c1c2f211737129a8ec8f3db52442baf5ad0d85dd8f627e3f833314e9f9dabc,,2021-03-21,observed,csv_age_2,csv_age_gender_long_v1,2,female,482
1.0,census_2021_age_gender_csv,c0c1c2f211737129a8ec8f3db52442baf5ad0d85dd8f627e3f833314e9f9dabc,,2021-03-21,observed,csv_age_2,csv_age_gender_long_v1,2,all,961
1.0,census_2021_age_gender_csv,c0c1c2f211737129a8ec8f3db52442baf5ad0d85dd8f627e3f833314e9f9dabc,,2021-03-21,observed,csv_age_3,csv_age_gender_long_v1,3,male,500
1.0,census_2021_age_gender_csv,c0c1c2f211737129a8ec8f3db52442baf5ad0d85dd8f627e3f833314e9f9dabc,,2021-03-21,observed,csv_age_3,csv_age_gender_long_v1,3,female,461
1.0,census_2021_age_gender_csv,c0c1c2f211737129a8ec8f3db52442baf5ad0d85dd8f627e3f833314e9f9dabc,,2021-03-21,observed,csv_age_3,csv_age_gender_long_v1,3,all,961
1.0,census_2021_age_gender_csv,c0c1c2f211737129a8ec8f3db52442baf5ad0d85dd8f627e3f833314e9f9dabc,,2021-03-21,observed,csv_age_4,csv_age_gender_long_v1,4,male,518
1.0,census_2021_age_gender_csv,c0c1c2f211737129a8ec8f3db52442baf5ad0d85dd8f627e3f833314e9f9dabc,,2021-03-21,observed,csv_age_4,csv_age_gender_long_v1,4,female,470
1.0,census_2021_age_gender_csv,c0c1c2f211737129a8ec8f3db52442baf5ad0d85dd8f627e3f833314e9f9dabc,,2021-03-21,observed,csv_age_4,csv_age_gender_long_v1,4,all,988
1.0,census_2021_age_gender_csv,c0c1c2f211737129a8ec8f3db52442baf5ad0d85dd8f627e3f833314e9f9dabc,,2021-03-21,observed,csv_age_5,csv_age_gender_long_v1,5,male,557
1.0,census_2021_age_gender_csv,c0c1c2f211737129a8ec8f3db52442baf5ad0d85dd8f627e3f833314e9f9dabc,,2021-03-21,observed,csv_age_5,csv_age_gender_long_v1,5,female,532
1.0,census_2021_age_gender_csv,c0c1c2f211737129a8ec8f3db52442baf5ad0d85dd8f627e3f833314e9f9dabc,,2021-03-21,observed,csv_age_5,csv_age_gender_long_v1,5,all,1089
1.0,census_2021_age_gender_csv,c0c1c2f211737129a8ec8f3db52442baf5ad0d85dd8f627e3f833314e9f9dabc,,2021-03-21,observed,csv_age_6,csv_age_gender_long_v1,6,male,483
1.0,census_2021_age_gender_csv,c0c1c2f211737129a8ec8f3db52442baf5ad0d85dd8f627e3f833314e9f9dabc,,2021-03-21,observed,csv_age_6,csv_age_gender_long_v1,6,female,496
1.0,census_2021_age_gender_csv,c0c1c2f211737129a8ec8f3db52442baf5ad0d85dd8f627e3f833314e9f9dabc,,2021-03-21,observed,csv_age_6,csv_age_gender_long_v1,6,all,979
1.0,census_2021_age_gender_csv,c0c1c2f211737129a8ec8f3db52442baf5ad0d85dd8f627e3f833314e9f9dabc,,2021-03-21,observed,csv_age_7,csv_age_gender_long_v1,7,male,558
1.0,census_2021_age_gender_csv,c0c1c2f211737129a8ec8f3db52442baf5ad0d85dd8f627e3f833314e9f9dabc,,2021-03-21,observed,csv_age_7,csv_age_gender_long_v1,7,female,518
1.0,census_2021_age_gender_csv,c0c1c2f211737129a8ec8f3db52442baf5ad0d85dd8f627e3f833314e9f9dabc,,2021-03-21,observed,csv_age_7,csv_age_gender_long_v1,7,all,1076
1.0,census_2021_age_gender_csv,c0c1c2f211737129a8ec8f3db52442baf5ad0d85dd8f627e3f833314e9f9dabc,,2021-03-21,observed,csv_age_8,csv_age_gender_long_v1,8,male,548
1.0,census_2021_age_gender_csv,c0c1c2f211737129a8ec8f3db52442baf5ad0d85dd8f627e3f833314e9f9dabc,,2021-03-21,observed,csv_age_8,csv_age_gender_long_v1,8,female,571
1.0,census_2021_age_gender_csv,c0c1c2f211737129a8ec8f3db52442baf5ad0d85dd8f627e3f833314e9f9dabc,,2021-03-21,observed,csv_age_8,csv_age_gender_long_v1,8,all,1119
1.0,census_2021_age_gender_csv,c0c1c2f211737129a8ec8f3db52442baf5ad0d85dd8f627e3f833314e9f9dabc,,2021-03-21,observed,csv_age_9,csv_age_gender_long_v1,9,male,586
1.0,census_2021_age_gender_csv,c0c1c2f211737129a8ec8f3db52442baf5ad0d85dd8f627e3f833314e9f9dabc,,2021-03-21,observed,csv_age_9,csv_age_gender_long_v1,9,female,565
1.0,census_2021_age_gender_csv,c0c1c2f211737129a8ec8f3db52442baf5ad0d85dd8f627e3f833314e9f9dabc,,2021-03-21,observed,csv_age_9,csv_age_gender_long_v1,9,all,1151
1.0,census_2021_age_gender_csv,c0c1c2f211737129a8ec8f3db52442baf5ad0d85dd8f627e3f833314e9f9dabc,,2021-03-21,observed,csv_age_10,csv_age_gender_long_v1,10,male,543
1.0,census_2021_age_gender_csv,c0c1c2f211737129a8ec8f3db52442baf5ad0d85dd8f627e3f833314e9f9dabc,,2021-03-21,observed,csv_age_10,csv_age_gender_long_v1,10,female,554
1.0,census_2021_age_gender_csv,c0c1c2f211737129a8ec8f3db52442baf5ad0d85dd8f627e3f833314e9f9dabc,,2021-03-21,observed,csv_age_10,csv_age_gender_long_v1,10,all,1097
1.0,census_2021_age_gender_csv,c0c1c2f211737129a8ec8f3db52442baf5ad0d85dd8f627e3f833314e9f9dabc,,2021-03-21,observed,csv_age_11,csv_age_gender_long_v1,11,male,542
1.0,census_2021_age_gender_csv,c0c1c2f211737129a8ec8f3db52442baf5ad0d85dd8f627e3f833314e9f9dabc,,2021-03-21,observed,csv_age_11,csv_age_gender_long_v1,11,female,521
1.0,census_2021_age_gender_csv,c0c1c2f211737129a8ec8f3db52442baf5ad0d85dd8f627e3f833314e9f9dabc,,2021-03-21,observed,csv_age_11,csv_age_gender_long_v1,11,all,1063
1.0,census_2021_age_gender_csv,c0c1c2f211737129a8ec8f3db52442baf5ad0d85dd8f627e3f833314e9f9dabc,,2021-03-21,observed,csv_age_12,csv_age_gender_long_v1,12,male,526
1.0,census_2021_age_gender_csv,c0c1c2f211737129a8ec8f3db52442baf5ad0d85dd8f627e3f833314e9f9dabc,,2021-03-21,observed,csv_age_12,csv_age_gender_long_v1,12,female,547
1.0,census_2021_age_gender_csv,c0c1c2f211737129a8ec8f3db52442baf5ad0d85dd8f627e3f833314e9f9dabc,,2021-03-21,observed,csv_age_12,csv_age_gender_long_v1,12,all,1073
1.0,census_2021_age_gender_csv,c0c1c2f211737129a8ec8f3db52442baf5ad0d85dd8f627e3f833314e9f9dabc,,2021-03-21,observed,csv_age_13,csv_age_gender_long_v1,13,male,532
1.0,census_2021_age_gender_csv,c0c1c2f211737129a8ec8f3db52442baf5ad0d85dd8f627e3f833314e9f9dabc,,2021-03-21,observed,csv_age_13,csv_age_gender_long_v1,13,female,556
1.0,census_2021_age_gender_csv,c0c1c2f211737129a8ec8f3db52442baf5ad0d85dd8f627e3f833314e9f9dabc,,2021-03-21,observed,csv_age_13,csv_age_gender_long_v1,13,all,1088
1.0,census_2021_age_gender_csv,c0c1c2f211737129a8ec8f3db52442baf5ad0d85dd8f627e3f833314e9f9dabc,,2021-03-21,observed,csv_age_14,csv_age_gender_long_v1,14,male,495
1.0,census_2021_age_gender_csv,c0c1c2f211737129a8ec8f3db52442baf5ad0d85dd8f627e3f833314e9f9dabc,,2021-03-21,observed,csv_age_14,csv_age_gender_long_v1,14,female,541
1.0,census_2021_age_gender_csv,c0c1c2f211737129a8ec8f3db52442baf5ad0d85dd8f627e3f833314e9f9dabc,,2021-03-21,observed,csv_age_14,csv_age_gender_long_v1,14,all,1036
1.0,census_2021_age_gender_csv,c0c1c2f211737129a8ec8f3db52442baf5ad0d85dd8f627e3f833314e9f9dabc,,2021-03-21,observed,csv_age_15,csv_age_gender_long_v1,15,male,545
1.0,census_2021_age_gender_csv,c0c1c2f211737129a8ec8f3db52442baf5ad0d85dd8f627e3f833314e9f9dabc,,2021-03-21,observed,csv_age_15,csv_age_gender_long_v1,15,female,498
1.0,census_2021_age_gender_csv,c0c1c2f211737129a8ec8f3db52442baf5ad0d85dd8f627e3f833314e9f9dabc,,2021-03-21,observed,csv_age_15,csv_age_gender_long_v1,15,all,1043
1.0,census_2021_age_gender_csv,c0c1c2f211737129a8ec8f3db52442baf5ad0d85dd8f627e3f833314e9f9dabc,,2021-03-21,observed,csv_age_16,csv_age_gender_long_v1,16,male,540
1.0,census_2021_age_gender_csv,c0c1c2f211737129a8ec8f3db52442baf5ad0d85dd8f627e3f833314e9f9dabc,,2021-03-21,observed,csv_age_16,csv_age_gender_long_v1,16,female,514
1.0,census_2021_age_gender_csv,c0c1c2f211737129a8ec8f3db52442baf5ad0d85dd8f627e3f833314e9f9dabc,,2021-03-21,observed,csv_age_16,csv_age_gender_long_v1,16,all,1054
1.0,census_2021_age_gender_csv,c0c1c2f211737129a8ec8f3db52442baf5ad0d85dd8f627e3f833314e9f9dabc,,2021-03-21,observed,csv_age_17,csv_age_gender_long_v1,17,male,551
1.0,census_2021_age_gender_csv,c0c1c2f211737129a8ec8f3db52442baf5ad0d85dd8f627e3f833314e9f9dabc,,2021-03-21,observed,csv_age_17,csv_age_gender_long_v1,17,female,513
1.0,census_2021_age_gender_csv,c0c1c2f211737129a8ec8f3db52442baf5ad0d85dd8f627e3f833314e9f9dabc,,2021-03-21,observed,csv_age_17,csv_age_gender_long_v1,17,all,1064
1.0,census_2021_age_gender_csv,c0c1c2f211737129a8ec8f3db52442baf5ad0d85dd8f627e3f833314e9f9dabc,,2021-03-21,observed,csv_age_18,csv_age_gender_long_v1,18,male,494
1.0,census_2021_age_gender_csv,c0c1c2f211737129a8ec8f3db52442baf5ad0d85dd8f627e3f833314e9f9dabc,,2021-03-21,observed,csv_age_18,csv_age_gender_long_v1,18,female,489
1.0,census_2021_age_gender_csv,c0c1c2f211737129a8ec8f3db52442baf5ad0d85dd8f627e3f833314e9f9dabc,,2021-03-21,observed,csv_age_18,csv_age_gender_long_v1,18,all,983
1.0,census_2021_age_gender_csv,c0c1c2f211737129a8ec8f3db52442baf5ad0d85dd8f627e3f833314e9f9dabc,,2021-03-21,observed,csv_age_19,csv_age_gender_long_v1,19,male,524
1.0,census_2021_age_gender_csv,c0c1c2f211737129a8ec8f3db52442baf5ad0d85dd8f627e3f833314e9f9dabc,,2021-03-21,observed,csv_age_19,csv_age_gender_long_v1,19,female,507
1.0,census_2021_age_gender_csv,c0c1c2f211737129a8ec8f3db52442baf5ad0d85dd8f627e3f833314e9f9dabc,,2021-03-21,observed,csv_age_19,csv_age_gender_long_v1,19,all,1031
1.0,census_2021_age_gender_csv,c0c1c2f211737129a8ec8f3db52442baf5ad0d85dd8f627e3f833314e9f9dabc,,2021-03-21,observed,csv_age_20,csv_age_gender_long_v1,20,male,540
1.0,census_2021_age_gender_csv,c0c1c2f211737129a8ec8f3db52442baf5ad0d85dd8f627e3f833314e9f9dabc,,2021-03-21,observed,csv_age_20,csv_age_gender_long_v1,20,female,515
1.0,census_2021_age_gender_csv,c0c1c2f211737129a8ec8f3db52442baf5ad0d85dd8f627e3f833314e9f9dabc,,2021-03-21,observed,csv_age_20,csv_age_gender_long_v1,20,all,1055
1.0,census_2021_age_gender_csv,c0c1c2f211737129a8ec8f3db52442baf5ad0d85dd8f627e3f833314e9f9dabc,,2021-03-21,observed,csv_age_21,csv_age_gender_long_v1,21,male,570
1.0,census_2021_age_gender_csv,c0c1c2f211737129a8ec8f3db52442baf5ad0d85dd8f627e3f833314e9f9dabc,,2021-03-21,observed,csv_age_21,csv_age_gender_long_v1,21,female,524
1.0,census_2021_age_gender_csv,c0c1c2f211737129a8ec8f3db52442baf5ad0d85dd8f627e3f833314e9f9dabc,,2021-03-21,observed,csv_age_21,csv_age_gender_long_v1,21,all,1094
1.0,census_2021_age_gender_csv,c0c1c2f211737129a8ec8f3db52442baf5ad0d85dd8f627e3f833314e9f9dabc,,2021-03-21,observed,csv_age_22,csv_age_gender_long_v1,22,male,603
1.0,census_2021_age_gender_csv,c0c1c2f211737129a8ec8f3db52442baf5ad0d85dd8f627e3f833314e9f9dabc,,2021-03-21,observed,csv_age_22,csv_age_gender_long_v1,22,female,570
1.0,census_2021_age_gender_csv,c0c1c2f211737129a8ec8f3db52442baf5ad0d85dd8f627e3f833314e9f9dabc,,2021-03-21,observed,csv_age_22,csv_age_gender_long_v1,22,all,1173
1.0,census_2021_age_gender_csv,c0c1c2f211737129a8ec8f3db52442baf5ad0d85dd8f627e3f833314e9f9dabc,,2021-03-21,observed,csv_age_23,csv_age_gender_long_v1,23,male,610
1.0,census_2021_age_gender_csv,c0c1c2f211737129a8ec8f3db52442baf5ad0d85dd8f627e3f833314e9f9dabc,,2021-03-21,observed,csv_age_23,csv_age_gender_long_v1,23,female,532
1.0,census_2021_age_gender_csv,c0c1c2f211737129a8ec8f3db52442baf5ad0d85dd8f627e3f833314e9f9dabc,,2021-03-21,observed,csv_age_23,csv_age_gender_long_v1,23,all,1142
1.0,census_2021_age_gender_csv,c0c1c2f211737129a8ec8f3db52442baf5ad0d85dd8f627e3f833314e9f9dabc,,2021-03-21,observed,csv_age_24,csv_age_gender_long_v1,24,male,605
1.0,census_2021_age_gender_csv,c0c1c2f211737129a8ec8f3db52442baf5ad0d85dd8f627e3f833314e9f9dabc,,2021-03-21,observed,csv_age_24,csv_age_gender_long_v1,24,female,582
1.0,census_2021_age_gender_csv,c0c1c2f211737129a8ec8f3db52442baf5ad0d85dd8f627e3f833314e9f9dabc,,2021-03-21,observed,csv_age_24,csv_age_gender_long_v1,24,all,1187
1.0,census_2021_age_gender_csv,c0c1c2f211737129a8ec8f3db52442baf5ad0d85dd8f627e3f833314e9f9dabc,,2021-03-21,observed,csv_age_25,csv_age_gender_long_v1,25,male,579
1.0,census_2021_age_gender_csv,c0c1c2f211737129a8ec8f3db52442baf5ad0d85dd8f627e3f833314e9f9dabc,,2021-03-21,observed,csv_age_25,csv_age_gender_long_v1,25,female,505
1.0,census_2021_age_gender_csv,c0c1c2f211737129a8ec8f3db52442baf5ad0d85dd8f627e3f833314e9f9dabc,,2021-03-21,observed,csv_age_25,csv_age_gender_long_v1,25,all,1084
1.0,census_2021_age_gender_csv,c0c1c2f211737129a8ec8f3db52442baf5ad0d85dd8f627e3f833314e9f9dabc,,2021-03-21,observed,csv_age_26,csv_age_gender_long_v1,26,male,587
1.0,census_2021_age_gender_csv,c0c1c2f211737129a8ec8f3db52442baf5ad0d85dd8f627e3f833314e9f9dabc,,2021-03-21,observed,csv_age_26,csv_age_gender_long_v1,26,female,566
1.0,census_2021_age_gender_csv,c0c1c2f211737129a8ec8f3db52442baf5ad0d85dd8f627e3f833314e9f9dabc,,2021-03-21,observed,csv_age_26,csv_age_gender_long_v1,26,all,1153
1.0,census_2021_age_gender_csv,c0c1c2f211737129a8ec8f3db52442baf5ad0d85dd8f627e3f833314e9f9dabc,,2021-03-21,observed,csv_age_27,csv_age_gender_long_v1,27,male,599
1.0,census_2021_age_gender_csv,c0c1c2f211737129a8ec8f3db52442baf5ad0d85dd8f627e3f833314e9f9dabc,,2021-03-21,observed,csv_age_27,csv_age_gender_long_v1,27,female,583
1.0,census_2021_age_gender_csv,c0c1c2f211737129a8ec8f3db52442baf5ad0d85dd8f627e3f833314e9f9dabc,,2021-03-21,observed,csv_age_27,csv_age_gender_long_v1,27,all,1182
1.0,census_2021_age_gender_csv,c0c1c2f211737129a8ec8f3db52442baf5ad0d85dd8f627e3f833314e9f9dabc,,2021-03-21,observed,csv_age_28,csv_age_gender_long_v1,28,male,609
1.0,census_2021_age_gender_csv,c0c1c2f211737129a8ec8f3db52442baf5ad0d85dd8f627e3f833314e9f9dabc,,2021-03-21,observed,csv_age_28,csv_age_gender_long_v1,28,female,598
1.0,census_2021_age_gender_csv,c0c1c2f211737129a8ec8f3db52442baf5ad0d85dd8f627e3f833314e9f9dabc,,2021-03-21,observed,csv_age_28,csv_age_gender_long_v1,28,all,1207
1.0,census_2021_age_gender_csv,c0c1c2f211737129a8ec8f3db52442baf5ad0d85dd8f627e3f833314e9f9dabc,,2021-03-21,observed,csv_age_29,csv_age_gender_long_v1,29,male,611
1.0,census_2021_age_gender_csv,c0c1c2f211737129a8ec8f3db52442baf5ad0d85dd8f627e3f833314e9f9dabc,,2021-03-21,observed,csv_age_29,csv_age_gender_long_v1,29,female,633
1.0,census_2021_age_gender_csv,c0c1c2f211737129a8ec8f3db52442baf5ad0d85dd8f627e3f833314e9f9dabc,,2021-03-21,observed,csv_age_29,csv_age_gender_long_v1,29,all,1244
1.0,census_2021_age_gender_csv,c0c1c2f211737129a8ec8f3db52442baf5ad0d85dd8f627e3f833314e9f9dabc,,2021-03-21,observed,csv_age_30,csv_age_gender_long_v1,30,male,637
1.0,census_2021_age_gender_csv,c0c1c2f211737129a8ec8f3db52442baf5ad0d85dd8f627e3f833314e9f9dabc,,2021-03-21,observed,csv_age_30,csv_age_gender_long_v1,30,female,633
1.0,census_2021_age_gender_csv,c0c1c2f211737129a8ec8f3db52442baf5ad0d85dd8f627e3f833314e9f9dabc,,2021-03-21,observed,csv_age_30,csv_age_gender_long_v1,30,all,1270
1.0,census_2021_age_gender_csv,c0c1c2f211737129a8ec8f3db52442baf5ad0d85dd8f627e3f833314e9f9dabc,,2021-03-21,observed,csv_age_31,csv_age_gender_long_v1,31,male,620
1.0,census_2021_age_gender_csv,c0c1c2f211737129a8ec8f3db52442baf5ad0d85dd8f627e3f833314e9f9dabc,,2021-03-21,observed,csv_age_31,csv_age_gender_long_v1,31,female,635
1.0,census_2021_age_gender_csv,c0c1c2f211737129a8ec8f3db52442baf5ad0d85dd8f627e3f833314e9f9dabc,,2021-03-21,observed,csv_age_31,csv_age_gender_long_v1,31,all,1255
1.0,census_2021_age_gender_csv,c0c1c2f211737129a8ec8f3db52442baf5ad0d85dd8f627e3f833314e9f9dabc,,2021-03-21,observed,csv_age_32,csv_age_gender_long_v1,32,male,685
1.0,census_2021_age_gender_csv,c0c1c2f211737129a8ec8f3db52442baf5ad0d85dd8f627e3f833314e9f9dabc,,2021-03-21,observed,csv_age_32,csv_age_gender_long_v1,32,female,707
1.0,census_2021_age_gender_csv,c0c1c2f211737129a8ec8f3db52442baf5ad0d85dd8f627e3f833314e9f9dabc,,2021-03-21,observed,csv_age_32,csv_age_gender_long_v1,32,all,1392
1.0,census_2021_age_gender_csv,c0c1c2f211737129a8ec8f3db52442baf5ad0d85dd8f627e3f833314e9f9dabc,,2021-03-21,observed,csv_age_33,csv_age_gender_long_v1,33,male,691
1.0,census_2021_age_gender_csv,c0c1c2f211737129a8ec8f3db52442baf5ad0d85dd8f627e3f833314e9f9dabc,,2021-03-21,observed,csv_age_33,csv_age_gender_long_v1,33,female,686
1.0,census_2021_age_gender_csv,c0c1c2f211737129a8ec8f3db52442baf5ad0d85dd8f627e3f833314e9f9dabc,,2021-03-21,observed,csv_age_33,csv_age_gender_long_v1,33,all,1377
1.0,census_2021_age_gender_csv,c0c1c2f211737129a8ec8f3db52442baf5ad0d85dd8f627e3f833314e9f9dabc,,2021-03-21,observed,csv_age_34,csv_age_gender_long_v1,34,male,660
1.0,census_2021_age_gender_csv,c0c1c2f211737129a8ec8f3db52442baf5ad0d85dd8f627e3f833314e9f9dabc,,2021-03-21,observed,csv_age_34,csv_age_gender_long_v1,34,female,634
1.0,census_2021_age_gender_csv,c0c1c2f211737129a8ec8f3db52442baf5ad0d85dd8f627e3f833314e9f9dabc,,2021-03-21,observed,csv_age_34,csv_age_gender_long_v1,34,all,1294
1.0,census_2021_age_gender_csv,c0c1c2f211737129a8ec8f3db52442baf5ad0d85dd8f627e3f833314e9f9dabc,,2021-03-21,observed,csv_age_35,csv_age_gender_long_v1,35,male,719
1.0,census_2021_age_gender_csv,c0c1c2f211737129a8ec8f3db52442baf5ad0d85dd8f627e3f833314e9f9dabc,,2021-03-21,observed,csv_age_35,csv_age_gender_long_v1,35,female,665
1.0,census_2021_age_gender_csv,c0c1c2f211737129a8ec8f3db52442baf5ad0d85dd8f627e3f833314e9f9dabc,,2021-03-21,observed,csv_age_35,csv_age_gender_long_v1,35,all,1384
1.0,census_2021_age_gender_csv,c0c1c2f211737129a8ec8f3db52442baf5ad0d85dd8f627e3f833314e9f9dabc,,2021-03-21,observed,csv_age_36,csv_age_gender_long_v1,36,male,693
1.0,census_2021_age_gender_csv,c0c1c2f211737129a8ec8f3db52442baf5ad0d85dd8f627e3f833314e9f9dabc,,2021-03-21,observed,csv_age_36,csv_age_gender_long_v1,36,female,759
1.0,census_2021_age_gender_csv,c0c1c2f211737129a8ec8f3db52442baf5ad0d85dd8f627e3f833314e9f9dabc,,2021-03-21,observed,csv_age_36,csv_age_gender_long_v1,36,all,1452
1.0,census_2021_age_gender_csv,c0c1c2f211737129a8ec8f3db52442baf5ad0d85dd8f627e3f833314e9f9dabc,,2021-03-21,observed,csv_age_37,csv_age_gender_long_v1,37,male,756
1.0,census_2021_age_gender_csv,c0c1c2f211737129a8ec8f3db52442baf5ad0d85dd8f627e3f833314e9f9dabc,,2021-03-21,observed,csv_age_37,csv_age_gender_long_v1,37,female,759
1.0,census_2021_age_gender_csv,c0c1c2f211737129a8ec8f3db52442baf5ad0d85dd8f627e3f833314e9f9dabc,,2021-03-21,observed,csv_age_37,csv_age_gender_long_v1,37,all,1515
1.0,census_2021_age_gender_csv,c0c1c2f211737129a8ec8f3db52442baf5ad0d85dd8f627e3f833314e9f9dabc,,2021-03-21,observed,csv_age_38,csv_age_gender_long_v1,38,male,761
1.0,census_2021_age_gender_csv,c0c1c2f211737129a8ec8f3db52442baf5ad0d85dd8f627e3f833314e9f9dabc,,2021-03-21,observed,csv_age_38,csv_age_gender_long_v1,38,female,727
1.0,census_2021_age_gender_csv,c0c1c2f211737129a8ec8f3db52442baf5ad0d85dd8f627e3f833314e9f9dabc,,2021-03-21,observed,csv_age_38,csv_age_gender_long_v1,38,all,1488
1.0,census_2021_age_gender_csv,c0c1c2f211737129a8ec8f3db52442baf5ad0d85dd8f627e3f833314e9f9dabc,,2021-03-21,observed,csv_age_39,csv_age_gender_long_v1,39,male,731
1.0,census_2021_age_gender_csv,c0c1c2f211737129a8ec8f3db52442baf5ad0d85dd8f627e3f833314e9f9dabc,,2021-03-21,observed,csv_age_39,csv_age_gender_long_v1,39,female,776
1.0,census_2021_age_gender_csv,c0c1c2f211737129a8ec8f3db52442baf5ad0d85dd8f627e3f833314e9f9dabc,,2021-03-21,observed,csv_age_39,csv_age_gender_long_v1,39,all,1507
1.0,census_2021_age_gender_csv,c0c1c2f211737129a8ec8f3db52442baf5ad0d85dd8f627e3f833314e9f9dabc,,2021-03-21,observed,csv_age_40,csv_age_gender_long_v1,40,male,797
1.0,census_2021_age_gender_csv,c0c1c2f211737129a8ec8f3db52442baf5ad0d85dd8f627e3f833314e9f9dabc,,2021-03-21,observed,csv_age_40,csv_age_gender_long_v1,40,female,798
1.0,census_2021_age_gender_csv,c0c1c2f211737129a8ec8f3db52442baf5ad0d85dd8f627e3f833314e9f9dabc,,2021-03-21,observed,csv_age_40,csv_age_gender_long_v1,40,all,1595
1.0,census_2021_age_gender_csv,c0c1c2f211737129a8ec8f3db52442baf5ad0d85dd8f627e3f833314e9f9dabc,,2021-03-21,observed,csv_age_41,csv_age_gender_long_v1,41,male,758
1.0,census_2021_age_gender_csv,c0c1c2f211737129a8ec8f3db52442baf5ad0d85dd8f627e3f833314e9f9dabc,,2021-03-21,observed,csv_age_41,csv_age_gender_long_v1,41,female,802
1.0,census_2021_age_gender_csv,c0c1c2f211737129a8ec8f3db52442baf5ad0d85dd8f627e3f833314e9f9dabc,,2021-03-21,observed,csv_age_41,csv_age_gender_long_v1,41,all,1560
1.0,census_2021_age_gender_csv,c0c1c2f211737129a8ec8f3db52442baf5ad0d85dd8f627e3f833314e9f9dabc,,2021-03-21,observed,csv_age_42,csv_age_gender_long_v1,42,male,722
1.0,census_2021_age_gender_csv,c0c1c2f211737129a8ec8f3db52442baf5ad0d85dd8f627e3f833314e9f9dabc,,2021-03-21,observed,csv_age_42,csv_age_gender_long_v1,42,female,742
1.0,census_2021_age_gender_csv,c0c1c2f211737129a8ec8f3db52442baf5ad0d85dd8f627e3f833314e9f9dabc,,2021-03-21,observed,csv_age_42,csv_age_gender_long_v1,42,all,1464
1.0,census_2021_age_gender_csv,c0c1c2f211737129a8ec8f3db52442baf5ad0d85dd8f627e3f833314e9f9dabc,,2021-03-21,observed,csv_age_43,csv_age_gender_long_v1,43,male,760
1.0,census_2021_age_gender_csv,c0c1c2f211737129a8ec8f3db52442baf5ad0d85dd8f627e3f833314e9f9dabc,,2021-03-21,observed,csv_age_43,csv_age_gender_long_v1,43,female,730
1.0,census_2021_age_gender_csv,c0c1c2f211737129a8ec8f3db52442baf5ad0d85dd8f627e3f833314e9f9dabc,,2021-03-21,observed,csv_age_43,csv_age_gender_long_v1,43,all,1490
1.0,census_2021_age_gender_csv,c0c1c2f211737129a8ec8f3db52442baf5ad0d85dd8f627e3f833314e9f9dabc,,2021-03-21,observed,csv_age_44,csv_age_gender_long_v1,44,male,718
1.0,census_2021_age_gender_csv,c0c1c2f211737129a8ec8f3db52442baf5ad0d85dd8f627e3f833314e9f9dabc,,2021-03-21,observed,csv_age_44,csv_age_gender_long_v1,44,female,702
1.0,census_2021_age_gender_csv,c0c1c2f211737129a8ec8f3db52442baf5ad0d85dd8f627e3f833314e9f9dabc,,2021-03-21,observed,csv_age_44,csv_age_gender_long_v1,44,all,1420
1.0,census_2021_age_gender_csv,c0c1c2f211737129a8ec8f3db52442baf5ad0d85dd8f627e3f833314e9f9dabc,,2021-03-21,observed,csv_age_45,csv_age_gender_long_v1,45,male,761
1.0,census_2021_age_gender_csv,c0c1c2f211737129a8ec8f3db52442baf5ad0d85dd8f627e3f833314e9f9dabc,,2021-03-21,observed,csv_age_45,csv_age_gender_long_v1,45,female,733
1.0,census_2021_age_gender_csv,c0c1c2f211737129a8ec8f3db52442baf5ad0d85dd8f627e3f833314e9f9dabc,,2021-03-21,observed,csv_age_45,csv_age_gender_long_v1,45,all,1494
1.0,census_2021_age_gender_csv,c0c1c2f211737129a8ec8f3db52442baf5ad0d85dd8f627e3f833314e9f9dabc,,2021-03-21,observed,csv_age_46,csv_age_gender_long_v1,46,male,731
1.0,census_2021_age_gender_csv,c0c1c2f211737129a8ec8f3db52442baf5ad0d85dd8f627e3f833314e9f9dabc,,2021-03-21,observed,csv_age_46,csv_age_gender_long_v1,46,female,762
1.0,census_2021_age_gender_csv,c0c1c2f211737129a8ec8f3db52442baf5ad0d85dd8f627e3f833314e9f9dabc,,2021-03-21,observed,csv_age_46,csv_age_gender_long_v1,46,all,1493
1.0,census_2021_age_gender_csv,c0c1c2f211737129a8ec8f3db52442baf5ad0d85dd8f627e3f833314e9f9dabc,,2021-03-21,observed,csv_age_47,csv_age_gender_long_v1,47,male,743
1.0,census_2021_age_gender_csv,c0c1c2f211737129a8ec8f3db52442baf5ad0d85dd8f627e3f833314e9f9dabc,,2021-03-21,observed,csv_age_47,csv_age_gender_long_v1,47,female,731
1.0,census_2021_age_gender_csv,c0c1c2f211737129a8ec8f3db52442baf5ad0d85dd8f627e3f833314e9f9dabc,,2021-03-21,observed,csv_age_47,csv_age_gender_long_v1,47,all,1474
1.0,census_2021_age_gender_csv,c0c1c2f211737129a8ec8f3db52442baf5ad0d85dd8f627e3f833314e9f9dabc,,2021-03-21,observed,csv_age_48,csv_age_gender_long_v1,48,male,740
1.0,census_2021_age_gender_csv,c0c1c2f211737129a8ec8f3db52442baf5ad0d85dd8f627e3f833314e9f9dabc,,2021-03-21,observed,csv_age_48,csv_age_gender_long_v1,48,female,761
1.0,census_2021_age_gender_csv,c0c1c2f211737129a8ec8f3db52442baf5ad0d85dd8f627e3f833314e9f9dabc,,2021-03-21,observed,csv_age_48,csv_age_gender_long_v1,48,all,1501
1.0,census_2021_age_gender_csv,c0c1c2f211737129a8ec8f3db52442baf5ad0d85dd8f627e3f833314e9f9dabc,,2021-03-21,observed,csv_age_49,csv_age_gender_long_v1,49,male,798
1.0,census_2021_age_gender_csv,c0c1c2f211737129a8ec8f3db52442baf5ad0d85dd8f627e3f833314e9f9dabc,,2021-03-21,observed,csv_age_49,csv_age_gender_long_v1,49,female,835
1.0,census_2021_age_gender_csv,c0c1c2f211737129a8ec8f3db52442baf5ad0d85dd8f627e3f833314e9f9dabc,,2021-03-21,observed,csv_age_49,csv_age_gender_long_v1,49,all,1633
1.0,census_2021_age_gender_csv,c0c1c2f211737129a8ec8f3db52442baf5ad0d85dd8f627e3f833314e9f9dabc,,2021-03-21,observed,csv_age_50,csv_age_gender_long_v1,50,male,833
1.0,census_2021_age_gender_csv,c0c1c2f211737129a8ec8f3db52442baf5ad0d85dd8f627e3f833314e9f9dabc,,2021-03-21,observed,csv_age_50,csv_age_gender_long_v1,50,female,814
1.0,census_2021_age_gender_csv,c0c1c2f211737129a8ec8f3db52442baf5ad0d85dd8f627e3f833314e9f9dabc,,2021-03-21,observed,csv_age_50,csv_age_gender_long_v1,50,all,1647
1.0,census_2021_age_gender_csv,c0c1c2f211737129a8ec8f3db52442baf5ad0d85dd8f627e3f833314e9f9dabc,,2021-03-21,observed,csv_age_51,csv_age_gender_long_v1,51,male,802
1.0,census_2021_age_gender_csv,c0c1c2f211737129a8ec8f3db52442baf5ad0d85dd8f627e3f833314e9f9dabc,,2021-03-21,observed,csv_age_51,csv_age_gender_long_v1,51,female,834
1.0,census_2021_age_gender_csv,c0c1c2f211737129a8ec8f3db52442baf5ad0d85dd8f627e3f833314e9f9dabc,,2021-03-21,observed,csv_age_51,csv_age_gender_long_v1,51,all,1636
1.0,census_2021_age_gender_csv,c0c1c2f211737129a8ec8f3db52442baf5ad0d85dd8f627e3f833314e9f9dabc,,2021-03-21,observed,csv_age_52,csv_age_gender_long_v1,52,male,906
1.0,census_2021_age_gender_csv,c0c1c2f211737129a8ec8f3db52442baf5ad0d85dd8f627e3f833314e9f9dabc,,2021-03-21,observed,csv_age_52,csv_age_gender_long_v1,52,female,844
1.0,census_2021_age_gender_csv,c0c1c2f211737129a8ec8f3db52442baf5ad0d85dd8f627e3f833314e9f9dabc,,2021-03-21,observed,csv_age_52,csv_age_gender_long_v1,52,all,1750
1.0,census_2021_age_gender_csv,c0c1c2f211737129a8ec8f3db52442baf5ad0d85dd8f627e3f833314e9f9dabc,,2021-03-21,observed,csv_age_53,csv_age_gender_long_v1,53,male,839
1.0,census_2021_age_gender_csv,c0c1c2f211737129a8ec8f3db52442baf5ad0d85dd8f627e3f833314e9f9dabc,,2021-03-21,observed,csv_age_53,csv_age_gender_long_v1,53,female,856
1.0,census_2021_age_gender_csv,c0c1c2f211737129a8ec8f3db52442baf5ad0d85dd8f627e3f833314e9f9dabc,,2021-03-21,observed,csv_age_53,csv_age_gender_long_v1,53,all,1695
1.0,census_2021_age_gender_csv,c0c1c2f211737129a8ec8f3db52442baf5ad0d85dd8f627e3f833314e9f9dabc,,2021-03-21,observed,csv_age_54,csv_age_gender_long_v1,54,male,854
1.0,census_2021_age_gender_csv,c0c1c2f211737129a8ec8f3db52442baf5ad0d85dd8f627e3f833314e9f9dabc,,2021-03-21,observed,csv_age_54,csv_age_gender_long_v1,54,female,863
1.0,census_2021_age_gender_csv,c0c1c2f211737129a8ec8f3db52442baf5ad0d85dd8f627e3f833314e9f9dabc,,2021-03-21,observed,csv_age_54,csv_age_gender_long_v1,54,all,1717
1.0,census_2021_age_gender_csv,c0c1c2f211737129a8ec8f3db52442baf5ad0d85dd8f627e3f833314e9f9dabc,,2021-03-21,observed,csv_age_55,csv_age_gender_long_v1,55,male,858
1.0,census_2021_age_gender_csv,c0c1c2f211737129a8ec8f3db52442baf5ad0d85dd8f627e3f833314e9f9dabc,,2021-03-21,observed,csv_age_55,csv_age_gender_long_v1,55,female,881
1.0,census_2021_age_gender_csv,c0c1c2f211737129a8ec8f3db52442baf5ad0d85dd8f627e3f833314e9f9dabc,,2021-03-21,observed,csv_age_55,csv_age_gender_long_v1,55,all,1739
1.0,census_2021_age_gender_csv,c0c1c2f211737129a8ec8f3db52442baf5ad0d85dd8f627e3f833314e9f9dabc,,2021-03-21,observed,csv_age_56,csv_age_gender_long_v1,56,male,875
1.0,census_2021_age_gender_csv,c0c1c2f211737129a8ec8f3db52442baf5ad0d85dd8f627e3f833314e9f9dabc,,2021-03-21,observed,csv_age_56,csv_age_gender_long_v1,56,female,844
1.0,census_2021_age_gender_csv,c0c1c2f211737129a8ec8f3db52442baf5ad0d85dd8f627e3f833314e9f9dabc,,2021-03-21,observed,csv_age_56,csv_age_gender_long_v1,56,all,1719
1.0,census_2021_age_gender_csv,c0c1c2f211737129a8ec8f3db52442baf5ad0d85dd8f627e3f833314e9f9dabc,,2021-03-21,observed,csv_age_57,csv_age_gender_long_v1,57,male,827
1.0,census_2021_age_gender_csv,c0c1c2f211737129a8ec8f3db52442baf5ad0d85dd8f627e3f833314e9f9dabc,,2021-03-21,observed,csv_age_57,csv_age_gender_long_v1,57,female,850
1.0,census_2021_age_gender_csv,c0c1c2f211737129a8ec8f3db52442baf5ad0d85dd8f627e3f833314e9f9dabc,,2021-03-21,observed,csv_age_57,csv_age_gender_long_v1,57,all,1677
1.0,census_2021_age_gender_csv,c0c1c2f211737129a8ec8f3db52442baf5ad0d85dd8f627e3f833314e9f9dabc,,2021-03-21,observed,csv_age_58,csv_age_gender_long_v1,58,male,790
1.0,census_2021_age_gender_csv,c0c1c2f211737129a8ec8f3db52442baf5ad0d85dd8f627e3f833314e9f9dabc,,2021-03-21,observed,csv_age_58,csv_age_gender_long_v1,58,female,784
1.0,census_2021_age_gender_csv,c0c1c2f211737129a8ec8f3db52442baf5ad0d85dd8f627e3f833314e9f9dabc,,2021-03-21,observed,csv_age_58,csv_age_gender_long_v1,58,all,1574
1.0,census_2021_age_gender_csv,c0c1c2f211737129a8ec8f3db52442baf5ad0d85dd8f627e3f833314e9f9dabc,,2021-03-21,observed,csv_age_59,csv_age_gender_long_v1,59,male,751
1.0,census_2021_age_gender_csv,c0c1c2f211737129a8ec8f3db52442baf5ad0d85dd8f627e3f833314e9f9dabc,,2021-03-21,observed,csv_age_59,csv_age_gender_long_v1,59,female,732
1.0,census_2021_age_gender_csv,c0c1c2f211737129a8ec8f3db52442baf5ad0d85dd8f627e3f833314e9f9dabc,,2021-03-21,observed,csv_age_59,csv_age_gender_long_v1,59,all,1483
1.0,census_2021_age_gender_csv,c0c1c2f211737129a8ec8f3db52442baf5ad0d85dd8f627e3f833314e9f9dabc,,2021-03-21,observed,csv_age_60,csv_age_gender_long_v1,60,male,724
1.0,census_2021_age_gender_csv,c0c1c2f211737129a8ec8f3db52442baf5ad0d85dd8f627e3f833314e9f9dabc,,2021-03-21,observed,csv_age_60,csv_age_gender_long_v1,60,female,695
1.0,census_2021_age_gender_csv,c0c1c2f211737129a8ec8f3db52442baf5ad0d85dd8f627e3f833314e9f9dabc,,2021-03-21,observed,csv_age_60,csv_age_gender_long_v1,60,all,1419
1.0,census_2021_age_gender_csv,c0c1c2f211737129a8ec8f3db52442baf5ad0d85dd8f627e3f833314e9f9dabc,,2021-03-21,observed,csv_age_61,csv_age_gender_long_v1,61,male,666
1.0,census_2021_age_gender_csv,c0c1c2f211737129a8ec8f3db52442baf5ad0d85dd8f627e3f833314e9f9dabc,,2021-03-21,observed,csv_age_61,csv_age_gender_long_v1,61,female,703
1.0,census_2021_age_gender_csv,c0c1c2f211737129a8ec8f3db52442baf5ad0d85dd8f627e3f833314e9f9dabc,,2021-03-21,observed,csv_age_61,csv_age_gender_long_v1,61,all,1369
1.0,census_2021_age_gender_csv,c0c1c2f211737129a8ec8f3db52442baf5ad0d85dd8f627e3f833314e9f9dabc,,2021-03-21,observed,csv_age_62,csv_age_gender_long_v1,62,male,660
1.0,census_2021_age_gender_csv,c0c1c2f211737129a8ec8f3db52442baf5ad0d85dd8f627e3f833314e9f9dabc,,2021-03-21,observed,csv_age_62,csv_age_gender_long_v1,62,female,716
1.0,census_2021_age_gender_csv,c0c1c2f211737129a8ec8f3db52442baf5ad0d85dd8f627e3f833314e9f9dabc,,2021-03-21,observed,csv_age_62,csv_age_gender_long_v1,62,all,1376
1.0,census_2021_age_gender_csv,c0c1c2f211737129a8ec8f3db52442baf5ad0d85dd8f627e3f833314e9f9dabc,,2021-03-21,observed,csv_age_63,csv_age_gender_long_v1,63,male,661
1.0,census_2021_age_gender_csv,c0c1c2f211737129a8ec8f3db52442baf5ad0d85dd8f627e3f833314e9f9dabc,,2021-03-21,observed,csv_age_63,csv_age_gender_long_v1,63,female,678
1.0,census_2021_age_gender_csv,c0c1c2f211737129a8ec8f3db52442baf5ad0d85dd8f627e3f833314e9f9dabc,,2021-03-21,observed,csv_age_63,csv_age_gender_long_v1,63,all,1339
1.0,census_2021_age_gender_csv,c0c1c2f211737129a8ec8f3db52442baf5ad0d85dd8f627e3f833314e9f9dabc,,2021-03-21,observed,csv_age_64,csv_age_gender_long_v1,64,male,583
1.0,census_2021_age_gender_csv,c0c1c2f211737129a8ec8f3db52442baf5ad0d85dd8f627e3f833314e9f9dabc,,2021-03-21,observed,csv_age_64,csv_age_gender_long_v1,64,female,621
1.0,census_2021_age_gender_csv,c0c1c2f211737129a8ec8f3db52442baf5ad0d85dd8f627e3f833314e9f9dabc,,2021-03-21,observed,csv_age_64,csv_age_gender_long_v1,64,all,1204
1.0,census_2021_age_gender_csv,c0c1c2f211737129a8ec8f3db52442baf5ad0d85dd8f627e3f833314e9f9dabc,,2021-03-21,observed,csv_age_65,csv_age_gender_long_v1,65,male,540
1.0,census_2021_age_gender_csv,c0c1c2f211737129a8ec8f3db52442baf5ad0d85dd8f627e3f833314e9f9dabc,,2021-03-21,observed,csv_age_65,csv_age_gender_long_v1,65,female,600
1.0,census_2021_age_gender_csv,c0c1c2f211737129a8ec8f3db52442baf5ad0d85dd8f627e3f833314e9f9dabc,,2021-03-21,observed,csv_age_65,csv_age_gender_long_v1,65,all,1140
1.0,census_2021_age_gender_csv,c0c1c2f211737129a8ec8f3db52442baf5ad0d85dd8f627e3f833314e9f9dabc,,2021-03-21,observed,csv_age_66,csv_age_gender_long_v1,66,male,511
1.0,census_2021_age_gender_csv,c0c1c2f211737129a8ec8f3db52442baf5ad0d85dd8f627e3f833314e9f9dabc,,2021-03-21,observed,csv_age_66,csv_age_gender_long_v1,66,female,545
1.0,census_2021_age_gender_csv,c0c1c2f211737129a8ec8f3db52442baf5ad0d85dd8f627e3f833314e9f9dabc,,2021-03-21,observed,csv_age_66,csv_age_gender_long_v1,66,all,1056
1.0,census_2021_age_gender_csv,c0c1c2f211737129a8ec8f3db52442baf5ad0d85dd8f627e3f833314e9f9dabc,,2021-03-21,observed,csv_age_67,csv_age_gender_long_v1,67,male,543
1.0,census_2021_age_gender_csv,c0c1c2f211737129a8ec8f3db52442baf5ad0d85dd8f627e3f833314e9f9dabc,,2021-03-21,observed,csv_age_67,csv_age_gender_long_v1,67,female,542
1.0,census_2021_age_gender_csv,c0c1c2f211737129a8ec8f3db52442baf5ad0d85dd8f627e3f833314e9f9dabc,,2021-03-21,observed,csv_age_67,csv_age_gender_long_v1,67,all,1085
1.0,census_2021_age_gender_csv,c0c1c2f211737129a8ec8f3db52442baf5ad0d85dd8f627e3f833314e9f9dabc,,2021-03-21,observed,csv_age_68,csv_age_gender_long_v1,68,male,458
1.0,census_2021_age_gender_csv,c0c1c2f211737129a8ec8f3db52442baf5ad0d85dd8f627e3f833314e9f9dabc,,2021-03-21,observed,csv_age_68,csv_age_gender_long_v1,68,female,537
1.0,census_2021_age_gender_csv,c0c1c2f211737129a8ec8f3db52442baf5ad0d85dd8f627e3f833314e9f9dabc,,2021-03-21,observed,csv_age_68,csv_age_gender_long_v1,68,all,995
1.0,census_2021_age_gender_csv,c0c1c2f211737129a8ec8f3db52442baf5ad0d85dd8f627e3f833314e9f9dabc,,2021-03-21,observed,csv_age_69,csv_age_gender_long_v1,69,male,495
1.0,census_2021_age_gender_csv,c0c1c2f211737129a8ec8f3db52442baf5ad0d85dd8f627e3f833314e9f9dabc,,2021-03-21,observed,csv_age_69,csv_age_gender_long_v1,69,female,523
1.0,census_2021_age_gender_csv,c0c1c2f211737129a8ec8f3db52442baf5ad0d85dd8f627e3f833314e9f9dabc,,2021-03-21,observed,csv_age_69,csv_age_gender_long_v1,69,all,1018
1.0,census_2021_age_gender_csv,c0c1c2f211737129a8ec8f3db52442baf5ad0d85dd8f627e3f833314e9f9dabc,,2021-03-21,observed,csv_age_70,csv_age_gender_long_v1,70,male,456
1.0,census_2021_age_gender_csv,c0c1c2f211737129a8ec8f3db52442baf5ad0d85dd8f627e3f833314e9f9dabc,,2021-03-21,observed,csv_age_70,csv_age_gender_long_v1,70,female,485
1.0,census_2021_age_gender_csv,c0c1c2f211737129a8ec8f3db52442baf5ad0d85dd8f627e3f833314e9f9dabc,,2021-03-21,observed,csv_age_70,csv_age_gender_long_v1,70,all,941
1.0,census_2021_age_gender_csv,c0c1c2f211737129a8ec8f3db52442baf5ad0d85dd8f627e3f833314e9f9dabc,,2021-03-21,observed,csv_age_71,csv_age_gender_long_v1,71,male,458
1.0,census_2021_age_gender_csv,c0c1c2f211737129a8ec8f3db52442baf5ad0d85dd8f627e3f833314e9f9dabc,,2021-03-21,observed,csv_age_71,csv_age_gender_long_v1,71,female,515
1.0,census_2021_age_gender_csv,c0c1c2f211737129a8ec8f3db52442baf5ad0d85dd8f627e3f833314e9f9dabc,,2021-03-21,observed,csv_age_71,csv_age_gender_long_v1,71,all,973
1.0,census_2021_age_gender_csv,c0c1c2f211737129a8ec8f3db52442baf5ad0d85dd8f627e3f833314e9f9dabc,,2021-03-21,observed,csv_age_72,csv_age_gender_long_v1,72,male,460
1.0,census_2021_age_gender_csv,c0c1c2f211737129a8ec8f3db52442baf5ad0d85dd8f627e3f833314e9f9dabc,,2021-03-21,observed,csv_age_72,csv_age_gender_long_v1,72,female,475
1.0,census_2021_age_gender_csv,c0c1c2f211737129a8ec8f3db52442baf5ad0d85dd8f627e3f833314e9f9dabc,,2021-03-21,observed,csv_age_72,csv_age_gender_long_v1,72,all,935
1.0,census_2021_age_gender_csv,c0c1c2f211737129a8ec8f3db52442baf5ad0d85dd8f627e3f833314e9f9dabc,,2021-03-21,observed,csv_age_73,csv_age_gender_long_v1,73,male,454
1.0,census_2021_age_gender_csv,c0c1c2f211737129a8ec8f3db52442baf5ad0d85dd8f627e3f833314e9f9dabc,,2021-03-21,observed,csv_age_73,csv_age_gender_long_v1,73,female,522
1.0,census_2021_age_gender_csv,c0c1c2f211737129a8ec8f3db52442baf5ad0d85dd8f627e3f833314e9f9dabc,,2021-03-21,observed,csv_age_73,csv_age_gender_long_v1,73,all,976
1.0,census_2021_age_gender_csv,c0c1c2f211737129a8ec8f3db52442baf5ad0d85dd8f627e3f833314e9f9dabc,,2021-03-21,observed,csv_age_74,csv_age_gender_long_v1,74,male,451
1.0,census_2021_age_gender_csv,c0c1c2f211737129a8ec8f3db52442baf5ad0d85dd8f627e3f833314e9f9dabc,,2021-03-21,observed,csv_age_74,csv_age_gender_long_v1,74,female,514
1.0,census_2021_age_gender_csv,c0c1c2f211737129a8ec8f3db52442baf5ad0d85dd8f627e3f833314e9f9dabc,,2021-03-21,observed,csv_age_74,csv_age_gender_long_v1,74,all,965
1.0,census_2021_age_gender_csv,c0c1c2f211737129a8ec8f3db52442baf5ad0d85dd8f627e3f833314e9f9dabc,,2021-03-21,observed,csv_age_75,csv_age_gender_long_v1,75,male,346
1.0,census_2021_age_gender_csv,c0c1c2f211737129a8ec8f3db52442baf5ad0d85dd8f627e3f833314e9f9dabc,,2021-03-21,observed,csv_age_75,csv_age_gender_long_v1,75,female,379
1.0,census_2021_age_gender_csv,c0c1c2f211737129a8ec8f3db52442baf5ad0d85dd8f627e3f833314e9f9dabc,,2021-03-21,observed,csv_age_75,csv_age_gender_long_v1,75,all,725
1.0,census_2021_age_gender_csv,c0c1c2f211737129a8ec8f3db52442baf5ad0d85dd8f627e3f833314e9f9dabc,,2021-03-21,observed,csv_age_76,csv_age_gender_long_v1,76,male,358
1.0,census_2021_age_gender_csv,c0c1c2f211737129a8ec8f3db52442baf5ad0d85dd8f627e3f833314e9f9dabc,,2021-03-21,observed,csv_age_76,csv_age_gender_long_v1,76,female,425
1.0,census_2021_age_gender_csv,c0c1c2f211737129a8ec8f3db52442baf5ad0d85dd8f627e3f833314e9f9dabc,,2021-03-21,observed,csv_age_76,csv_age_gender_long_v1,76,all,783
1.0,census_2021_age_gender_csv,c0c1c2f211737129a8ec8f3db52442baf5ad0d85dd8f627e3f833314e9f9dabc,,2021-03-21,observed,csv_age_77,csv_age_gender_long_v1,77,male,305
1.0,census_2021_age_gender_csv,c0c1c2f211737129a8ec8f3db52442baf5ad0d85dd8f627e3f833314e9f9dabc,,2021-03-21,observed,csv_age_77,csv_age_gender_long_v1,77,female,400
1.0,census_2021_age_gender_csv,c0c1c2f211737129a8ec8f3db52442baf5ad0d85dd8f627e3f833314e9f9dabc,,2021-03-21,observed,csv_age_77,csv_age_gender_long_v1,77,all,705
1.0,census_2021_age_gender_csv,c0c1c2f211737129a8ec8f3db52442baf5ad0d85dd8f627e3f833314e9f9dabc,,2021-03-21,observed,csv_age_78,csv_age_gender_long_v1,78,male,267
1.0,census_2021_age_gender_csv,c0c1c2f211737129a8ec8f3db52442baf5ad0d85dd8f627e3f833314e9f9dabc,,2021-03-21,observed,csv_age_78,csv_age_gender_long_v1,78,female,295
1.0,census_2021_age_gender_csv,c0c1c2f211737129a8ec8f3db52442baf5ad0d85dd8f627e3f833314e9f9dabc,,2021-03-21,observed,csv_age_78,csv_age_gender_long_v1,78,all,562
1.0,census_2021_age_gender_csv,c0c1c2f211737129a8ec8f3db52442baf5ad0d85dd8f627e3f833314e9f9dabc,,2021-03-21,observed,csv_age_79,csv_age_gender_long_v1,79,male,248
1.0,census_2021_age_gender_csv,c0c1c2f211737129a8ec8f3db52442baf5ad0d85dd8f627e3f833314e9f9dabc,,2021-03-21,observed,csv_age_79,csv_age_gender_long_v1,79,female,310
1.0,census_2021_age_gender_csv,c0c1c2f211737129a8ec8f3db52442baf5ad0d85dd8f627e3f833314e9f9dabc,,2021-03-21,observed,csv_age_79,csv_age_gender_long_v1,79,all,558
1.0,census_2021_age_gender_csv,c0c1c2f211737129a8ec8f3db52442baf5ad0d85dd8f627e3f833314e9f9dabc,,2021-03-21,observed,csv_age_80,csv_age_gender_long_v1,80,male,269
1.0,census_2021_age_gender_csv,c0c1c2f211737129a8ec8f3db52442baf5ad0d85dd8f627e3f833314e9f9dabc,,2021-03-21,observed,csv_age_80,csv_age_gender_long_v1,80,female,319
1.0,census_2021_age_gender_csv,c0c1c2f211737129a8ec8f3db52442baf5ad0d85dd8f627e3f833314e9f9dabc,,2021-03-21,observed,csv_age_80,csv_age_gender_long_v1,80,all,588
1.0,census_2021_age_gender_csv,c0c1c2f211737129a8ec8f3db52442baf5ad0d85dd8f627e3f833314e9f9dabc,,2021-03-21,observed,csv_age_81,csv_age_gender_long_v1,81,male,292
1.0,census_2021_age_gender_csv,c0c1c2f211737129a8ec8f3db52442baf5ad0d85dd8f627e3f833314e9f9dabc,,2021-03-21,observed,csv_age_81,csv_age_gender_long_v1,81,female,311
1.0,census_2021_age_gender_csv,c0c1c2f211737129a8ec8f3db52442baf5ad0d85dd8f627e3f833314e9f9dabc,,2021-03-21,observed,csv_age_81,csv_age_gender_long_v1,81,all,603
1.0,census_2021_age_gender_csv,c0c1c2f211737129a8ec8f3db52442baf5ad0d85dd8f627e3f833314e9f9dabc,,2021-03-21,observed,csv_age_82,csv_age_gender_long_v1,82,male,248
1.0,census_2021_age_gender_csv,c0c1c2f211737129a8ec8f3db52442baf5ad0d85dd8f627e3f833314e9f9dabc,,2021-03-21,observed,csv_age_82,csv_age_gender_long_v1,82,female,308
1.0,census_2021_age_gender_csv,c0c1c2f211737129a8ec8f3db52442baf5ad0d85dd8f627e3f833314e9f9dabc,,2021-03-21,observed,csv_age_82,csv_age_gender_long_v1,82,all,556
1.0,census_2021_age_gender_csv,c0c1c2f211737129a8ec8f3db52442baf5ad0d85dd8f627e3f833314e9f9dabc,,2021-03-21,observed,csv_age_83,csv_age_gender_long_v1,83,male,220
1.0,census_2021_age_gender_csv,c0c1c2f211737129a8ec8f3db52442baf5ad0d85dd8f627e3f833314e9f9dabc,,2021-03-21,observed,csv_age_83,csv_age_gender_long_v1,83,female,280
1.0,census_2021_age_gender_csv,c0c1c2f211737129a8ec8f3db52442baf5ad0d85dd8f627e3f833314e9f9dabc,,2021-03-21,observed,csv_age_83,csv_age_gender_long_v1,83,all,500
1.0,census_2021_age_gender_csv,c0c1c2f211737129a8ec8f3db52442baf5ad0d85dd8f627e3f833314e9f9dabc,,2021-03-21,observed,csv_age_84,csv_age_gender_long_v1,84,male,198
1.0,census_2021_age_gender_csv,c0c1c2f211737129a8ec8f3db52442baf5ad0d85dd8f627e3f833314e9f9dabc,,2021-03-21,observed,csv_age_84,csv_age_gender_long_v1,84,female,278
1.0,census_2021_age_gender_csv,c0c1c2f211737129a8ec8f3db52442baf5ad0d85dd8f627e3f833314e9f9dabc,,2021-03-21,observed,csv_age_84,csv_age_gender_long_v1,84,all,476
1.0,census_2021_age_gender_csv,c0c1c2f211737129a8ec8f3db52442baf5ad0d85dd8f627e3f833314e9f9dabc,,2021-03-21,observed,csv_age_85,csv_age_gender_long_v1,85,male,188
1.0,census_2021_age_gender_csv,c0c1c2f211737129a8ec8f3db52442baf5ad0d85dd8f627e3f833314e9f9dabc,,2021-03-21,observed,csv_age_85,csv_age_gender_long_v1,85,female,234
1.0,census_2021_age_gender_csv,c0c1c2f211737129a8ec8f3db52442baf5ad0d85dd8f627e3f833314e9f9dabc,,2021-03-21,observed,csv_age_85,csv_age_gender_long_v1,85,all,422
1.0,census_2021_age_gender_csv,c0c1c2f211737129a8ec8f3db52442baf5ad0d85dd8f627e3f833314e9f9dabc,,2021-03-21,observed,csv_age_86,csv_age_gender_long_v1,86,male,157
1.0,census_2021_age_gender_csv,c0c1c2f211737129a8ec8f3db52442baf5ad0d85dd8f627e3f833314e9f9dabc,,2021-03-21,observed,csv_age_86,csv_age_gender_long_v1,86,female,204
1.0,census_2021_age_gender_csv,c0c1c2f211737129a8ec8f3db52442baf5ad0d85dd8f627e3f833314e9f9dabc,,2021-03-21,observed,csv_age_86,csv_age_gender_long_v1,86,all,361
1.0,census_2021_age_gender_csv,c0c1c2f211737129a8ec8f3db52442baf5ad0d85dd8f627e3f833314e9f9dabc,,2021-03-21,observed,csv_age_87,csv_age_gender_long_v1,87,male,126
1.0,census_2021_age_gender_csv,c0c1c2f211737129a8ec8f3db52442baf5ad0d85dd8f627e3f833314e9f9dabc,,2021-03-21,observed,csv_age_87,csv_age_gender_long_v1,87,female,214
1.0,census_2021_age_gender_csv,c0c1c2f211737129a8ec8f3db52442baf5ad0d85dd8f627e3f833314e9f9dabc,,2021-03-21,observed,csv_age_87,csv_age_gender_long_v1,87,all,340
1.0,census_2021_age_gender_csv,c0c1c2f211737129a8ec8f3db52442baf5ad0d85dd8f627e3f833314e9f9dabc,,2021-03-21,observed,csv_age_88,csv_age_gender_long_v1,88,male,101
1.0,census_2021_age_gender_csv,c0c1c2f211737129a8ec8f3db52442baf5ad0d85dd8f627e3f833314e9f9dabc,,2021-03-21,observed,csv_age_88,csv_age_gender_long_v1,88,female,174
1.0,census_2021_age_gender_csv,c0c1c2f211737129a8ec8f3db52442baf5ad0d85dd8f627e3f833314e9f9dabc,,2021-03-21,observed,csv_age_88,csv_age_gender_long_v1,88,all,275
1.0,census_2021_age_gender_csv,c0c1c2f211737129a8ec8f3db52442baf5ad0d85dd8f627e3f833314e9f9dabc,,2021-03-21,observed,csv_age_89,csv_age_gender_long_v1,89,male,86
1.0,census_2021_age_gender_csv,c0c1c2f211737129a8ec8f3db52442baf5ad0d85dd8f627e3f833314e9f9dabc,,2021-03-21,observed,csv_age_89,csv_age_gender_long_v1,89,female,150
1.0,census_2021_age_gender_csv,c0c1c2f211737129a8ec8f3db52442baf5ad0d85dd8f627e3f833314e9f9dabc,,2021-03-21,observed,csv_age_89,csv_age_gender_long_v1,89,all,236
1.0,census_2021_age_gender_csv,c0c1c2f211737129a8ec8f3db52442baf5ad0d85dd8f627e3f833314e9f9dabc,,2021-03-21,observed,csv_age_90,csv_age_gender_long_v1,90,male,80
1.0,census_2021_age_gender_csv,c0c1c2f211737129a8ec8f3db52442baf5ad0d85dd8f627e3f833314e9f9dabc,,2021-03-21,observed,csv_age_90,csv_age_gender_long_v1,90,female,129
1.0,census_2021_age_gender_csv,c0c1c2f211737129a8ec8f3db52442baf5ad0d85dd8f627e3f833314e9f9dabc,,2021-03-21,observed,csv_age_90,csv_age_gender_long_v1,90,all,209
1.0,census_2021_age_gender_csv,c0c1c2f211737129a8ec8f3db52442baf5ad0d85dd8f627e3f833314e9f9dabc,,2021-03-21,observed,csv_age_91,csv_age_gender_long_v1,91,male,56
1.0,census_2021_age_gender_csv,c0c1c2f211737129a8ec8f3db52442baf5ad0d85dd8f627e3f833314e9f9dabc,,2021-03-21,observed,csv_age_91,csv_age_gender_long_v1,91,female,108
1.0,census_2021_age_gender_csv,c0c1c2f211737129a8ec8f3db52442baf5ad0d85dd8f627e3f833314e9f9dabc,,2021-03-21,observed,csv_age_91,csv_age_gender_long_v1,91,all,164
1.0,census_2021_age_gender_csv,c0c1c2f211737129a8ec8f3db52442baf5ad0d85dd8f627e3f833314e9f9dabc,,2021-03-21,observed,csv_age_92,csv_age_gender_long_v1,92,male,48
1.0,census_2021_age_gender_csv,c0c1c2f211737129a8ec8f3db52442baf5ad0d85dd8f627e3f833314e9f9dabc,,2021-03-21,observed,csv_age_92,csv_age_gender_long_v1,92,female,110
1.0,census_2021_age_gender_csv,c0c1c2f211737129a8ec8f3db52442baf5ad0d85dd8f627e3f833314e9f9dabc,,2021-03-21,observed,csv_age_92,csv_age_gender_long_v1,92,all,158
1.0,census_2021_age_gender_csv,c0c1c2f211737129a8ec8f3db52442baf5ad0d85dd8f627e3f833314e9f9dabc,,2021-03-21,observed,csv_age_93,csv_age_gender_long_v1,93,male,29
1.0,census_2021_age_gender_csv,c0c1c2f211737129a8ec8f3db52442baf5ad0d85dd8f627e3f833314e9f9dabc,,2021-03-21,observed,csv_age_93,csv_age_gender_long_v1,93,female,66
1.0,census_2021_age_gender_csv,c0c1c2f211737129a8ec8f3db52442baf5ad0d85dd8f627e3f833314e9f9dabc,,2021-03-21,observed,csv_age_93,csv_age_gender_long_v1,93,all,95
1.0,census_2021_age_gender_csv,c0c1c2f211737129a8ec8f3db52442baf5ad0d85dd8f627e3f833314e9f9dabc,,2021-03-21,observed,csv_age_94,csv_age_gender_long_v1,94,male,29
1.0,census_2021_age_gender_csv,c0c1c2f211737129a8ec8f3db52442baf5ad0d85dd8f627e3f833314e9f9dabc,,2021-03-21,observed,csv_age_94,csv_age_gender_long_v1,94,female,66
1.0,census_2021_age_gender_csv,c0c1c2f211737129a8ec8f3db52442baf5ad0d85dd8f627e3f833314e9f9dabc,,2021-03-21,observed,csv_age_94,csv_age_gender_long_v1,94,all,95
1.0,census_2021_age_gender_csv,c0c1c2f211737129a8ec8f3db52442baf5ad0d85dd8f627e3f833314e9f9dabc,,2021-03-21,observed,csv_age_95+,csv_age_gender_long_v1,95+,male,54
1.0,census_2021_age_gender_csv,c0c1c2f211737129a8ec8f3db52442baf5ad0d85dd8f627e3f833314e9f9dabc,,2021-03-21,observed,csv_age_95+,csv_age_gender_long_v1,95+,female,187
1.0,census_2021_age_gender_csv,c0c1c2f211737129a8ec8f3db52442baf5ad0d85dd8f627e3f833314e9f9dabc,,2021-03-21,observed,csv_age_95+,csv_age_gender_long_v1,95+,all,241
