schema_version,source_id,source_sha256,evidence_source_id,reference_period,observation_status,source_locator,transformation_id,date,value,unit,reporting_status,upper_bound
1.0,covid19_weekly_vaccination_csv,f6708113693c77fefb0d43f8a2551d6f6fcb2fc1db69a5b128087c64280a382a,,2021-03-14/2023-01-29,observed,csv_row_2021-03-14_col_EligiblePopulation,csv_covid_weekly_eligible_population_v1,2021-03-14,107800,persons,reported,
1.0,covid19_weekly_vaccination_csv,f6708113693c77fefb0d43f8a2551d6f6fcb2fc1db69a5b128087c64280a382a,,2021-03-14/2023-01-29,observed,csv_row_2021-03-21_col_EligiblePopulation,csv_covid_weekly_eligible_population_v1,2021-03-21,107800,persons,reported,
1.0,covid19_weekly_vaccination_csv,f6708113693c77fefb0d43f8a2551d6f6fcb2fc1db69a5b128087c64280a382a,,2021-03-14/2023-01-29,observed,csv_row_2021-03-28_col_EligiblePopulation,csv_covid_weekly_eligible_population_v1,2021-03-28,107800,persons,reported,
1.0,covid19_weekly_vaccination_csv,f6708113693c77fefb0d43f8a2551d6f6fcb2fc1db69a5b128087c64280a382a,,2021-03-14/2023-01-29,observed,csv_row_2021-04-04_col_EligiblePopulation,csv_covid_weekly_eligible_population_v1,2021-04-04,107800,persons,reported,
1.0,covid19_weekly_vaccination_csv,f6708113693c77fefb0d43f8a2551d6f6fcb2fc1db69a5b128087c64280a382a,,2021-03-14/2023-01-29,observed,csv_row_2021-04-11_col_EligiblePopulation,csv_covid_weekly_eligible_population_v1,2021-04-11,107800,persons,reported,
1.0,covid19_weekly_vaccination_csv,f6708113693c77fefb0d43f8a2551d6f6fcb2fc1db69a5b128087c64280a382a,,2021-03-14/2023-01-29,observed,csv_row_2021-04-18_col_EligiblePopulation,csv_covid_weekly_eligible_population_v1,2021-04-18,107800,persons,reported,
1.0,covid19_weekly_vaccination_csv,f6708113693c77fefb0d43f8a2551d6f6fcb2fc1db69a5b128087c64280a382a,,2021-03-14/2023-01-29,observed,csv_row_2021-04-25_col_EligiblePopulation,csv_covid_weekly_eligible_population_v1,2021-04-25,107800,persons,reported,
1.0,covid19_weekly_vaccination_csv,f6708113693c77fefb0d43f8a2551d6f6fcb2fc1db69a5b128087c64280a382a,,2021-03-14/2023-01-29,observed,csv_row_2021-05-02_col_EligiblePopulation,csv_covid_weekly_eligible_population_v1,2021-05-02,107800,persons,reported,
1.0,covid19_weekly_vaccination_csv,f6708113693c77fefb0d43f8a2551d6f6fcb2fc1db69a5b128087c64280a382a,,2021-03-14/2023-01-29,observed,csv_row_2021-05-12_col_EligiblePopulation,csv_covid_weekly_eligible_population_v1,2021-05-12,107800,persons,reported,
1.0,covid19_weekly_vaccination_csv,f6708113693c77fefb0d43f8a2551d6f6fcb2fc1db69a5b128087c64280a382a,,2021-03-14/2023-01-29,observed,csv_row_2021-05-16_col_EligiblePopulation,csv_covid_weekly_eligible_population_v1,2021-05-16,107800,persons,reported,
1.0,covid19_weekly_vaccination_csv,f6708113693c77fefb0d43f8a2551d6f6fcb2fc1db69a5b128087c64280a382a,,2021-03-14/2023-01-29,observed,csv_row_2021-05-19_col_EligiblePopulation,csv_covid_weekly_eligible_population_v1,2021-05-19,107800,persons,reported,
1.0,covid19_weekly_vaccination_csv,f6708113693c77fefb0d43f8a2551d6f6fcb2fc1db69a5b128087c64280a382a,,2021-03-14/2023-01-29,observed,csv_row_2021-05-23_col_EligiblePopulation,csv_covid_weekly_eligible_population_v1,2021-05-23,107800,persons,reported,
1.0,covid19_weekly_vaccination_csv,f6708113693c77fefb0d43f8a2551d6f6fcb2fc1db69a5b128087c64280a382a,,2021-03-14/2023-01-29,observed,csv_row_2021-05-26_col_EligiblePopulation,csv_covid_weekly_eligible_population_v1,2021-05-26,107800,persons,reported,
1.0,covid19_weekly_vaccination_csv,f6708113693c77fefb0d43f8a2551d6f6fcb2fc1db69a5b128087c64280a382a,,2021-03-14/2023-01-29,observed,csv_row_2021-05-30_col_EligiblePopulation,csv_covid_weekly_eligible_population_v1,2021-05-30,107800,persons,reported,
1.0,covid19_weekly_vaccination_csv,f6708113693c77fefb0d43f8a2551d6f6fcb2fc1db69a5b128087c64280a382a,,2021-03-14/2023-01-29,observed,csv_row_2021-06-02_col_EligiblePopulation,csv_covid_weekly_eligible_population_v1,2021-06-02,107800,persons,reported,
1.0,covid19_weekly_vaccination_csv,f6708113693c77fefb0d43f8a2551d6f6fcb2fc1db69a5b128087c64280a382a,,2021-03-14/2023-01-29,observed,csv_row_2021-06-06_col_EligiblePopulation,csv_covid_weekly_eligible_population_v1,2021-06-06,107800,persons,reported,
1.0,covid19_weekly_vaccination_csv,f6708113693c77fefb0d43f8a2551d6f6fcb2fc1db69a5b128087c64280a382a,,2021-03-14/2023-01-29,observed,csv_row_2021-06-09_col_EligiblePopulation,csv_covid_weekly_eligible_population_v1,2021-06-09,107800,persons,reported,
1.0,covid19_weekly_vaccination_csv,f6708113693c77fefb0d43f8a2551d6f6fcb2fc1db69a5b128087c64280a382a,,2021-03-14/2023-01-29,observed,csv_row_2021-06-13_col_EligiblePopulation,csv_covid_weekly_eligible_population_v1,2021-06-13,107800,persons,reported,
1.0,covid19_weekly_vaccination_csv,f6708113693c77fefb0d43f8a2551d6f6fcb2fc1db69a5b128087c64280a382a,,2021-03-14/2023-01-29,observed,csv_row_2021-06-16_col_EligiblePopulation,csv_covid_weekly_eligible_population_v1,2021-06-16,107800,persons,reported,
1.0,covid19_weekly_vaccination_csv,f6708113693c77fefb0d43f8a2551d6f6fcb2fc1db69a5b128087c64280a382a,,2021-03-14/2023-01-29,observed,csv_row_2021-06-20_col_EligiblePopulation,csv_covid_weekly_eligible_population_v1,2021-06-20,107800,persons,reported,
1.0,covid19_weekly_vaccination_csv,f6708113693c77fefb0d43f8a2551d6f6fcb2fc1db69a5b128087c64280a382a,,2021-03-14/2023-01-29,observed,csv_row_2021-06-23_col_EligiblePopulation,csv_covid_weekly_eligible_population_v1,2021-06-23,107800,persons,reported,
1.0,covid19_weekly_vaccination_csv,f6708113693c77fefb0d43f8a2551d6f6fcb2fc1db69a5b128087c64280a382a,,2021-03-14/2023-01-29,observed,csv_row_2021-06-27_col_EligiblePopulation,csv_covid_weekly_eligible_population_v1,2021-06-27,107800,persons,reported,
1.0,covid19_weekly_vaccination_csv,f6708113693c77fefb0d43f8a2551d6f6fcb2fc1db69a5b128087c64280a382a,,2021-03-14/2023-01-29,observed,csv_row_2021-07-04_col_EligiblePopulation,csv_covid_weekly_eligible_population_v1,2021-07-04,107800,persons,reported,
1.0,covid19_weekly_vaccination_csv,f6708113693c77fefb0d43f8a2551d6f6fcb2fc1db69a5b128087c64280a382a,,2021-03-14/2023-01-29,observed,csv_row_2021-07-07_col_EligiblePopulation,csv_covid_weekly_eligible_population_v1,2021-07-07,107800,persons,reported,
1.0,covid19_weekly_vaccination_csv,f6708113693c77fefb0d43f8a2551d6f6fcb2fc1db69a5b128087c64280a382a,,2021-03-14/2023-01-29,observed,csv_row_2021-07-11_col_EligiblePopulation,csv_covid_weekly_eligible_population_v1,2021-07-11,107800,persons,reported,
1.0,covid19_weekly_vaccination_csv,f6708113693c77fefb0d43f8a2551d6f6fcb2fc1db69a5b128087c64280a382a,,2021-03-14/2023-01-29,observed,csv_row_2021-07-14_col_EligiblePopulation,csv_covid_weekly_eligible_population_v1,2021-07-14,107800,persons,reported,
1.0,covid19_weekly_vaccination_csv,f6708113693c77fefb0d43f8a2551d6f6fcb2fc1db69a5b128087c64280a382a,,2021-03-14/2023-01-29,observed,csv_row_2021-07-18_col_EligiblePopulation,csv_covid_weekly_eligible_population_v1,2021-07-18,107800,persons,reported,
1.0,covid19_weekly_vaccination_csv,f6708113693c77fefb0d43f8a2551d6f6fcb2fc1db69a5b128087c64280a382a,,2021-03-14/2023-01-29,observed,csv_row_2021-07-21_col_EligiblePopulation,csv_covid_weekly_eligible_population_v1,2021-07-21,107800,persons,reported,
1.0,covid19_weekly_vaccination_csv,f6708113693c77fefb0d43f8a2551d6f6fcb2fc1db69a5b128087c64280a382a,,2021-03-14/2023-01-29,observed,csv_row_2021-07-25_col_EligiblePopulation,csv_covid_weekly_eligible_population_v1,2021-07-25,107800,persons,reported,
1.0,covid19_weekly_vaccination_csv,f6708113693c77fefb0d43f8a2551d6f6fcb2fc1db69a5b128087c64280a382a,,2021-03-14/2023-01-29,observed,csv_row_2021-07-28_col_EligiblePopulation,csv_covid_weekly_eligible_population_v1,2021-07-28,107800,persons,reported,
1.0,covid19_weekly_vaccination_csv,f6708113693c77fefb0d43f8a2551d6f6fcb2fc1db69a5b128087c64280a382a,,2021-03-14/2023-01-29,observed,csv_row_2021-08-01_col_EligiblePopulation,csv_covid_weekly_eligible_population_v1,2021-08-01,107800,persons,reported,
1.0,covid19_weekly_vaccination_csv,f6708113693c77fefb0d43f8a2551d6f6fcb2fc1db69a5b128087c64280a382a,,2021-03-14/2023-01-29,observed,csv_row_2021-08-04_col_EligiblePopulation,csv_covid_weekly_eligible_population_v1,2021-08-04,107800,persons,reported,
1.0,covid19_weekly_vaccination_csv,f6708113693c77fefb0d43f8a2551d6f6fcb2fc1db69a5b128087c64280a382a,,2021-03-14/2023-01-29,observed,csv_row_2021-08-08_col_EligiblePopulation,csv_covid_weekly_eligible_population_v1,2021-08-08,107800,persons,reported,
1.0,covid19_weekly_vaccination_csv,f6708113693c77fefb0d43f8a2551d6f6fcb2fc1db69a5b128087c64280a382a,,2021-03-14/2023-01-29,observed,csv_row_2021-08-11_col_EligiblePopulation,csv_covid_weekly_eligible_population_v1,2021-08-11,107800,persons,reported,
1.0,covid19_weekly_vaccination_csv,f6708113693c77fefb0d43f8a2551d6f6fcb2fc1db69a5b128087c64280a382a,,2021-03-14/2023-01-29,observed,csv_row_2021-08-15_col_EligiblePopulation,csv_covid_weekly_eligible_population_v1,2021-08-15,107800,persons,reported,
1.0,covid19_weekly_vaccination_csv,f6708113693c77fefb0d43f8a2551d6f6fcb2fc1db69a5b128087c64280a382a,,2021-03-14/2023-01-29,observed,csv_row_2021-08-18_col_EligiblePopulation,csv_covid_weekly_eligible_population_v1,2021-08-18,107800,persons,reported,
1.0,covid19_weekly_vaccination_csv,f6708113693c77fefb0d43f8a2551d6f6fcb2fc1db69a5b128087c64280a382a,,2021-03-14/2023-01-29,observed,csv_row_2021-08-22_col_EligiblePopulation,csv_covid_weekly_eligible_population_v1,2021-08-22,107800,persons,reported,
1.0,covid19_weekly_vaccination_csv,f6708113693c77fefb0d43f8a2551d6f6fcb2fc1db69a5b128087c64280a382a,,2021-03-14/2023-01-29,observed,csv_row_2021-08-29_col_EligiblePopulation,csv_covid_weekly_eligible_population_v1,2021-08-29,107800,persons,reported,
1.0,covid19_weekly_vaccination_csv,f6708113693c77fefb0d43f8a2551d6f6fcb2fc1db69a5b128087c64280a382a,,2021-03-14/2023-01-29,observed,csv_row_2021-09-01_col_EligiblePopulation,csv_covid_weekly_eligible_population_v1,2021-09-01,107800,persons,reported,
1.0,covid19_weekly_vaccination_csv,f6708113693c77fefb0d43f8a2551d6f6fcb2fc1db69a5b128087c64280a382a,,2021-03-14/2023-01-29,observed,csv_row_2021-09-05_col_EligiblePopulation,csv_covid_weekly_eligible_population_v1,2021-09-05,107800,persons,reported,
1.0,covid19_weekly_vaccination_csv,f6708113693c77fefb0d43f8a2551d6f6fcb2fc1db69a5b128087c64280a382a,,2021-03-14/2023-01-29,observed,csv_row_2021-09-08_col_EligiblePopulation,csv_covid_weekly_eligible_population_v1,2021-09-08,107800,persons,reported,
1.0,covid19_weekly_vaccination_csv,f6708113693c77fefb0d43f8a2551d6f6fcb2fc1db69a5b128087c64280a382a,,2021-03-14/2023-01-29,observed,csv_row_2021-09-12_col_EligiblePopulation,csv_covid_weekly_eligible_population_v1,2021-09-12,107800,persons,reported,
1.0,covid19_weekly_vaccination_csv,f6708113693c77fefb0d43f8a2551d6f6fcb2fc1db69a5b128087c64280a382a,,2021-03-14/2023-01-29,observed,csv_row_2021-09-15_col_EligiblePopulation,csv_covid_weekly_eligible_population_v1,2021-09-15,107800,persons,reported,
1.0,covid19_weekly_vaccination_csv,f6708113693c77fefb0d43f8a2551d6f6fcb2fc1db69a5b128087c64280a382a,,2021-03-14/2023-01-29,observed,csv_row_2021-09-19_col_EligiblePopulation,csv_covid_weekly_eligible_population_v1,2021-09-19,107800,persons,reported,
1.0,covid19_weekly_vaccination_csv,f6708113693c77fefb0d43f8a2551d6f6fcb2fc1db69a5b128087c64280a382a,,2021-03-14/2023-01-29,observed,csv_row_2021-09-22_col_EligiblePopulation,csv_covid_weekly_eligible_population_v1,2021-09-22,107800,persons,reported,
1.0,covid19_weekly_vaccination_csv,f6708113693c77fefb0d43f8a2551d6f6fcb2fc1db69a5b128087c64280a382a,,2021-03-14/2023-01-29,observed,csv_row_2021-09-26_col_EligiblePopulation,csv_covid_weekly_eligible_population_v1,2021-09-26,107800,persons,reported,
1.0,covid19_weekly_vaccination_csv,f6708113693c77fefb0d43f8a2551d6f6fcb2fc1db69a5b128087c64280a382a,,2021-03-14/2023-01-29,observed,csv_row_2021-09-29_col_EligiblePopulation,csv_covid_weekly_eligible_population_v1,2021-09-29,107800,persons,reported,
1.0,covid19_weekly_vaccination_csv,f6708113693c77fefb0d43f8a2551d6f6fcb2fc1db69a5b128087c64280a382a,,2021-03-14/2023-01-29,observed,csv_row_2021-10-03_col_EligiblePopulation,csv_covid_weekly_eligible_population_v1,2021-10-03,107800,persons,reported,
1.0,covid19_weekly_vaccination_csv,f6708113693c77fefb0d43f8a2551d6f6fcb2fc1db69a5b128087c64280a382a,,2021-03-14/2023-01-29,observed,csv_row_2021-10-06_col_EligiblePopulation,csv_covid_weekly_eligible_population_v1,2021-10-06,107800,persons,reported,
1.0,covid19_weekly_vaccination_csv,f6708113693c77fefb0d43f8a2551d6f6fcb2fc1db69a5b128087c64280a382a,,2021-03-14/2023-01-29,observed,csv_row_2021-10-13_col_EligiblePopulation,csv_covid_weekly_eligible_population_v1,2021-10-13,107800,persons,reported,
1.0,covid19_weekly_vaccination_csv,f6708113693c77fefb0d43f8a2551d6f6fcb2fc1db69a5b128087c64280a382a,,2021-03-14/2023-01-29,observed,csv_row_2021-10-17_col_EligiblePopulation,csv_covid_weekly_eligible_population_v1,2021-10-17,107800,persons,reported,
1.0,covid19_weekly_vaccination_csv,f6708113693c77fefb0d43f8a2551d6f6fcb2fc1db69a5b128087c64280a382a,,2021-03-14/2023-01-29,observed,csv_row_2021-10-20_col_EligiblePopulation,csv_covid_weekly_eligible_population_v1,2021-10-20,107800,persons,reported,
1.0,covid19_weekly_vaccination_csv,f6708113693c77fefb0d43f8a2551d6f6fcb2fc1db69a5b128087c64280a382a,,2021-03-14/2023-01-29,observed,csv_row_2021-10-24_col_EligiblePopulation,csv_covid_weekly_eligible_population_v1,2021-10-24,107800,persons,reported,
1.0,covid19_weekly_vaccination_csv,f6708113693c77fefb0d43f8a2551d6f6fcb2fc1db69a5b128087c64280a382a,,2021-03-14/2023-01-29,observed,csv_row_2021-10-27_col_EligiblePopulation,csv_covid_weekly_eligible_population_v1,2021-10-27,107800,persons,reported,
1.0,covid19_weekly_vaccination_csv,f6708113693c77fefb0d43f8a2551d6f6fcb2fc1db69a5b128087c64280a382a,,2021-03-14/2023-01-29,observed,csv_row_2021-10-31_col_EligiblePopulation,csv_covid_weekly_eligible_population_v1,2021-10-31,107800,persons,reported,
1.0,covid19_weekly_vaccination_csv,f6708113693c77fefb0d43f8a2551d6f6fcb2fc1db69a5b128087c64280a382a,,2021-03-14/2023-01-29,observed,csv_row_2021-11-03_col_EligiblePopulation,csv_covid_weekly_eligible_population_v1,2021-11-03,107800,persons,reported,
1.0,covid19_weekly_vaccination_csv,f6708113693c77fefb0d43f8a2551d6f6fcb2fc1db69a5b128087c64280a382a,,2021-03-14/2023-01-29,observed,csv_row_2021-11-07_col_EligiblePopulation,csv_covid_weekly_eligible_population_v1,2021-11-07,107800,persons,reported,
1.0,covid19_weekly_vaccination_csv,f6708113693c77fefb0d43f8a2551d6f6fcb2fc1db69a5b128087c64280a382a,,2021-03-14/2023-01-29,observed,csv_row_2021-11-10_col_EligiblePopulation,csv_covid_weekly_eligible_population_v1,2021-11-10,107800,persons,reported,
1.0,covid19_weekly_vaccination_csv,f6708113693c77fefb0d43f8a2551d6f6fcb2fc1db69a5b128087c64280a382a,,2021-03-14/2023-01-29,observed,csv_row_2021-11-14_col_EligiblePopulation,csv_covid_weekly_eligible_population_v1,2021-11-14,107800,persons,reported,
1.0,covid19_weekly_vaccination_csv,f6708113693c77fefb0d43f8a2551d6f6fcb2fc1db69a5b128087c64280a382a,,2021-03-14/2023-01-29,observed,csv_row_2021-11-17_col_EligiblePopulation,csv_covid_weekly_eligible_population_v1,2021-11-17,107800,persons,reported,
1.0,covid19_weekly_vaccination_csv,f6708113693c77fefb0d43f8a2551d6f6fcb2fc1db69a5b128087c64280a382a,,2021-03-14/2023-01-29,observed,csv_row_2021-11-21_col_EligiblePopulation,csv_covid_weekly_eligible_population_v1,2021-11-21,107800,persons,reported,
1.0,covid19_weekly_vaccination_csv,f6708113693c77fefb0d43f8a2551d6f6fcb2fc1db69a5b128087c64280a382a,,2021-03-14/2023-01-29,observed,csv_row_2021-11-24_col_EligiblePopulation,csv_covid_weekly_eligible_population_v1,2021-11-24,107800,persons,reported,
1.0,covid19_weekly_vaccination_csv,f6708113693c77fefb0d43f8a2551d6f6fcb2fc1db69a5b128087c64280a382a,,2021-03-14/2023-01-29,observed,csv_row_2021-11-28_col_EligiblePopulation,csv_covid_weekly_eligible_population_v1,2021-11-28,107800,persons,reported,
1.0,covid19_weekly_vaccination_csv,f6708113693c77fefb0d43f8a2551d6f6fcb2fc1db69a5b128087c64280a382a,,2021-03-14/2023-01-29,observed,csv_row_2021-12-01_col_EligiblePopulation,csv_covid_weekly_eligible_population_v1,2021-12-01,107800,persons,reported,
1.0,covid19_weekly_vaccination_csv,f6708113693c77fefb0d43f8a2551d6f6fcb2fc1db69a5b128087c64280a382a,,2021-03-14/2023-01-29,observed,csv_row_2021-12-05_col_EligiblePopulation,csv_covid_weekly_eligible_population_v1,2021-12-05,107800,persons,reported,
1.0,covid19_weekly_vaccination_csv,f6708113693c77fefb0d43f8a2551d6f6fcb2fc1db69a5b128087c64280a382a,,2021-03-14/2023-01-29,observed,csv_row_2021-12-08_col_EligiblePopulation,csv_covid_weekly_eligible_population_v1,2021-12-08,107800,persons,reported,
1.0,covid19_weekly_vaccination_csv,f6708113693c77fefb0d43f8a2551d6f6fcb2fc1db69a5b128087c64280a382a,,2021-03-14/2023-01-29,observed,csv_row_2021-12-12_col_EligiblePopulation,csv_covid_weekly_eligible_population_v1,2021-12-12,107800,persons,reported,
1.0,covid19_weekly_vaccination_csv,f6708113693c77fefb0d43f8a2551d6f6fcb2fc1db69a5b128087c64280a382a,,2021-03-14/2023-01-29,observed,csv_row_2021-12-15_col_EligiblePopulation,csv_covid_weekly_eligible_population_v1,2021-12-15,107800,persons,reported,
1.0,covid19_weekly_vaccination_csv,f6708113693c77fefb0d43f8a2551d6f6fcb2fc1db69a5b128087c64280a382a,,2021-03-14/2023-01-29,observed,csv_row_2021-12-19_col_EligiblePopulation,csv_covid_weekly_eligible_population_v1,2021-12-19,107800,persons,reported,
1.0,covid19_weekly_vaccination_csv,f6708113693c77fefb0d43f8a2551d6f6fcb2fc1db69a5b128087c64280a382a,,2021-03-14/2023-01-29,observed,csv_row_2021-12-26_col_EligiblePopulation,csv_covid_weekly_eligible_population_v1,2021-12-26,107800,persons,reported,
1.0,covid19_weekly_vaccination_csv,f6708113693c77fefb0d43f8a2551d6f6fcb2fc1db69a5b128087c64280a382a,,2021-03-14/2023-01-29,observed,csv_row_2021-12-29_col_EligiblePopulation,csv_covid_weekly_eligible_population_v1,2021-12-29,107800,persons,reported,
1.0,covid19_weekly_vaccination_csv,f6708113693c77fefb0d43f8a2551d6f6fcb2fc1db69a5b128087c64280a382a,,2021-03-14/2023-01-29,observed,csv_row_2022-01-02_col_EligiblePopulation,csv_covid_weekly_eligible_population_v1,2022-01-02,107800,persons,reported,
1.0,covid19_weekly_vaccination_csv,f6708113693c77fefb0d43f8a2551d6f6fcb2fc1db69a5b128087c64280a382a,,2021-03-14/2023-01-29,observed,csv_row_2022-01-05_col_EligiblePopulation,csv_covid_weekly_eligible_population_v1,2022-01-05,107800,persons,reported,
1.0,covid19_weekly_vaccination_csv,f6708113693c77fefb0d43f8a2551d6f6fcb2fc1db69a5b128087c64280a382a,,2021-03-14/2023-01-29,observed,csv_row_2022-01-09_col_EligiblePopulation,csv_covid_weekly_eligible_population_v1,2022-01-09,107800,persons,reported,
1.0,covid19_weekly_vaccination_csv,f6708113693c77fefb0d43f8a2551d6f6fcb2fc1db69a5b128087c64280a382a,,2021-03-14/2023-01-29,observed,csv_row_2022-01-12_col_EligiblePopulation,csv_covid_weekly_eligible_population_v1,2022-01-12,107800,persons,reported,
1.0,covid19_weekly_vaccination_csv,f6708113693c77fefb0d43f8a2551d6f6fcb2fc1db69a5b128087c64280a382a,,2021-03-14/2023-01-29,observed,csv_row_2022-01-16_col_EligiblePopulation,csv_covid_weekly_eligible_population_v1,2022-01-16,107800,persons,reported,
1.0,covid19_weekly_vaccination_csv,f6708113693c77fefb0d43f8a2551d6f6fcb2fc1db69a5b128087c64280a382a,,2021-03-14/2023-01-29,observed,csv_row_2022-01-19_col_EligiblePopulation,csv_covid_weekly_eligible_population_v1,2022-01-19,107800,persons,reported,
1.0,covid19_weekly_vaccination_csv,f6708113693c77fefb0d43f8a2551d6f6fcb2fc1db69a5b128087c64280a382a,,2021-03-14/2023-01-29,observed,csv_row_2022-01-23_col_EligiblePopulation,csv_covid_weekly_eligible_population_v1,2022-01-23,107800,persons,reported,
1.0,covid19_weekly_vaccination_csv,f6708113693c77fefb0d43f8a2551d6f6fcb2fc1db69a5b128087c64280a382a,,2021-03-14/2023-01-29,observed,csv_row_2022-01-26_col_EligiblePopulation,csv_covid_weekly_eligible_population_v1,2022-01-26,107800,persons,reported,
1.0,covid19_weekly_vaccination_csv,f6708113693c77fefb0d43f8a2551d6f6fcb2fc1db69a5b128087c64280a382a,,2021-03-14/2023-01-29,observed,csv_row_2022-01-30_col_EligiblePopulation,csv_covid_weekly_eligible_population_v1,2022-01-30,107800,persons,reported,
1.0,covid19_weekly_vaccination_csv,f6708113693c77fefb0d43f8a2551d6f6fcb2fc1db69a5b128087c64280a382a,,2021-03-14/2023-01-29,observed,csv_row_2022-02-06_col_EligiblePopulation,csv_covid_weekly_eligible_population_v1,2022-02-06,107800,persons,reported,
1.0,covid19_weekly_vaccination_csv,f6708113693c77fefb0d43f8a2551d6f6fcb2fc1db69a5b128087c64280a382a,,2021-03-14/2023-01-29,observed,csv_row_2022-02-13_col_EligiblePopulation,csv_covid_weekly_eligible_population_v1,2022-02-13,107800,persons,reported,
1.0,covid19_weekly_vaccination_csv,f6708113693c77fefb0d43f8a2551d6f6fcb2fc1db69a5b128087c64280a382a,,2021-03-14/2023-01-29,observed,csv_row_2022-02-24_col_EligiblePopulation,csv_covid_weekly_eligible_population_v1,2022-02-24,107800,persons,reported,
1.0,covid19_weekly_vaccination_csv,f6708113693c77fefb0d43f8a2551d6f6fcb2fc1db69a5b128087c64280a382a,,2021-03-14/2023-01-29,observed,csv_row_2022-02-27_col_EligiblePopulation,csv_covid_weekly_eligible_population_v1,2022-02-27,107800,persons,reported,
1.0,covid19_weekly_vaccination_csv,f6708113693c77fefb0d43f8a2551d6f6fcb2fc1db69a5b128087c64280a382a,,2021-03-14/2023-01-29,observed,csv_row_2022-03-06_col_EligiblePopulation,csv_covid_weekly_eligible_population_v1,2022-03-06,107800,persons,reported,
1.0,covid19_weekly_vaccination_csv,f6708113693c77fefb0d43f8a2551d6f6fcb2fc1db69a5b128087c64280a382a,,2021-03-14/2023-01-29,observed,csv_row_2022-03-13_col_EligiblePopulation,csv_covid_weekly_eligible_population_v1,2022-03-13,107800,persons,reported,
1.0,covid19_weekly_vaccination_csv,f6708113693c77fefb0d43f8a2551d6f6fcb2fc1db69a5b128087c64280a382a,,2021-03-14/2023-01-29,observed,csv_row_2022-03-20_col_EligiblePopulation,csv_covid_weekly_eligible_population_v1,2022-03-20,107800,persons,reported,
1.0,covid19_weekly_vaccination_csv,f6708113693c77fefb0d43f8a2551d6f6fcb2fc1db69a5b128087c64280a382a,,2021-03-14/2023-01-29,observed,csv_row_2022-03-27_col_EligiblePopulation,csv_covid_weekly_eligible_population_v1,2022-03-27,107800,persons,reported,
1.0,covid19_weekly_vaccination_csv,f6708113693c77fefb0d43f8a2551d6f6fcb2fc1db69a5b128087c64280a382a,,2021-03-14/2023-01-29,observed,csv_row_2022-04-03_col_EligiblePopulation,csv_covid_weekly_eligible_population_v1,2022-04-03,107800,persons,reported,
1.0,covid19_weekly_vaccination_csv,f6708113693c77fefb0d43f8a2551d6f6fcb2fc1db69a5b128087c64280a382a,,2021-03-14/2023-01-29,observed,csv_row_2022-04-10_col_EligiblePopulation,csv_covid_weekly_eligible_population_v1,2022-04-10,107800,persons,reported,
1.0,covid19_weekly_vaccination_csv,f6708113693c77fefb0d43f8a2551d6f6fcb2fc1db69a5b128087c64280a382a,,2021-03-14/2023-01-29,observed,csv_row_2022-04-17_col_EligiblePopulation,csv_covid_weekly_eligible_population_v1,2022-04-17,107800,persons,reported,
1.0,covid19_weekly_vaccination_csv,f6708113693c77fefb0d43f8a2551d6f6fcb2fc1db69a5b128087c64280a382a,,2021-03-14/2023-01-29,observed,csv_row_2022-04-24_col_EligiblePopulation,csv_covid_weekly_eligible_population_v1,2022-04-24,107800,persons,reported,
1.0,covid19_weekly_vaccination_csv,f6708113693c77fefb0d43f8a2551d6f6fcb2fc1db69a5b128087c64280a382a,,2021-03-14/2023-01-29,observed,csv_row_2022-05-01_col_EligiblePopulation,csv_covid_weekly_eligible_population_v1,2022-05-01,107800,persons,reported,
1.0,covid19_weekly_vaccination_csv,f6708113693c77fefb0d43f8a2551d6f6fcb2fc1db69a5b128087c64280a382a,,2021-03-14/2023-01-29,observed,csv_row_2022-05-08_col_EligiblePopulation,csv_covid_weekly_eligible_population_v1,2022-05-08,107800,persons,reported,
1.0,covid19_weekly_vaccination_csv,f6708113693c77fefb0d43f8a2551d6f6fcb2fc1db69a5b128087c64280a382a,,2021-03-14/2023-01-29,observed,csv_row_2022-05-15_col_EligiblePopulation,csv_covid_weekly_eligible_population_v1,2022-05-15,107800,persons,reported,
1.0,covid19_weekly_vaccination_csv,f6708113693c77fefb0d43f8a2551d6f6fcb2fc1db69a5b128087c64280a382a,,2021-03-14/2023-01-29,observed,csv_row_2022-05-22_col_EligiblePopulation,csv_covid_weekly_eligible_population_v1,2022-05-22,107800,persons,reported,
1.0,covid19_weekly_vaccination_csv,f6708113693c77fefb0d43f8a2551d6f6fcb2fc1db69a5b128087c64280a382a,,2021-03-14/2023-01-29,observed,csv_row_2022-05-29_col_EligiblePopulation,csv_covid_weekly_eligible_population_v1,2022-05-29,107800,persons,reported,
1.0,covid19_weekly_vaccination_csv,f6708113693c77fefb0d43f8a2551d6f6fcb2fc1db69a5b128087c64280a382a,,2021-03-14/2023-01-29,observed,csv_row_2022-06-05_col_EligiblePopulation,csv_covid_weekly_eligible_population_v1,2022-06-05,107800,persons,reported,
1.0,covid19_weekly_vaccination_csv,f6708113693c77fefb0d43f8a2551d6f6fcb2fc1db69a5b128087c64280a382a,,2021-03-14/2023-01-29,observed,csv_row_2022-06-12_col_EligiblePopulation,csv_covid_weekly_eligible_population_v1,2022-06-12,107800,persons,reported,
1.0,covid19_weekly_vaccination_csv,f6708113693c77fefb0d43f8a2551d6f6fcb2fc1db69a5b128087c64280a382a,,2021-03-14/2023-01-29,observed,csv_row_2022-06-19_col_EligiblePopulation,csv_covid_weekly_eligible_population_v1,2022-06-19,107800,persons,reported,
1.0,covid19_weekly_vaccination_csv,f6708113693c77fefb0d43f8a2551d6f6fcb2fc1db69a5b128087c64280a382a,,2021-03-14/2023-01-29,observed,csv_row_2022-06-26_col_EligiblePopulation,csv_covid_weekly_eligible_population_v1,2022-06-26,107800,persons,reported,
1.0,covid19_weekly_vaccination_csv,f6708113693c77fefb0d43f8a2551d6f6fcb2fc1db69a5b128087c64280a382a,,2021-03-14/2023-01-29,observed,csv_row_2022-07-03_col_EligiblePopulation,csv_covid_weekly_eligible_population_v1,2022-07-03,107800,persons,reported,
1.0,covid19_weekly_vaccination_csv,f6708113693c77fefb0d43f8a2551d6f6fcb2fc1db69a5b128087c64280a382a,,2021-03-14/2023-01-29,observed,csv_row_2022-07-10_col_EligiblePopulation,csv_covid_weekly_eligible_population_v1,2022-07-10,107800,persons,reported,
1.0,covid19_weekly_vaccination_csv,f6708113693c77fefb0d43f8a2551d6f6fcb2fc1db69a5b128087c64280a382a,,2021-03-14/2023-01-29,observed,csv_row_2022-07-17_col_EligiblePopulation,csv_covid_weekly_eligible_population_v1,2022-07-17,107800,persons,reported,
1.0,covid19_weekly_vaccination_csv,f6708113693c77fefb0d43f8a2551d6f6fcb2fc1db69a5b128087c64280a382a,,2021-03-14/2023-01-29,observed,csv_row_2022-07-24_col_EligiblePopulation,csv_covid_weekly_eligible_population_v1,2022-07-24,107800,persons,reported,
1.0,covid19_weekly_vaccination_csv,f6708113693c77fefb0d43f8a2551d6f6fcb2fc1db69a5b128087c64280a382a,,2021-03-14/2023-01-29,observed,csv_row_2022-07-31_col_EligiblePopulation,csv_covid_weekly_eligible_population_v1,2022-07-31,107800,persons,reported,
1.0,covid19_weekly_vaccination_csv,f6708113693c77fefb0d43f8a2551d6f6fcb2fc1db69a5b128087c64280a382a,,2021-03-14/2023-01-29,observed,csv_row_2022-08-07_col_EligiblePopulation,csv_covid_weekly_eligible_population_v1,2022-08-07,107800,persons,reported,
1.0,covid19_weekly_vaccination_csv,f6708113693c77fefb0d43f8a2551d6f6fcb2fc1db69a5b128087c64280a382a,,2021-03-14/2023-01-29,observed,csv_row_2022-08-14_col_EligiblePopulation,csv_covid_weekly_eligible_population_v1,2022-08-14,107800,persons,reported,
1.0,covid19_weekly_vaccination_csv,f6708113693c77fefb0d43f8a2551d6f6fcb2fc1db69a5b128087c64280a382a,,2021-03-14/2023-01-29,observed,csv_row_2022-08-21_col_EligiblePopulation,csv_covid_weekly_eligible_population_v1,2022-08-21,107800,persons,reported,
1.0,covid19_weekly_vaccination_csv,f6708113693c77fefb0d43f8a2551d6f6fcb2fc1db69a5b128087c64280a382a,,2021-03-14/2023-01-29,observed,csv_row_2022-08-28_col_EligiblePopulation,csv_covid_weekly_eligible_population_v1,2022-08-28,107800,persons,reported,
1.0,covid19_weekly_vaccination_csv,f6708113693c77fefb0d43f8a2551d6f6fcb2fc1db69a5b128087c64280a382a,,2021-03-14/2023-01-29,observed,csv_row_2022-09-04_col_EligiblePopulation,csv_covid_weekly_eligible_population_v1,2022-09-04,107800,persons,reported,
1.0,covid19_weekly_vaccination_csv,f6708113693c77fefb0d43f8a2551d6f6fcb2fc1db69a5b128087c64280a382a,,2021-03-14/2023-01-29,observed,csv_row_2022-09-11_col_EligiblePopulation,csv_covid_weekly_eligible_population_v1,2022-09-11,107800,persons,reported,
1.0,covid19_weekly_vaccination_csv,f6708113693c77fefb0d43f8a2551d6f6fcb2fc1db69a5b128087c64280a382a,,2021-03-14/2023-01-29,observed,csv_row_2022-09-18_col_EligiblePopulation,csv_covid_weekly_eligible_population_v1,2022-09-18,107800,persons,reported,
1.0,covid19_weekly_vaccination_csv,f6708113693c77fefb0d43f8a2551d6f6fcb2fc1db69a5b128087c64280a382a,,2021-03-14/2023-01-29,observed,csv_row_2022-09-25_col_EligiblePopulation,csv_covid_weekly_eligible_population_v1,2022-09-25,107800,persons,reported,
1.0,covid19_weekly_vaccination_csv,f6708113693c77fefb0d43f8a2551d6f6fcb2fc1db69a5b128087c64280a382a,,2021-03-14/2023-01-29,observed,csv_row_2022-10-02_col_EligiblePopulation,csv_covid_weekly_eligible_population_v1,2022-10-02,107800,persons,reported,
1.0,covid19_weekly_vaccination_csv,f6708113693c77fefb0d43f8a2551d6f6fcb2fc1db69a5b128087c64280a382a,,2021-03-14/2023-01-29,observed,csv_row_2022-10-09_col_EligiblePopulation,csv_covid_weekly_eligible_population_v1,2022-10-09,107800,persons,reported,
1.0,covid19_weekly_vaccination_csv,f6708113693c77fefb0d43f8a2551d6f6fcb2fc1db69a5b128087c64280a382a,,2021-03-14/2023-01-29,observed,csv_row_2022-10-16_col_EligiblePopulation,csv_covid_weekly_eligible_population_v1,2022-10-16,107800,persons,reported,
1.0,covid19_weekly_vaccination_csv,f6708113693c77fefb0d43f8a2551d6f6fcb2fc1db69a5b128087c64280a382a,,2021-03-14/2023-01-29,observed,csv_row_2022-10-23_col_EligiblePopulation,csv_covid_weekly_eligible_population_v1,2022-10-23,107800,persons,reported,
1.0,covid19_weekly_vaccination_csv,f6708113693c77fefb0d43f8a2551d6f6fcb2fc1db69a5b128087c64280a382a,,2021-03-14/2023-01-29,observed,csv_row_2022-10-30_col_EligiblePopulation,csv_covid_weekly_eligible_population_v1,2022-10-30,107800,persons,reported,
1.0,covid19_weekly_vaccination_csv,f6708113693c77fefb0d43f8a2551d6f6fcb2fc1db69a5b128087c64280a382a,,2021-03-14/2023-01-29,observed,csv_row_2022-11-06_col_EligiblePopulation,csv_covid_weekly_eligible_population_v1,2022-11-06,107800,persons,reported,
1.0,covid19_weekly_vaccination_csv,f6708113693c77fefb0d43f8a2551d6f6fcb2fc1db69a5b128087c64280a382a,,2021-03-14/2023-01-29,observed,csv_row_2022-11-13_col_EligiblePopulation,csv_covid_weekly_eligible_population_v1,2022-11-13,107800,persons,reported,
1.0,covid19_weekly_vaccination_csv,f6708113693c77fefb0d43f8a2551d6f6fcb2fc1db69a5b128087c64280a382a,,2021-03-14/2023-01-29,observed,csv_row_2022-11-20_col_EligiblePopulation,csv_covid_weekly_eligible_population_v1,2022-11-20,107800,persons,reported,
1.0,covid19_weekly_vaccination_csv,f6708113693c77fefb0d43f8a2551d6f6fcb2fc1db69a5b128087c64280a382a,,2021-03-14/2023-01-29,observed,csv_row_2022-11-27_col_EligiblePopulation,csv_covid_weekly_eligible_population_v1,2022-11-27,107800,persons,reported,
1.0,covid19_weekly_vaccination_csv,f6708113693c77fefb0d43f8a2551d6f6fcb2fc1db69a5b128087c64280a382a,,2021-03-14/2023-01-29,observed,csv_row_2022-12-04_col_EligiblePopulation,csv_covid_weekly_eligible_population_v1,2022-12-04,107800,persons,reported,
1.0,covid19_weekly_vaccination_csv,f6708113693c77fefb0d43f8a2551d6f6fcb2fc1db69a5b128087c64280a382a,,2021-03-14/2023-01-29,observed,csv_row_2022-12-11_col_EligiblePopulation,csv_covid_weekly_eligible_population_v1,2022-12-11,107800,persons,reported,
1.0,covid19_weekly_vaccination_csv,f6708113693c77fefb0d43f8a2551d6f6fcb2fc1db69a5b128087c64280a382a,,2021-03-14/2023-01-29,observed,csv_row_2022-12-18_col_EligiblePopulation,csv_covid_weekly_eligible_population_v1,2022-12-18,107800,persons,reported,
1.0,covid19_weekly_vaccination_csv,f6708113693c77fefb0d43f8a2551d6f6fcb2fc1db69a5b128087c64280a382a,,2021-03-14/2023-01-29,observed,csv_row_2022-12-25_col_EligiblePopulation,csv_covid_weekly_eligible_population_v1,2022-12-25,107800,persons,reported,
1.0,covid19_weekly_vaccination_csv,f6708113693c77fefb0d43f8a2551d6f6fcb2fc1db69a5b128087c64280a382a,,2021-03-14/2023-01-29,observed,csv_row_2023-01-01_col_EligiblePopulation,csv_covid_weekly_eligible_population_v1,2023-01-01,107800,persons,reported,
1.0,covid19_weekly_vaccination_csv,f6708113693c77fefb0d43f8a2551d6f6fcb2fc1db69a5b128087c64280a382a,,2021-03-14/2023-01-29,observed,csv_row_2023-01-08_col_EligiblePopulation,csv_covid_weekly_eligible_population_v1,2023-01-08,107800,persons,reported,
1.0,covid19_weekly_vaccination_csv,f6708113693c77fefb0d43f8a2551d6f6fcb2fc1db69a5b128087c64280a382a,,2021-03-14/2023-01-29,observed,csv_row_2023-01-15_col_EligiblePopulation,csv_covid_weekly_eligible_population_v1,2023-01-15,107800,persons,reported,
1.0,covid19_weekly_vaccination_csv,f6708113693c77fefb0d43f8a2551d6f6fcb2fc1db69a5b128087c64280a382a,,2021-03-14/2023-01-29,observed,csv_row_2023-01-22_col_EligiblePopulation,csv_covid_weekly_eligible_population_v1,2023-01-22,107800,persons,reported,
1.0,covid19_weekly_vaccination_csv,f6708113693c77fefb0d43f8a2551d6f6fcb2fc1db69a5b128087c64280a382a,,2021-03-14/2023-01-29,observed,csv_row_2023-01-29_col_EligiblePopulation,csv_covid_weekly_eligible_population_v1,2023-01-29,107800,persons,reported,
