schema_version,source_id,source_sha256,evidence_source_id,reference_period,observation_status,source_locator,transformation_id,measure,sector,sex,value,unit
1.0,census_2021_industry_sex_csv,fa5771d6a2b5ab80e8764d20596d3d0cf1f5b66b2da02dac82e00bd208850dbb,,2021-03-21,observed,csv_agriculture_and_fishing_male,csv_industry_sex_long_v1,resident_workers,Agriculture and fishing,male,735,people
1.0,census_2021_industry_sex_csv,fa5771d6a2b5ab80e8764d20596d3d0cf1f5b66b2da02dac82e00bd208850dbb,,2021-03-21,observed,csv_agriculture_and_fishing_female,csv_industry_sex_long_v1,resident_workers,Agriculture and fishing,female,326,people
1.0,census_2021_industry_sex_csv,fa5771d6a2b5ab80e8764d20596d3d0cf1f5b66b2da02dac82e00bd208850dbb,,2021-03-21,observed,csv_agriculture_and_fishing_all,csv_industry_sex_long_v1,resident_workers,Agriculture and fishing,all,1061,people
1.0,census_2021_industry_sex_csv,fa5771d6a2b5ab80e8764d20596d3d0cf1f5b66b2da02dac82e00bd208850dbb,,2021-03-21,observed,csv_manufacturing_male,csv_industry_sex_long_v1,resident_workers,Manufacturing,male,603,people
1.0,census_2021_industry_sex_csv,fa5771d6a2b5ab80e8764d20596d3d0cf1f5b66b2da02dac82e00bd208850dbb,,2021-03-21,observed,csv_manufacturing_female,csv_industry_sex_long_v1,resident_workers,Manufacturing,female,239,people
1.0,census_2021_industry_sex_csv,fa5771d6a2b5ab80e8764d20596d3d0cf1f5b66b2da02dac82e00bd208850dbb,,2021-03-21,observed,csv_manufacturing_all,csv_industry_sex_long_v1,resident_workers,Manufacturing,all,842,people
1.0,census_2021_industry_sex_csv,fa5771d6a2b5ab80e8764d20596d3d0cf1f5b66b2da02dac82e00bd208850dbb,,2021-03-21,observed,csv_construction_and_quarrying_male,csv_industry_sex_long_v1,resident_workers,Construction and quarrying,male,6009,people
1.0,census_2021_industry_sex_csv,fa5771d6a2b5ab80e8764d20596d3d0cf1f5b66b2da02dac82e00bd208850dbb,,2021-03-21,observed,csv_construction_and_quarrying_female,csv_industry_sex_long_v1,resident_workers,Construction and quarrying,female,449,people
1.0,census_2021_industry_sex_csv,fa5771d6a2b5ab80e8764d20596d3d0cf1f5b66b2da02dac82e00bd208850dbb,,2021-03-21,observed,csv_construction_and_quarrying_all,csv_industry_sex_long_v1,resident_workers,Construction and quarrying,all,6458,people
1.0,census_2021_industry_sex_csv,fa5771d6a2b5ab80e8764d20596d3d0cf1f5b66b2da02dac82e00bd208850dbb,,2021-03-21,observed,csv_utilities_and_waste_male,csv_industry_sex_long_v1,resident_workers,Utilities and waste,male,661,people
1.0,census_2021_industry_sex_csv,fa5771d6a2b5ab80e8764d20596d3d0cf1f5b66b2da02dac82e00bd208850dbb,,2021-03-21,observed,csv_utilities_and_waste_female,csv_industry_sex_long_v1,resident_workers,Utilities and waste,female,122,people
1.0,census_2021_industry_sex_csv,fa5771d6a2b5ab80e8764d20596d3d0cf1f5b66b2da02dac82e00bd208850dbb,,2021-03-21,observed,csv_utilities_and_waste_all,csv_industry_sex_long_v1,resident_workers,Utilities and waste,all,783,people
1.0,census_2021_industry_sex_csv,fa5771d6a2b5ab80e8764d20596d3d0cf1f5b66b2da02dac82e00bd208850dbb,,2021-03-21,observed,csv_wholesale_and_retail_male,csv_industry_sex_long_v1,resident_workers,Wholesale and retail,male,3602,people
1.0,census_2021_industry_sex_csv,fa5771d6a2b5ab80e8764d20596d3d0cf1f5b66b2da02dac82e00bd208850dbb,,2021-03-21,observed,csv_wholesale_and_retail_female,csv_industry_sex_long_v1,resident_workers,Wholesale and retail,female,3200,people
1.0,census_2021_industry_sex_csv,fa5771d6a2b5ab80e8764d20596d3d0cf1f5b66b2da02dac82e00bd208850dbb,,2021-03-21,observed,csv_wholesale_and_retail_all,csv_industry_sex_long_v1,resident_workers,Wholesale and retail,all,6802,people
1.0,census_2021_industry_sex_csv,fa5771d6a2b5ab80e8764d20596d3d0cf1f5b66b2da02dac82e00bd208850dbb,,2021-03-21,observed,csv_hotels_restaurants_and_bars_male,csv_industry_sex_long_v1,resident_workers,"Hotels, restaurants, and bars",male,2100,people
1.0,census_2021_industry_sex_csv,fa5771d6a2b5ab80e8764d20596d3d0cf1f5b66b2da02dac82e00bd208850dbb,,2021-03-21,observed,csv_hotels_restaurants_and_bars_female,csv_industry_sex_long_v1,resident_workers,"Hotels, restaurants, and bars",female,1617,people
1.0,census_2021_industry_sex_csv,fa5771d6a2b5ab80e8764d20596d3d0cf1f5b66b2da02dac82e00bd208850dbb,,2021-03-21,observed,csv_hotels_restaurants_and_bars_all,csv_industry_sex_long_v1,resident_workers,"Hotels, restaurants, and bars",all,3717,people
1.0,census_2021_industry_sex_csv,fa5771d6a2b5ab80e8764d20596d3d0cf1f5b66b2da02dac82e00bd208850dbb,,2021-03-21,observed,csv_transport_and_storage_male,csv_industry_sex_long_v1,resident_workers,Transport and storage,male,1495,people
1.0,census_2021_industry_sex_csv,fa5771d6a2b5ab80e8764d20596d3d0cf1f5b66b2da02dac82e00bd208850dbb,,2021-03-21,observed,csv_transport_and_storage_female,csv_industry_sex_long_v1,resident_workers,Transport and storage,female,379,people
1.0,census_2021_industry_sex_csv,fa5771d6a2b5ab80e8764d20596d3d0cf1f5b66b2da02dac82e00bd208850dbb,,2021-03-21,observed,csv_transport_and_storage_all,csv_industry_sex_long_v1,resident_workers,Transport and storage,all,1874,people
1.0,census_2021_industry_sex_csv,fa5771d6a2b5ab80e8764d20596d3d0cf1f5b66b2da02dac82e00bd208850dbb,,2021-03-21,observed,csv_information_and_communication_male,csv_industry_sex_long_v1,resident_workers,Information and communication,male,1366,people
1.0,census_2021_industry_sex_csv,fa5771d6a2b5ab80e8764d20596d3d0cf1f5b66b2da02dac82e00bd208850dbb,,2021-03-21,observed,csv_information_and_communication_female,csv_industry_sex_long_v1,resident_workers,Information and communication,female,474,people
1.0,census_2021_industry_sex_csv,fa5771d6a2b5ab80e8764d20596d3d0cf1f5b66b2da02dac82e00bd208850dbb,,2021-03-21,observed,csv_information_and_communication_all,csv_industry_sex_long_v1,resident_workers,Information and communication,all,1840,people
1.0,census_2021_industry_sex_csv,fa5771d6a2b5ab80e8764d20596d3d0cf1f5b66b2da02dac82e00bd208850dbb,,2021-03-21,observed,csv_financial_and_legal_services_male,csv_industry_sex_long_v1,resident_workers,Financial and legal services,male,5983,people
1.0,census_2021_industry_sex_csv,fa5771d6a2b5ab80e8764d20596d3d0cf1f5b66b2da02dac82e00bd208850dbb,,2021-03-21,observed,csv_financial_and_legal_services_female,csv_industry_sex_long_v1,resident_workers,Financial and legal services,female,7050,people
1.0,census_2021_industry_sex_csv,fa5771d6a2b5ab80e8764d20596d3d0cf1f5b66b2da02dac82e00bd208850dbb,,2021-03-21,observed,csv_financial_and_legal_services_all,csv_industry_sex_long_v1,resident_workers,Financial and legal services,all,13033,people
1.0,census_2021_industry_sex_csv,fa5771d6a2b5ab80e8764d20596d3d0cf1f5b66b2da02dac82e00bd208850dbb,,2021-03-21,observed,csv_miscellaneous_business_activities_male,csv_industry_sex_long_v1,resident_workers,Miscellaneous business activities,male,3141,people
1.0,census_2021_industry_sex_csv,fa5771d6a2b5ab80e8764d20596d3d0cf1f5b66b2da02dac82e00bd208850dbb,,2021-03-21,observed,csv_miscellaneous_business_activities_female,csv_industry_sex_long_v1,resident_workers,Miscellaneous business activities,female,2318,people
1.0,census_2021_industry_sex_csv,fa5771d6a2b5ab80e8764d20596d3d0cf1f5b66b2da02dac82e00bd208850dbb,,2021-03-21,observed,csv_miscellaneous_business_activities_all,csv_industry_sex_long_v1,resident_workers,Miscellaneous business activities,all,5459,people
1.0,census_2021_industry_sex_csv,fa5771d6a2b5ab80e8764d20596d3d0cf1f5b66b2da02dac82e00bd208850dbb,,2021-03-21,observed,csv_education_health_and_other_services_male,csv_industry_sex_long_v1,resident_workers,"Education, health, and other services",male,4700,people
1.0,census_2021_industry_sex_csv,fa5771d6a2b5ab80e8764d20596d3d0cf1f5b66b2da02dac82e00bd208850dbb,,2021-03-21,observed,csv_education_health_and_other_services_female,csv_industry_sex_long_v1,resident_workers,"Education, health, and other services",female,10769,people
1.0,census_2021_industry_sex_csv,fa5771d6a2b5ab80e8764d20596d3d0cf1f5b66b2da02dac82e00bd208850dbb,,2021-03-21,observed,csv_education_health_and_other_services_all,csv_industry_sex_long_v1,resident_workers,"Education, health, and other services",all,15469,people
1.0,census_2021_industry_sex_csv,fa5771d6a2b5ab80e8764d20596d3d0cf1f5b66b2da02dac82e00bd208850dbb,,2021-03-21,observed,csv_all_male,csv_industry_sex_long_v1,resident_workers,All,male,30395,people
1.0,census_2021_industry_sex_csv,fa5771d6a2b5ab80e8764d20596d3d0cf1f5b66b2da02dac82e00bd208850dbb,,2021-03-21,observed,csv_all_female,csv_industry_sex_long_v1,resident_workers,All,female,26943,people
1.0,census_2021_industry_sex_csv,fa5771d6a2b5ab80e8764d20596d3d0cf1f5b66b2da02dac82e00bd208850dbb,,2021-03-21,observed,csv_all_all,csv_industry_sex_long_v1,resident_workers,All,all,57338,people
1.0,labour_market_june_2025_manual_fixture,f2254ce92420ec96c9cc27b2282c0528a0a551c8a8db390720870cec305dca27,labour_market_june_2025_pdf,2025-06,observed,pdf_page_13,manual_pdf_transcription_v1,jobs,Agriculture and fishing,,1200,jobs
1.0,labour_market_june_2025_manual_fixture,f2254ce92420ec96c9cc27b2282c0528a0a551c8a8db390720870cec305dca27,labour_market_june_2025_pdf,2025-06,observed,pdf_page_13,manual_pdf_transcription_v1,jobs,Manufacturing,,940,jobs
1.0,labour_market_june_2025_manual_fixture,f2254ce92420ec96c9cc27b2282c0528a0a551c8a8db390720870cec305dca27,labour_market_june_2025_pdf,2025-06,observed,pdf_page_13,manual_pdf_transcription_v1,jobs,Construction and quarrying,,6130,jobs
1.0,labour_market_june_2025_manual_fixture,f2254ce92420ec96c9cc27b2282c0528a0a551c8a8db390720870cec305dca27,labour_market_june_2025_pdf,2025-06,observed,pdf_page_13,manual_pdf_transcription_v1,jobs,Utilities and waste,,800,jobs
1.0,labour_market_june_2025_manual_fixture,f2254ce92420ec96c9cc27b2282c0528a0a551c8a8db390720870cec305dca27,labour_market_june_2025_pdf,2025-06,observed,pdf_page_13,manual_pdf_transcription_v1,jobs,Wholesale and retail,,6780,jobs
1.0,labour_market_june_2025_manual_fixture,f2254ce92420ec96c9cc27b2282c0528a0a551c8a8db390720870cec305dca27,labour_market_june_2025_pdf,2025-06,observed,pdf_page_13,manual_pdf_transcription_v1,jobs,Hotels restaurants and bars,,6020,jobs
1.0,labour_market_june_2025_manual_fixture,f2254ce92420ec96c9cc27b2282c0528a0a551c8a8db390720870cec305dca27,labour_market_june_2025_pdf,2025-06,observed,pdf_page_13,manual_pdf_transcription_v1,jobs,Transport and storage,,2160,jobs
1.0,labour_market_june_2025_manual_fixture,f2254ce92420ec96c9cc27b2282c0528a0a551c8a8db390720870cec305dca27,labour_market_june_2025_pdf,2025-06,observed,pdf_page_13,manual_pdf_transcription_v1,jobs,Information and communication,,1740,jobs
1.0,labour_market_june_2025_manual_fixture,f2254ce92420ec96c9cc27b2282c0528a0a551c8a8db390720870cec305dca27,labour_market_june_2025_pdf,2025-06,observed,pdf_page_13,manual_pdf_transcription_v1,jobs,Financial and legal activities,,13900,jobs
1.0,labour_market_june_2025_manual_fixture,f2254ce92420ec96c9cc27b2282c0528a0a551c8a8db390720870cec305dca27,labour_market_june_2025_pdf,2025-06,observed,pdf_page_13,manual_pdf_transcription_v1,jobs,Miscellaneous business activities,,6330,jobs
1.0,labour_market_june_2025_manual_fixture,f2254ce92420ec96c9cc27b2282c0528a0a551c8a8db390720870cec305dca27,labour_market_june_2025_pdf,2025-06,observed,pdf_page_13,manual_pdf_transcription_v1,jobs,Private education health and other services,,9360,jobs
1.0,labour_market_june_2025_manual_fixture,f2254ce92420ec96c9cc27b2282c0528a0a551c8a8db390720870cec305dca27,labour_market_june_2025_pdf,2025-06,observed,pdf_page_13,manual_pdf_transcription_v1,jobs,Private sector,,55370,jobs
