schema_version,source_id,source_sha256,evidence_source_id,reference_period,observation_status,source_locator,transformation_id,measure,category,subcategory,value,unit
1.0,census_2021_report_manual_fixture,7a1e567cccc81a3814ef1020ad954e6caf51fe980066937917bdfb8d6b16af05,census_2021_report_pdf,2021-03-21,observed,pdf_page_37,manual_pdf_transcription_v1,occupied_private_dwellings,report_control,,44583,dwellings
1.0,census_2021_report_manual_fixture,7a1e567cccc81a3814ef1020ad954e6caf51fe980066937917bdfb8d6b16af05,census_2021_report_pdf,2021-03-21,observed,pdf_page_37,manual_pdf_transcription_v1,persons_in_private_dwellings,report_control,,101188,people
1.0,census_2021_report_manual_fixture,7a1e567cccc81a3814ef1020ad954e6caf51fe980066937917bdfb8d6b16af05,census_2021_report_pdf,2021-03-21,observed,pdf_page_37,manual_pdf_transcription_v1,mean_persons_per_private_dwelling,report_control,,2.27,persons_per_dwelling
1.0,census_2021_report_manual_fixture,7a1e567cccc81a3814ef1020ad954e6caf51fe980066937917bdfb8d6b16af05,census_2021_report_pdf,2021-03-21,observed,pdf_page_37,manual_pdf_transcription_v1,mean_bedrooms_per_private_dwelling,report_control,,2.47,bedrooms_per_dwelling
1.0,census_2021_report_manual_fixture,7a1e567cccc81a3814ef1020ad954e6caf51fe980066937917bdfb8d6b16af05,census_2021_report_pdf,2021-03-21,observed,pdf_page_9,manual_pdf_transcription_v1,overcrowded_households,report_control,,4,percent
1.0,census_2021_report_manual_fixture,7a1e567cccc81a3814ef1020ad954e6caf51fe980066937917bdfb8d6b16af05,census_2021_report_pdf,2021-03-21,observed,pdf_page_9,manual_pdf_transcription_v1,under_occupied_households,report_control,,26.4,percent
1.0,census_2021_report_manual_fixture,7a1e567cccc81a3814ef1020ad954e6caf51fe980066937917bdfb8d6b16af05,census_2021_report_pdf,2021-03-21,observed,pdf_page_9,manual_pdf_transcription_v1,occupied_dwellings_that_are_houses,report_control,,55,percent
1.0,census_2021_report_manual_fixture,7a1e567cccc81a3814ef1020ad954e6caf51fe980066937917bdfb8d6b16af05,census_2021_report_pdf,2021-03-21,observed,pdf_page_9,manual_pdf_transcription_v1,occupied_dwellings_that_are_flats,report_control,,44,percent
1.0,census_2021_report_manual_fixture,7a1e567cccc81a3814ef1020ad954e6caf51fe980066937917bdfb8d6b16af05,census_2021_report_pdf,2021-03-21,observed,pdf_page_78,manual_pdf_transcription_v1,households_without_car_or_van,report_control,,16,percent
1.0,census_2021_report_manual_fixture,7a1e567cccc81a3814ef1020ad954e6caf51fe980066937917bdfb8d6b16af05,census_2021_report_pdf,2021-03-21,observed,pdf_page_78,manual_pdf_transcription_v1,st_helier_households_without_car_or_van,report_control,St Helier,30,percent
1.0,census_2021_household_type_tenure_csv,5404e3ccb551b5e27b4bd5edf1f628f9e52bf733cd495150746ecd7b6b059e66,,2021-03-21,observed,csv_single_adult_owner_occupied,csv_household_tenure_long_v1,households,household_type,Single adult | Owner Occupied,2780,households
1.0,census_2021_household_type_tenure_csv,5404e3ccb551b5e27b4bd5edf1f628f9e52bf733cd495150746ecd7b6b059e66,,2021-03-21,observed,csv_single_adult_social_rental,csv_household_tenure_long_v1,households,household_type,Single adult | Social Rental,1120,households
1.0,census_2021_household_type_tenure_csv,5404e3ccb551b5e27b4bd5edf1f628f9e52bf733cd495150746ecd7b6b059e66,,2021-03-21,observed,csv_single_adult_qualified_rental,csv_household_tenure_long_v1,households,household_type,Single adult | Qualified Rental,3070,households
1.0,census_2021_household_type_tenure_csv,5404e3ccb551b5e27b4bd5edf1f628f9e52bf733cd495150746ecd7b6b059e66,,2021-03-21,observed,csv_single_adult_staff_or_service_accom,csv_household_tenure_long_v1,households,household_type,Single adult | Staff or service accom.,440,households
1.0,census_2021_household_type_tenure_csv,5404e3ccb551b5e27b4bd5edf1f628f9e52bf733cd495150746ecd7b6b059e66,,2021-03-21,observed,csv_single_adult_registered_lodging_house,csv_household_tenure_long_v1,households,household_type,Single adult | Registered lodging house,330,households
1.0,census_2021_household_type_tenure_csv,5404e3ccb551b5e27b4bd5edf1f628f9e52bf733cd495150746ecd7b6b059e66,,2021-03-21,observed,csv_single_adult_private_lodging,csv_household_tenure_long_v1,households,household_type,Single adult | Private lodging,330,households
1.0,census_2021_household_type_tenure_csv,5404e3ccb551b5e27b4bd5edf1f628f9e52bf733cd495150746ecd7b6b059e66,,2021-03-21,observed,csv_single_adult_other_non_qualified_accom,csv_household_tenure_long_v1,households,household_type,Single adult | Other non-qualified accom.,530,households
1.0,census_2021_household_type_tenure_csv,5404e3ccb551b5e27b4bd5edf1f628f9e52bf733cd495150746ecd7b6b059e66,,2021-03-21,observed,csv_couple_adult_owner_occupied,csv_household_tenure_long_v1,households,household_type,Couple (adult) | Owner Occupied,3710,households
1.0,census_2021_household_type_tenure_csv,5404e3ccb551b5e27b4bd5edf1f628f9e52bf733cd495150746ecd7b6b059e66,,2021-03-21,observed,csv_couple_adult_social_rental,csv_household_tenure_long_v1,households,household_type,Couple (adult) | Social Rental,230,households
1.0,census_2021_household_type_tenure_csv,5404e3ccb551b5e27b4bd5edf1f628f9e52bf733cd495150746ecd7b6b059e66,,2021-03-21,observed,csv_couple_adult_qualified_rental,csv_household_tenure_long_v1,households,household_type,Couple (adult) | Qualified Rental,2070,households
1.0,census_2021_household_type_tenure_csv,5404e3ccb551b5e27b4bd5edf1f628f9e52bf733cd495150746ecd7b6b059e66,,2021-03-21,observed,csv_couple_adult_staff_or_service_accom,csv_household_tenure_long_v1,households,household_type,Couple (adult) | Staff or service accom.,210,households
1.0,census_2021_household_type_tenure_csv,5404e3ccb551b5e27b4bd5edf1f628f9e52bf733cd495150746ecd7b6b059e66,,2021-03-21,observed,csv_couple_adult_registered_lodging_house,csv_household_tenure_long_v1,households,household_type,Couple (adult) | Registered lodging house,140,households
1.0,census_2021_household_type_tenure_csv,5404e3ccb551b5e27b4bd5edf1f628f9e52bf733cd495150746ecd7b6b059e66,,2021-03-21,observed,csv_couple_adult_private_lodging,csv_household_tenure_long_v1,households,household_type,Couple (adult) | Private lodging,180,households
1.0,census_2021_household_type_tenure_csv,5404e3ccb551b5e27b4bd5edf1f628f9e52bf733cd495150746ecd7b6b059e66,,2021-03-21,observed,csv_couple_adult_other_non_qualified_accom,csv_household_tenure_long_v1,households,household_type,Couple (adult) | Other non-qualified accom.,340,households
1.0,census_2021_household_type_tenure_csv,5404e3ccb551b5e27b4bd5edf1f628f9e52bf733cd495150746ecd7b6b059e66,,2021-03-21,observed,csv_single_parent_with_dependent_children_owner_occupied,csv_household_tenure_long_v1,households,household_type,Single parent (with dependent children) | Owner Occupied,380,households
1.0,census_2021_household_type_tenure_csv,5404e3ccb551b5e27b4bd5edf1f628f9e52bf733cd495150746ecd7b6b059e66,,2021-03-21,observed,csv_single_parent_with_dependent_children_social_rental,csv_household_tenure_long_v1,households,household_type,Single parent (with dependent children) | Social Rental,700,households
1.0,census_2021_household_type_tenure_csv,5404e3ccb551b5e27b4bd5edf1f628f9e52bf733cd495150746ecd7b6b059e66,,2021-03-21,observed,csv_single_parent_with_dependent_children_qualified_rental,csv_household_tenure_long_v1,households,household_type,Single parent (with dependent children) | Qualified Rental,490,households
1.0,census_2021_household_type_tenure_csv,5404e3ccb551b5e27b4bd5edf1f628f9e52bf733cd495150746ecd7b6b059e66,,2021-03-21,observed,csv_single_parent_with_dependent_children_staff_or_service_accom,csv_household_tenure_long_v1,households,household_type,Single parent (with dependent children) | Staff or service accom.,10,households
1.0,census_2021_household_type_tenure_csv,5404e3ccb551b5e27b4bd5edf1f628f9e52bf733cd495150746ecd7b6b059e66,,2021-03-21,observed,csv_single_parent_with_dependent_children_registered_lodging_house,csv_household_tenure_long_v1,households,household_type,Single parent (with dependent children) | Registered lodging house,20,households
1.0,census_2021_household_type_tenure_csv,5404e3ccb551b5e27b4bd5edf1f628f9e52bf733cd495150746ecd7b6b059e66,,2021-03-21,observed,csv_single_parent_with_dependent_children_private_lodging,csv_household_tenure_long_v1,households,household_type,Single parent (with dependent children) | Private lodging,30,households
1.0,census_2021_household_type_tenure_csv,5404e3ccb551b5e27b4bd5edf1f628f9e52bf733cd495150746ecd7b6b059e66,,2021-03-21,observed,csv_single_parent_with_dependent_children_other_non_qualified_accom,csv_household_tenure_long_v1,households,household_type,Single parent (with dependent children) | Other non-qualified accom.,60,households
1.0,census_2021_household_type_tenure_csv,5404e3ccb551b5e27b4bd5edf1f628f9e52bf733cd495150746ecd7b6b059e66,,2021-03-21,observed,csv_single_parent_all_children_16_years_or_above_owner_occupied,csv_household_tenure_long_v1,households,household_type,Single parent (all children 16 years or above) | Owner Occupied,930,households
1.0,census_2021_household_type_tenure_csv,5404e3ccb551b5e27b4bd5edf1f628f9e52bf733cd495150746ecd7b6b059e66,,2021-03-21,observed,csv_single_parent_all_children_16_years_or_above_social_rental,csv_household_tenure_long_v1,households,household_type,Single parent (all children 16 years or above) | Social Rental,580,households
1.0,census_2021_household_type_tenure_csv,5404e3ccb551b5e27b4bd5edf1f628f9e52bf733cd495150746ecd7b6b059e66,,2021-03-21,observed,csv_single_parent_all_children_16_years_or_above_qualified_rental,csv_household_tenure_long_v1,households,household_type,Single parent (all children 16 years or above) | Qualified Rental,390,households
1.0,census_2021_household_type_tenure_csv,5404e3ccb551b5e27b4bd5edf1f628f9e52bf733cd495150746ecd7b6b059e66,,2021-03-21,observed,csv_single_parent_all_children_16_years_or_above_staff_or_service_accom,csv_household_tenure_long_v1,households,household_type,Single parent (all children 16 years or above) | Staff or service accom.,20,households
1.0,census_2021_household_type_tenure_csv,5404e3ccb551b5e27b4bd5edf1f628f9e52bf733cd495150746ecd7b6b059e66,,2021-03-21,observed,csv_single_parent_all_children_16_years_or_above_registered_lodging_house,csv_household_tenure_long_v1,households,household_type,Single parent (all children 16 years or above) | Registered lodging house,10,households
1.0,census_2021_household_type_tenure_csv,5404e3ccb551b5e27b4bd5edf1f628f9e52bf733cd495150746ecd7b6b059e66,,2021-03-21,observed,csv_single_parent_all_children_16_years_or_above_private_lodging,csv_household_tenure_long_v1,households,household_type,Single parent (all children 16 years or above) | Private lodging,10,households
1.0,census_2021_household_type_tenure_csv,5404e3ccb551b5e27b4bd5edf1f628f9e52bf733cd495150746ecd7b6b059e66,,2021-03-21,observed,csv_single_parent_all_children_16_years_or_above_other_non_qualified_accom,csv_household_tenure_long_v1,households,household_type,Single parent (all children 16 years or above) | Other non-qualified accom.,40,households
1.0,census_2021_household_type_tenure_csv,5404e3ccb551b5e27b4bd5edf1f628f9e52bf733cd495150746ecd7b6b059e66,,2021-03-21,observed,csv_couple_with_dependent_children_owner_occupied,csv_household_tenure_long_v1,households,household_type,Couple with dependent children | Owner Occupied,4580,households
1.0,census_2021_household_type_tenure_csv,5404e3ccb551b5e27b4bd5edf1f628f9e52bf733cd495150746ecd7b6b059e66,,2021-03-21,observed,csv_couple_with_dependent_children_social_rental,csv_household_tenure_long_v1,households,household_type,Couple with dependent children | Social Rental,690,households
1.0,census_2021_household_type_tenure_csv,5404e3ccb551b5e27b4bd5edf1f628f9e52bf733cd495150746ecd7b6b059e66,,2021-03-21,observed,csv_couple_with_dependent_children_qualified_rental,csv_household_tenure_long_v1,households,household_type,Couple with dependent children | Qualified Rental,1920,households
1.0,census_2021_household_type_tenure_csv,5404e3ccb551b5e27b4bd5edf1f628f9e52bf733cd495150746ecd7b6b059e66,,2021-03-21,observed,csv_couple_with_dependent_children_staff_or_service_accom,csv_household_tenure_long_v1,households,household_type,Couple with dependent children | Staff or service accom.,160,households
1.0,census_2021_household_type_tenure_csv,5404e3ccb551b5e27b4bd5edf1f628f9e52bf733cd495150746ecd7b6b059e66,,2021-03-21,observed,csv_couple_with_dependent_children_registered_lodging_house,csv_household_tenure_long_v1,households,household_type,Couple with dependent children | Registered lodging house,100,households
1.0,census_2021_household_type_tenure_csv,5404e3ccb551b5e27b4bd5edf1f628f9e52bf733cd495150746ecd7b6b059e66,,2021-03-21,observed,csv_couple_with_dependent_children_private_lodging,csv_household_tenure_long_v1,households,household_type,Couple with dependent children | Private lodging,140,households
1.0,census_2021_household_type_tenure_csv,5404e3ccb551b5e27b4bd5edf1f628f9e52bf733cd495150746ecd7b6b059e66,,2021-03-21,observed,csv_couple_with_dependent_children_other_non_qualified_accom,csv_household_tenure_long_v1,households,household_type,Couple with dependent children | Other non-qualified accom.,290,households
1.0,census_2021_household_type_tenure_csv,5404e3ccb551b5e27b4bd5edf1f628f9e52bf733cd495150746ecd7b6b059e66,,2021-03-21,observed,csv_couple_with_children_all_children_16_years_or_above_owner_occupied,csv_household_tenure_long_v1,households,household_type,Couple with children (all children 16 years or above) | Owner Occupied,2530,households
1.0,census_2021_household_type_tenure_csv,5404e3ccb551b5e27b4bd5edf1f628f9e52bf733cd495150746ecd7b6b059e66,,2021-03-21,observed,csv_couple_with_children_all_children_16_years_or_above_social_rental,csv_household_tenure_long_v1,households,household_type,Couple with children (all children 16 years or above) | Social Rental,410,households
1.0,census_2021_household_type_tenure_csv,5404e3ccb551b5e27b4bd5edf1f628f9e52bf733cd495150746ecd7b6b059e66,,2021-03-21,observed,csv_couple_with_children_all_children_16_years_or_above_qualified_rental,csv_household_tenure_long_v1,households,household_type,Couple with children (all children 16 years or above) | Qualified Rental,550,households
1.0,census_2021_household_type_tenure_csv,5404e3ccb551b5e27b4bd5edf1f628f9e52bf733cd495150746ecd7b6b059e66,,2021-03-21,observed,csv_couple_with_children_all_children_16_years_or_above_staff_or_service_accom,csv_household_tenure_long_v1,households,household_type,Couple with children (all children 16 years or above) | Staff or service accom.,60,households
1.0,census_2021_household_type_tenure_csv,5404e3ccb551b5e27b4bd5edf1f628f9e52bf733cd495150746ecd7b6b059e66,,2021-03-21,observed,csv_couple_with_children_all_children_16_years_or_above_registered_lodging_house,csv_household_tenure_long_v1,households,household_type,Couple with children (all children 16 years or above) | Registered lodging house,10,households
1.0,census_2021_household_type_tenure_csv,5404e3ccb551b5e27b4bd5edf1f628f9e52bf733cd495150746ecd7b6b059e66,,2021-03-21,observed,csv_couple_with_children_all_children_16_years_or_above_private_lodging,csv_household_tenure_long_v1,households,household_type,Couple with children (all children 16 years or above) | Private lodging,30,households
1.0,census_2021_household_type_tenure_csv,5404e3ccb551b5e27b4bd5edf1f628f9e52bf733cd495150746ecd7b6b059e66,,2021-03-21,observed,csv_couple_with_children_all_children_16_years_or_above_other_non_qualified_accom,csv_household_tenure_long_v1,households,household_type,Couple with children (all children 16 years or above) | Other non-qualified accom.,30,households
1.0,census_2021_household_type_tenure_csv,5404e3ccb551b5e27b4bd5edf1f628f9e52bf733cd495150746ecd7b6b059e66,,2021-03-21,observed,csv_couple_one_pensioner_owner_occupied,csv_household_tenure_long_v1,households,household_type,Couple (one pensioner) | Owner Occupied,980,households
1.0,census_2021_household_type_tenure_csv,5404e3ccb551b5e27b4bd5edf1f628f9e52bf733cd495150746ecd7b6b059e66,,2021-03-21,observed,csv_couple_one_pensioner_social_rental,csv_household_tenure_long_v1,households,household_type,Couple (one pensioner) | Social Rental,120,households
1.0,census_2021_household_type_tenure_csv,5404e3ccb551b5e27b4bd5edf1f628f9e52bf733cd495150746ecd7b6b059e66,,2021-03-21,observed,csv_couple_one_pensioner_qualified_rental,csv_household_tenure_long_v1,households,household_type,Couple (one pensioner) | Qualified Rental,200,households
1.0,census_2021_household_type_tenure_csv,5404e3ccb551b5e27b4bd5edf1f628f9e52bf733cd495150746ecd7b6b059e66,,2021-03-21,observed,csv_couple_one_pensioner_staff_or_service_accom,csv_household_tenure_long_v1,households,household_type,Couple (one pensioner) | Staff or service accom.,10,households
1.0,census_2021_household_type_tenure_csv,5404e3ccb551b5e27b4bd5edf1f628f9e52bf733cd495150746ecd7b6b059e66,,2021-03-21,observed,csv_couple_one_pensioner_other_non_qualified_accom,csv_household_tenure_long_v1,households,household_type,Couple (one pensioner) | Other non-qualified accom.,10,households
1.0,census_2021_household_type_tenure_csv,5404e3ccb551b5e27b4bd5edf1f628f9e52bf733cd495150746ecd7b6b059e66,,2021-03-21,observed,csv_single_pensioner_owner_occupied,csv_household_tenure_long_v1,households,household_type,Single pensioner | Owner Occupied,3090,households
1.0,census_2021_household_type_tenure_csv,5404e3ccb551b5e27b4bd5edf1f628f9e52bf733cd495150746ecd7b6b059e66,,2021-03-21,observed,csv_single_pensioner_social_rental,csv_household_tenure_long_v1,households,household_type,Single pensioner | Social Rental,1440,households
1.0,census_2021_household_type_tenure_csv,5404e3ccb551b5e27b4bd5edf1f628f9e52bf733cd495150746ecd7b6b059e66,,2021-03-21,observed,csv_single_pensioner_qualified_rental,csv_household_tenure_long_v1,households,household_type,Single pensioner | Qualified Rental,820,households
1.0,census_2021_household_type_tenure_csv,5404e3ccb551b5e27b4bd5edf1f628f9e52bf733cd495150746ecd7b6b059e66,,2021-03-21,observed,csv_single_pensioner_staff_or_service_accom,csv_household_tenure_long_v1,households,household_type,Single pensioner | Staff or service accom.,30,households
1.0,census_2021_household_type_tenure_csv,5404e3ccb551b5e27b4bd5edf1f628f9e52bf733cd495150746ecd7b6b059e66,,2021-03-21,observed,csv_single_pensioner_registered_lodging_house,csv_household_tenure_long_v1,households,household_type,Single pensioner | Registered lodging house,20,households
1.0,census_2021_household_type_tenure_csv,5404e3ccb551b5e27b4bd5edf1f628f9e52bf733cd495150746ecd7b6b059e66,,2021-03-21,observed,csv_single_pensioner_private_lodging,csv_household_tenure_long_v1,households,household_type,Single pensioner | Private lodging,30,households
1.0,census_2021_household_type_tenure_csv,5404e3ccb551b5e27b4bd5edf1f628f9e52bf733cd495150746ecd7b6b059e66,,2021-03-21,observed,csv_single_pensioner_other_non_qualified_accom,csv_household_tenure_long_v1,households,household_type,Single pensioner | Other non-qualified accom.,30,households
1.0,census_2021_household_type_tenure_csv,5404e3ccb551b5e27b4bd5edf1f628f9e52bf733cd495150746ecd7b6b059e66,,2021-03-21,observed,csv_two_or_more_pensioners_owner_occupied,csv_household_tenure_long_v1,households,household_type,Two or more pensioners | Owner Occupied,3430,households
1.0,census_2021_household_type_tenure_csv,5404e3ccb551b5e27b4bd5edf1f628f9e52bf733cd495150746ecd7b6b059e66,,2021-03-21,observed,csv_two_or_more_pensioners_social_rental,csv_household_tenure_long_v1,households,household_type,Two or more pensioners | Social Rental,330,households
1.0,census_2021_household_type_tenure_csv,5404e3ccb551b5e27b4bd5edf1f628f9e52bf733cd495150746ecd7b6b059e66,,2021-03-21,observed,csv_two_or_more_pensioners_qualified_rental,csv_household_tenure_long_v1,households,household_type,Two or more pensioners | Qualified Rental,330,households
1.0,census_2021_household_type_tenure_csv,5404e3ccb551b5e27b4bd5edf1f628f9e52bf733cd495150746ecd7b6b059e66,,2021-03-21,observed,csv_two_or_more_pensioners_staff_or_service_accom,csv_household_tenure_long_v1,households,household_type,Two or more pensioners | Staff or service accom.,10,households
1.0,census_2021_household_type_tenure_csv,5404e3ccb551b5e27b4bd5edf1f628f9e52bf733cd495150746ecd7b6b059e66,,2021-03-21,observed,csv_two_or_more_pensioners_private_lodging,csv_household_tenure_long_v1,households,household_type,Two or more pensioners | Private lodging,10,households
1.0,census_2021_household_type_tenure_csv,5404e3ccb551b5e27b4bd5edf1f628f9e52bf733cd495150746ecd7b6b059e66,,2021-03-21,observed,csv_two_or_more_pensioners_other_non_qualified_accom,csv_household_tenure_long_v1,households,household_type,Two or more pensioners | Other non-qualified accom.,30,households
1.0,census_2021_household_type_tenure_csv,5404e3ccb551b5e27b4bd5edf1f628f9e52bf733cd495150746ecd7b6b059e66,,2021-03-21,observed,csv_two_or_more_unrelated_persons_owner_occupied,csv_household_tenure_long_v1,households,household_type,Two or more unrelated persons | Owner Occupied,280,households
1.0,census_2021_household_type_tenure_csv,5404e3ccb551b5e27b4bd5edf1f628f9e52bf733cd495150746ecd7b6b059e66,,2021-03-21,observed,csv_two_or_more_unrelated_persons_social_rental,csv_household_tenure_long_v1,households,household_type,Two or more unrelated persons | Social Rental,20,households
1.0,census_2021_household_type_tenure_csv,5404e3ccb551b5e27b4bd5edf1f628f9e52bf733cd495150746ecd7b6b059e66,,2021-03-21,observed,csv_two_or_more_unrelated_persons_qualified_rental,csv_household_tenure_long_v1,households,household_type,Two or more unrelated persons | Qualified Rental,320,households
1.0,census_2021_household_type_tenure_csv,5404e3ccb551b5e27b4bd5edf1f628f9e52bf733cd495150746ecd7b6b059e66,,2021-03-21,observed,csv_two_or_more_unrelated_persons_staff_or_service_accom,csv_household_tenure_long_v1,households,household_type,Two or more unrelated persons | Staff or service accom.,80,households
1.0,census_2021_household_type_tenure_csv,5404e3ccb551b5e27b4bd5edf1f628f9e52bf733cd495150746ecd7b6b059e66,,2021-03-21,observed,csv_two_or_more_unrelated_persons_registered_lodging_house,csv_household_tenure_long_v1,households,household_type,Two or more unrelated persons | Registered lodging house,20,households
1.0,census_2021_household_type_tenure_csv,5404e3ccb551b5e27b4bd5edf1f628f9e52bf733cd495150746ecd7b6b059e66,,2021-03-21,observed,csv_two_or_more_unrelated_persons_private_lodging,csv_household_tenure_long_v1,households,household_type,Two or more unrelated persons | Private lodging,30,households
1.0,census_2021_household_type_tenure_csv,5404e3ccb551b5e27b4bd5edf1f628f9e52bf733cd495150746ecd7b6b059e66,,2021-03-21,observed,csv_two_or_more_unrelated_persons_other_non_qualified_accom,csv_household_tenure_long_v1,households,household_type,Two or more unrelated persons | Other non-qualified accom.,40,households
1.0,census_2021_household_type_tenure_csv,5404e3ccb551b5e27b4bd5edf1f628f9e52bf733cd495150746ecd7b6b059e66,,2021-03-21,observed,csv_other_owner_occupied,csv_household_tenure_long_v1,households,household_type,Other | Owner Occupied,1170,households
1.0,census_2021_household_type_tenure_csv,5404e3ccb551b5e27b4bd5edf1f628f9e52bf733cd495150746ecd7b6b059e66,,2021-03-21,observed,csv_other_social_rental,csv_household_tenure_long_v1,households,household_type,Other | Social Rental,190,households
1.0,census_2021_household_type_tenure_csv,5404e3ccb551b5e27b4bd5edf1f628f9e52bf733cd495150746ecd7b6b059e66,,2021-03-21,observed,csv_other_qualified_rental,csv_household_tenure_long_v1,households,household_type,Other | Qualified Rental,580,households
1.0,census_2021_household_type_tenure_csv,5404e3ccb551b5e27b4bd5edf1f628f9e52bf733cd495150746ecd7b6b059e66,,2021-03-21,observed,csv_other_staff_or_service_accom,csv_household_tenure_long_v1,households,household_type,Other | Staff or service accom.,70,households
1.0,census_2021_household_type_tenure_csv,5404e3ccb551b5e27b4bd5edf1f628f9e52bf733cd495150746ecd7b6b059e66,,2021-03-21,observed,csv_other_registered_lodging_house,csv_household_tenure_long_v1,households,household_type,Other | Registered lodging house,30,households
1.0,census_2021_household_type_tenure_csv,5404e3ccb551b5e27b4bd5edf1f628f9e52bf733cd495150746ecd7b6b059e66,,2021-03-21,observed,csv_other_private_lodging,csv_household_tenure_long_v1,households,household_type,Other | Private lodging,60,households
1.0,census_2021_household_type_tenure_csv,5404e3ccb551b5e27b4bd5edf1f628f9e52bf733cd495150746ecd7b6b059e66,,2021-03-21,observed,csv_other_other_non_qualified_accom,csv_household_tenure_long_v1,households,household_type,Other | Other non-qualified accom.,100,households
1.0,census_2021_household_type_tenure_csv,5404e3ccb551b5e27b4bd5edf1f628f9e52bf733cd495150746ecd7b6b059e66,,2021-03-21,observed,csv_all_owner_occupied,csv_household_tenure_long_v1,households,household_type,All | Owner Occupied,23870,households
1.0,census_2021_household_type_tenure_csv,5404e3ccb551b5e27b4bd5edf1f628f9e52bf733cd495150746ecd7b6b059e66,,2021-03-21,observed,csv_all_social_rental,csv_household_tenure_long_v1,households,household_type,All | Social Rental,5830,households
1.0,census_2021_household_type_tenure_csv,5404e3ccb551b5e27b4bd5edf1f628f9e52bf733cd495150746ecd7b6b059e66,,2021-03-21,observed,csv_all_qualified_rental,csv_household_tenure_long_v1,households,household_type,All | Qualified Rental,10740,households
1.0,census_2021_household_type_tenure_csv,5404e3ccb551b5e27b4bd5edf1f628f9e52bf733cd495150746ecd7b6b059e66,,2021-03-21,observed,csv_all_staff_or_service_accom,csv_household_tenure_long_v1,households,household_type,All | Staff or service accom.,1100,households
1.0,census_2021_household_type_tenure_csv,5404e3ccb551b5e27b4bd5edf1f628f9e52bf733cd495150746ecd7b6b059e66,,2021-03-21,observed,csv_all_registered_lodging_house,csv_household_tenure_long_v1,households,household_type,All | Registered lodging house,700,households
1.0,census_2021_household_type_tenure_csv,5404e3ccb551b5e27b4bd5edf1f628f9e52bf733cd495150746ecd7b6b059e66,,2021-03-21,observed,csv_all_private_lodging,csv_household_tenure_long_v1,households,household_type,All | Private lodging,860,households
1.0,census_2021_household_type_tenure_csv,5404e3ccb551b5e27b4bd5edf1f628f9e52bf733cd495150746ecd7b6b059e66,,2021-03-21,observed,csv_all_other_non_qualified_accom,csv_household_tenure_long_v1,households,household_type,All | Other non-qualified accom.,1500,households
1.0,census_2021_household_property_type_csv,498ed541367041ebe9e9a038995e608940b58588fdbfa4211349027a812c0569,,2021-03-21,observed,csv_house_detached_owner_occupied,csv_property_type_long_v1,households,property_type,House/ Detached | Owner-occupied,9270,households
1.0,census_2021_household_property_type_csv,498ed541367041ebe9e9a038995e608940b58588fdbfa4211349027a812c0569,,2021-03-21,observed,csv_house_detached_social_housing_rent,csv_property_type_long_v1,households,property_type,House/ Detached | Social housing rent,180,households
1.0,census_2021_household_property_type_csv,498ed541367041ebe9e9a038995e608940b58588fdbfa4211349027a812c0569,,2021-03-21,observed,csv_house_detached_qualified_private_rent,csv_property_type_long_v1,households,property_type,House/ Detached | Qualified private rent,1420,households
1.0,census_2021_household_property_type_csv,498ed541367041ebe9e9a038995e608940b58588fdbfa4211349027a812c0569,,2021-03-21,observed,csv_house_detached_non_qualified_accommodation,csv_property_type_long_v1,households,property_type,House/ Detached | Non-qualified accommodation,250,households
1.0,census_2021_household_property_type_csv,498ed541367041ebe9e9a038995e608940b58588fdbfa4211349027a812c0569,,2021-03-21,observed,csv_house_semi_detached_owner_occupied,csv_property_type_long_v1,households,property_type,House/Semi-detached | Owner-occupied,6310,households
1.0,census_2021_household_property_type_csv,498ed541367041ebe9e9a038995e608940b58588fdbfa4211349027a812c0569,,2021-03-21,observed,csv_house_semi_detached_social_housing_rent,csv_property_type_long_v1,households,property_type,House/Semi-detached | Social housing rent,990,households
1.0,census_2021_household_property_type_csv,498ed541367041ebe9e9a038995e608940b58588fdbfa4211349027a812c0569,,2021-03-21,observed,csv_house_semi_detached_qualified_private_rent,csv_property_type_long_v1,households,property_type,House/Semi-detached | Qualified private rent,1510,households
1.0,census_2021_household_property_type_csv,498ed541367041ebe9e9a038995e608940b58588fdbfa4211349027a812c0569,,2021-03-21,observed,csv_house_semi_detached_non_qualified_accommodation,csv_property_type_long_v1,households,property_type,House/Semi-detached | Non-qualified accommodation,290,households
1.0,census_2021_household_property_type_csv,498ed541367041ebe9e9a038995e608940b58588fdbfa4211349027a812c0569,,2021-03-21,observed,csv_house_terraced_owner_occupied,csv_property_type_long_v1,households,property_type,House/Terraced | Owner-occupied,3210,households
1.0,census_2021_household_property_type_csv,498ed541367041ebe9e9a038995e608940b58588fdbfa4211349027a812c0569,,2021-03-21,observed,csv_house_terraced_social_housing_rent,csv_property_type_long_v1,households,property_type,House/Terraced | Social housing rent,480,households
1.0,census_2021_household_property_type_csv,498ed541367041ebe9e9a038995e608940b58588fdbfa4211349027a812c0569,,2021-03-21,observed,csv_house_terraced_qualified_private_rent,csv_property_type_long_v1,households,property_type,House/Terraced | Qualified private rent,710,households
1.0,census_2021_household_property_type_csv,498ed541367041ebe9e9a038995e608940b58588fdbfa4211349027a812c0569,,2021-03-21,observed,csv_house_terraced_non_qualified_accommodation,csv_property_type_long_v1,households,property_type,House/Terraced | Non-qualified accommodation,110,households
1.0,census_2021_household_property_type_csv,498ed541367041ebe9e9a038995e608940b58588fdbfa4211349027a812c0569,,2021-03-21,observed,csv_flat_purpose_build_block_owner_occupied,csv_property_type_long_v1,households,property_type,Flat/Purpose build block | Owner-occupied,3630,households
1.0,census_2021_household_property_type_csv,498ed541367041ebe9e9a038995e608940b58588fdbfa4211349027a812c0569,,2021-03-21,observed,csv_flat_purpose_build_block_social_housing_rent,csv_property_type_long_v1,households,property_type,Flat/Purpose build block | Social housing rent,4030,households
1.0,census_2021_household_property_type_csv,498ed541367041ebe9e9a038995e608940b58588fdbfa4211349027a812c0569,,2021-03-21,observed,csv_flat_purpose_build_block_qualified_private_rent,csv_property_type_long_v1,households,property_type,Flat/Purpose build block | Qualified private rent,4540,households
1.0,census_2021_household_property_type_csv,498ed541367041ebe9e9a038995e608940b58588fdbfa4211349027a812c0569,,2021-03-21,observed,csv_flat_purpose_build_block_non_qualified_accommodation,csv_property_type_long_v1,households,property_type,Flat/Purpose build block | Non-qualified accommodation,1800,households
1.0,census_2021_household_property_type_csv,498ed541367041ebe9e9a038995e608940b58588fdbfa4211349027a812c0569,,2021-03-21,observed,csv_flat_part_of_converted_house_owner_occupied,csv_property_type_long_v1,households,property_type,Flat/Part of converted house | Owner-occupied,1320,households
1.0,census_2021_household_property_type_csv,498ed541367041ebe9e9a038995e608940b58588fdbfa4211349027a812c0569,,2021-03-21,observed,csv_flat_part_of_converted_house_social_housing_rent,csv_property_type_long_v1,households,property_type,Flat/Part of converted house | Social housing rent,140,households
1.0,census_2021_household_property_type_csv,498ed541367041ebe9e9a038995e608940b58588fdbfa4211349027a812c0569,,2021-03-21,observed,csv_flat_part_of_converted_house_qualified_private_rent,csv_property_type_long_v1,households,property_type,Flat/Part of converted house | Qualified private rent,2040,households
1.0,census_2021_household_property_type_csv,498ed541367041ebe9e9a038995e608940b58588fdbfa4211349027a812c0569,,2021-03-21,observed,csv_flat_part_of_converted_house_non_qualified_accommodation,csv_property_type_long_v1,households,property_type,Flat/Part of converted house | Non-qualified accommodation,1220,households
1.0,census_2021_household_property_type_csv,498ed541367041ebe9e9a038995e608940b58588fdbfa4211349027a812c0569,,2021-03-21,observed,csv_flat_in_a_commercial_building_owner_occupied,csv_property_type_long_v1,households,property_type,Flat/In a commercial building | Owner-occupied,110,households
1.0,census_2021_household_property_type_csv,498ed541367041ebe9e9a038995e608940b58588fdbfa4211349027a812c0569,,2021-03-21,observed,csv_flat_in_a_commercial_building_social_housing_rent,csv_property_type_long_v1,households,property_type,Flat/In a commercial building | Social housing rent,10,households
1.0,census_2021_household_property_type_csv,498ed541367041ebe9e9a038995e608940b58588fdbfa4211349027a812c0569,,2021-03-21,observed,csv_flat_in_a_commercial_building_qualified_private_rent,csv_property_type_long_v1,households,property_type,Flat/In a commercial building | Qualified private rent,510,households
1.0,census_2021_household_property_type_csv,498ed541367041ebe9e9a038995e608940b58588fdbfa4211349027a812c0569,,2021-03-21,observed,csv_flat_in_a_commercial_building_non_qualified_accommodation,csv_property_type_long_v1,households,property_type,Flat/In a commercial building | Non-qualified accommodation,380,households
1.0,census_2021_household_property_type_csv,498ed541367041ebe9e9a038995e608940b58588fdbfa4211349027a812c0569,,2021-03-21,observed,csv_temporary_structure_tent_boat_or_portakabintm_owner_occupied,csv_property_type_long_v1,households,property_type,"Temporary Structure/Tent, boat or PortakabinTM | Owner-occupied",20,households
1.0,census_2021_household_property_type_csv,498ed541367041ebe9e9a038995e608940b58588fdbfa4211349027a812c0569,,2021-03-21,observed,csv_temporary_structure_tent_boat_or_portakabintm_non_qualified_accommodation,csv_property_type_long_v1,households,property_type,"Temporary Structure/Tent, boat or PortakabinTM | Non-qualified accommodation",100,households
1.0,census_2021_household_property_type_csv,498ed541367041ebe9e9a038995e608940b58588fdbfa4211349027a812c0569,,2021-03-21,observed,csv_all_excluding_vacant_properties_owner_occupied,csv_property_type_long_v1,households,property_type,All(excluding vacant properties) | Owner-occupied,23870,households
1.0,census_2021_household_property_type_csv,498ed541367041ebe9e9a038995e608940b58588fdbfa4211349027a812c0569,,2021-03-21,observed,csv_all_excluding_vacant_properties_social_housing_rent,csv_property_type_long_v1,households,property_type,All(excluding vacant properties) | Social housing rent,5830,households
1.0,census_2021_household_property_type_csv,498ed541367041ebe9e9a038995e608940b58588fdbfa4211349027a812c0569,,2021-03-21,observed,csv_all_excluding_vacant_properties_qualified_private_rent,csv_property_type_long_v1,households,property_type,All(excluding vacant properties) | Qualified private rent,10740,households
1.0,census_2021_household_property_type_csv,498ed541367041ebe9e9a038995e608940b58588fdbfa4211349027a812c0569,,2021-03-21,observed,csv_all_excluding_vacant_properties_non_qualified_accommodation,csv_property_type_long_v1,households,property_type,All(excluding vacant properties) | Non-qualified accommodation,4150,households
1.0,census_2021_housing_persons_bedrooms_csv,0f79666e06d28f896dee4cdd173dc6c8e8bdab125864950cf4ee10a2b5339236,,2021-03-21,observed,csv_owner_occupied_households,csv_bedroom_controls_long_v1,households,tenure,Owner-occupied,23870,households
1.0,census_2021_housing_persons_bedrooms_csv,0f79666e06d28f896dee4cdd173dc6c8e8bdab125864950cf4ee10a2b5339236,,2021-03-21,observed,csv_owner_occupied_persons,csv_bedroom_controls_long_v1,persons,tenure,Owner-occupied,57503,people
1.0,census_2021_housing_persons_bedrooms_csv,0f79666e06d28f896dee4cdd173dc6c8e8bdab125864950cf4ee10a2b5339236,,2021-03-21,observed,csv_owner_occupied_mean_persons_per_household,csv_bedroom_controls_long_v1,mean_persons_per_household,tenure,Owner-occupied,2.41,persons_per_household
1.0,census_2021_housing_persons_bedrooms_csv,0f79666e06d28f896dee4cdd173dc6c8e8bdab125864950cf4ee10a2b5339236,,2021-03-21,observed,csv_owner_occupied_mean_bedroooms_per_household,csv_bedroom_controls_long_v1,mean_bedrooms_per_household,tenure,Owner-occupied,3.02,bedrooms_per_household
1.0,census_2021_housing_persons_bedrooms_csv,0f79666e06d28f896dee4cdd173dc6c8e8bdab125864950cf4ee10a2b5339236,,2021-03-21,observed,csv_owner_occupied_mean_persons_per_bedroom,csv_bedroom_controls_long_v1,mean_persons_per_bedroom,tenure,Owner-occupied,0.8,persons_per_bedroom
1.0,census_2021_housing_persons_bedrooms_csv,0f79666e06d28f896dee4cdd173dc6c8e8bdab125864950cf4ee10a2b5339236,,2021-03-21,observed,csv_social_housing_rent_households,csv_bedroom_controls_long_v1,households,tenure,Social housing rent,5826,households
1.0,census_2021_housing_persons_bedrooms_csv,0f79666e06d28f896dee4cdd173dc6c8e8bdab125864950cf4ee10a2b5339236,,2021-03-21,observed,csv_social_housing_rent_persons,csv_bedroom_controls_long_v1,persons,tenure,Social housing rent,12209,people
1.0,census_2021_housing_persons_bedrooms_csv,0f79666e06d28f896dee4cdd173dc6c8e8bdab125864950cf4ee10a2b5339236,,2021-03-21,observed,csv_social_housing_rent_mean_persons_per_household,csv_bedroom_controls_long_v1,mean_persons_per_household,tenure,Social housing rent,2.1,persons_per_household
1.0,census_2021_housing_persons_bedrooms_csv,0f79666e06d28f896dee4cdd173dc6c8e8bdab125864950cf4ee10a2b5339236,,2021-03-21,observed,csv_social_housing_rent_mean_bedroooms_per_household,csv_bedroom_controls_long_v1,mean_bedrooms_per_household,tenure,Social housing rent,1.81,bedrooms_per_household
1.0,census_2021_housing_persons_bedrooms_csv,0f79666e06d28f896dee4cdd173dc6c8e8bdab125864950cf4ee10a2b5339236,,2021-03-21,observed,csv_social_housing_rent_mean_persons_per_bedroom,csv_bedroom_controls_long_v1,mean_persons_per_bedroom,tenure,Social housing rent,1.15,persons_per_bedroom
1.0,census_2021_housing_persons_bedrooms_csv,0f79666e06d28f896dee4cdd173dc6c8e8bdab125864950cf4ee10a2b5339236,,2021-03-21,observed,csv_qualified_private_rent_households,csv_bedroom_controls_long_v1,households,tenure,Qualified private rent,10739,households
1.0,census_2021_housing_persons_bedrooms_csv,0f79666e06d28f896dee4cdd173dc6c8e8bdab125864950cf4ee10a2b5339236,,2021-03-21,observed,csv_qualified_private_rent_persons,csv_bedroom_controls_long_v1,persons,tenure,Qualified private rent,23146,people
1.0,census_2021_housing_persons_bedrooms_csv,0f79666e06d28f896dee4cdd173dc6c8e8bdab125864950cf4ee10a2b5339236,,2021-03-21,observed,csv_qualified_private_rent_mean_persons_per_household,csv_bedroom_controls_long_v1,mean_persons_per_household,tenure,Qualified private rent,2.16,persons_per_household
1.0,census_2021_housing_persons_bedrooms_csv,0f79666e06d28f896dee4cdd173dc6c8e8bdab125864950cf4ee10a2b5339236,,2021-03-21,observed,csv_qualified_private_rent_mean_bedroooms_per_household,csv_bedroom_controls_long_v1,mean_bedrooms_per_household,tenure,Qualified private rent,1.96,bedrooms_per_household
1.0,census_2021_housing_persons_bedrooms_csv,0f79666e06d28f896dee4cdd173dc6c8e8bdab125864950cf4ee10a2b5339236,,2021-03-21,observed,csv_qualified_private_rent_mean_persons_per_bedroom,csv_bedroom_controls_long_v1,mean_persons_per_bedroom,tenure,Qualified private rent,1.1,persons_per_bedroom
1.0,census_2021_housing_persons_bedrooms_csv,0f79666e06d28f896dee4cdd173dc6c8e8bdab125864950cf4ee10a2b5339236,,2021-03-21,observed,csv_staff_or_service_accommodation_households,csv_bedroom_controls_long_v1,households,tenure,Staff or service accommodation,1095,households
1.0,census_2021_housing_persons_bedrooms_csv,0f79666e06d28f896dee4cdd173dc6c8e8bdab125864950cf4ee10a2b5339236,,2021-03-21,observed,csv_staff_or_service_accommodation_persons,csv_bedroom_controls_long_v1,persons,tenure,Staff or service accommodation,2231,people
1.0,census_2021_housing_persons_bedrooms_csv,0f79666e06d28f896dee4cdd173dc6c8e8bdab125864950cf4ee10a2b5339236,,2021-03-21,observed,csv_staff_or_service_accommodation_mean_persons_per_household,csv_bedroom_controls_long_v1,mean_persons_per_household,tenure,Staff or service accommodation,2.04,persons_per_household
1.0,census_2021_housing_persons_bedrooms_csv,0f79666e06d28f896dee4cdd173dc6c8e8bdab125864950cf4ee10a2b5339236,,2021-03-21,observed,csv_staff_or_service_accommodation_mean_bedroooms_per_household,csv_bedroom_controls_long_v1,mean_bedrooms_per_household,tenure,Staff or service accommodation,1.73,bedrooms_per_household
1.0,census_2021_housing_persons_bedrooms_csv,0f79666e06d28f896dee4cdd173dc6c8e8bdab125864950cf4ee10a2b5339236,,2021-03-21,observed,csv_staff_or_service_accommodation_mean_persons_per_bedroom,csv_bedroom_controls_long_v1,mean_persons_per_bedroom,tenure,Staff or service accommodation,1.18,persons_per_bedroom
1.0,census_2021_housing_persons_bedrooms_csv,0f79666e06d28f896dee4cdd173dc6c8e8bdab125864950cf4ee10a2b5339236,,2021-03-21,observed,csv_registered_lodging_house_households,csv_bedroom_controls_long_v1,households,tenure,Registered lodging house,700,households
1.0,census_2021_housing_persons_bedrooms_csv,0f79666e06d28f896dee4cdd173dc6c8e8bdab125864950cf4ee10a2b5339236,,2021-03-21,observed,csv_registered_lodging_house_persons,csv_bedroom_controls_long_v1,persons,tenure,Registered lodging house,1252,people
1.0,census_2021_housing_persons_bedrooms_csv,0f79666e06d28f896dee4cdd173dc6c8e8bdab125864950cf4ee10a2b5339236,,2021-03-21,observed,csv_registered_lodging_house_mean_persons_per_household,csv_bedroom_controls_long_v1,mean_persons_per_household,tenure,Registered lodging house,1.79,persons_per_household
1.0,census_2021_housing_persons_bedrooms_csv,0f79666e06d28f896dee4cdd173dc6c8e8bdab125864950cf4ee10a2b5339236,,2021-03-21,observed,csv_registered_lodging_house_mean_bedroooms_per_household,csv_bedroom_controls_long_v1,mean_bedrooms_per_household,tenure,Registered lodging house,1.27,bedrooms_per_household
1.0,census_2021_housing_persons_bedrooms_csv,0f79666e06d28f896dee4cdd173dc6c8e8bdab125864950cf4ee10a2b5339236,,2021-03-21,observed,csv_registered_lodging_house_mean_persons_per_bedroom,csv_bedroom_controls_long_v1,mean_persons_per_bedroom,tenure,Registered lodging house,1.41,persons_per_bedroom
1.0,census_2021_housing_persons_bedrooms_csv,0f79666e06d28f896dee4cdd173dc6c8e8bdab125864950cf4ee10a2b5339236,,2021-03-21,observed,csv_lodger_poaying_rent_in_private_household_households,csv_bedroom_controls_long_v1,households,tenure,Lodger poaying rent in private household,857,households
1.0,census_2021_housing_persons_bedrooms_csv,0f79666e06d28f896dee4cdd173dc6c8e8bdab125864950cf4ee10a2b5339236,,2021-03-21,observed,csv_lodger_poaying_rent_in_private_household_persons,csv_bedroom_controls_long_v1,persons,tenure,Lodger poaying rent in private household,1751,people
1.0,census_2021_housing_persons_bedrooms_csv,0f79666e06d28f896dee4cdd173dc6c8e8bdab125864950cf4ee10a2b5339236,,2021-03-21,observed,csv_lodger_poaying_rent_in_private_household_mean_persons_per_household,csv_bedroom_controls_long_v1,mean_persons_per_household,tenure,Lodger poaying rent in private household,2.04,persons_per_household
1.0,census_2021_housing_persons_bedrooms_csv,0f79666e06d28f896dee4cdd173dc6c8e8bdab125864950cf4ee10a2b5339236,,2021-03-21,observed,csv_lodger_poaying_rent_in_private_household_mean_bedroooms_per_household,csv_bedroom_controls_long_v1,mean_bedrooms_per_household,tenure,Lodger poaying rent in private household,1.52,bedrooms_per_household
1.0,census_2021_housing_persons_bedrooms_csv,0f79666e06d28f896dee4cdd173dc6c8e8bdab125864950cf4ee10a2b5339236,,2021-03-21,observed,csv_lodger_poaying_rent_in_private_household_mean_persons_per_bedroom,csv_bedroom_controls_long_v1,mean_persons_per_bedroom,tenure,Lodger poaying rent in private household,1.34,persons_per_bedroom
1.0,census_2021_housing_persons_bedrooms_csv,0f79666e06d28f896dee4cdd173dc6c8e8bdab125864950cf4ee10a2b5339236,,2021-03-21,observed,csv_other_non_qualified_accommodation_households,csv_bedroom_controls_long_v1,households,tenure,Other non-qualified accommodation,1496,households
1.0,census_2021_housing_persons_bedrooms_csv,0f79666e06d28f896dee4cdd173dc6c8e8bdab125864950cf4ee10a2b5339236,,2021-03-21,observed,csv_other_non_qualified_accommodation_persons,csv_bedroom_controls_long_v1,persons,tenure,Other non-qualified accommodation,3096,people
1.0,census_2021_housing_persons_bedrooms_csv,0f79666e06d28f896dee4cdd173dc6c8e8bdab125864950cf4ee10a2b5339236,,2021-03-21,observed,csv_other_non_qualified_accommodation_mean_persons_per_household,csv_bedroom_controls_long_v1,mean_persons_per_household,tenure,Other non-qualified accommodation,2.07,persons_per_household
1.0,census_2021_housing_persons_bedrooms_csv,0f79666e06d28f896dee4cdd173dc6c8e8bdab125864950cf4ee10a2b5339236,,2021-03-21,observed,csv_other_non_qualified_accommodation_mean_bedroooms_per_household,csv_bedroom_controls_long_v1,mean_bedrooms_per_household,tenure,Other non-qualified accommodation,1.48,bedrooms_per_household
1.0,census_2021_housing_persons_bedrooms_csv,0f79666e06d28f896dee4cdd173dc6c8e8bdab125864950cf4ee10a2b5339236,,2021-03-21,observed,csv_other_non_qualified_accommodation_mean_persons_per_bedroom,csv_bedroom_controls_long_v1,mean_persons_per_bedroom,tenure,Other non-qualified accommodation,1.4,persons_per_bedroom
1.0,census_2021_housing_persons_bedrooms_csv,0f79666e06d28f896dee4cdd173dc6c8e8bdab125864950cf4ee10a2b5339236,,2021-03-21,observed,csv_all_households_excluding_communals_households,csv_bedroom_controls_long_v1,households,tenure,All households (excluding communals),44583,households
1.0,census_2021_housing_persons_bedrooms_csv,0f79666e06d28f896dee4cdd173dc6c8e8bdab125864950cf4ee10a2b5339236,,2021-03-21,observed,csv_all_households_excluding_communals_persons,csv_bedroom_controls_long_v1,persons,tenure,All households (excluding communals),101188,people
1.0,census_2021_housing_persons_bedrooms_csv,0f79666e06d28f896dee4cdd173dc6c8e8bdab125864950cf4ee10a2b5339236,,2021-03-21,observed,csv_all_households_excluding_communals_mean_persons_per_household,csv_bedroom_controls_long_v1,mean_persons_per_household,tenure,All households (excluding communals),2.27,persons_per_household
1.0,census_2021_housing_persons_bedrooms_csv,0f79666e06d28f896dee4cdd173dc6c8e8bdab125864950cf4ee10a2b5339236,,2021-03-21,observed,csv_all_households_excluding_communals_mean_bedroooms_per_household,csv_bedroom_controls_long_v1,mean_bedrooms_per_household,tenure,All households (excluding communals),2.57,bedrooms_per_household
1.0,census_2021_housing_persons_bedrooms_csv,0f79666e06d28f896dee4cdd173dc6c8e8bdab125864950cf4ee10a2b5339236,,2021-03-21,observed,csv_all_households_excluding_communals_mean_persons_per_bedroom,csv_bedroom_controls_long_v1,mean_persons_per_bedroom,tenure,All households (excluding communals),0.92,persons_per_bedroom
1.0,census_2021_overcrowding_csv,4882a98d8765f5ffad760cecfdb38c5972097b25bb91c04580d8f77fc0b967ae,,2021-03-21,observed,csv_owner_occupied_2021,csv_overcrowding_2021_v1,overcrowded_households,tenure,Owner occupied,1.5,percent
1.0,census_2021_overcrowding_csv,4882a98d8765f5ffad760cecfdb38c5972097b25bb91c04580d8f77fc0b967ae,,2021-03-21,observed,csv_qualified_rent_2021,csv_overcrowding_2021_v1,overcrowded_households,tenure,Qualified rent,5.2,percent
1.0,census_2021_overcrowding_csv,4882a98d8765f5ffad760cecfdb38c5972097b25bb91c04580d8f77fc0b967ae,,2021-03-21,observed,csv_social_housing_rent_2021,csv_overcrowding_2021_v1,overcrowded_households,tenure,Social housing rent,4.7,percent
1.0,census_2021_overcrowding_csv,4882a98d8765f5ffad760cecfdb38c5972097b25bb91c04580d8f77fc0b967ae,,2021-03-21,observed,csv_non_qualified_accomodation_2021,csv_overcrowding_2021_v1,overcrowded_households,tenure,Non-qualified accomodation,14.6,percent
1.0,census_2021_overcrowding_csv,4882a98d8765f5ffad760cecfdb38c5972097b25bb91c04580d8f77fc0b967ae,,2021-03-21,observed,csv_all_households_2021,csv_overcrowding_2021_v1,overcrowded_households,tenure,All households,4,percent
