schema_version,source_id,source_sha256,evidence_source_id,reference_period,observation_status,source_locator,transformation_id,table,measure,event_date_definition,geography,population_universe,unit,denominator,suppression_semantics,reporting_regime,known_exclusions,cited_source_id,cited_source_sha256,cited_source_retrieved_at,cited_source_version
1.0,epi_measure_dictionary_manual_fixture,d3a53340cd5ce1f66c5042837f212177bc4c3fd7af2952915ca59e8182547d38,,2020-07-30/2023-02-01,observed,covid19_daily_surveillance_csv:Date;CasesDailyNewConfirmedCases;TestsTotalsamplestestedpriorto1July2020;TestsTotalsamplestestedsince1July2020; data/sources.yaml:covid19_daily_surveillance_csv.title,manual_dictionary_transcription_v1,covid_daily_surveillance,daily_new_confirmed_cases,unknown,"Jersey (registry title: ""COVID-19 daily surveillance extract (legacy ListOpenData COVID19 list)"")",unknown,cases,not applicable,blank or -1 -> not_reported; '<N' -> positive_less_than with upper_bound N; no suppression observed in this source (positive_less_than rows in built table: 0),daily list regime split by TestsTotalsamplestestedpriorto1July2020 and TestsTotalsamplestestedsince1July2020 columns; testing regime change on 2020-07-01,TestsTotalNegativeTests excluded (SharePoint float;# rendering),covid19_daily_surveillance_csv,ea51daa689a851af6fedb45e1520abfc235bc350113cbde1cd49b880d7aa512b,2026-09-03,2020-07-30/2023-02-01
1.0,epi_measure_dictionary_manual_fixture,d3a53340cd5ce1f66c5042837f212177bc4c3fd7af2952915ca59e8182547d38,,2020-07-30/2023-02-01,observed,covid19_daily_surveillance_csv:Date;CasesTotalConfirmedPositiveCases;CasesPositiveCasesIdentifiedPriorto1July2020;CasesPositiveCasesIdentifiedSince1July2020; data/sources.yaml:covid19_daily_surveillance_csv.title,manual_dictionary_transcription_v1,covid_daily_surveillance,cumulative_confirmed_cases,unknown,"Jersey (registry title: ""COVID-19 daily surveillance extract (legacy ListOpenData COVID19 list)"")",unknown,cases,not applicable,blank or -1 -> not_reported; '<N' -> positive_less_than with upper_bound N; no suppression observed in this source (positive_less_than rows in built table: 0),daily list regime split by TestsTotalsamplestestedpriorto1July2020 and TestsTotalsamplestestedsince1July2020 columns; testing regime change on 2020-07-01,TestsTotalNegativeTests excluded (SharePoint float;# rendering),covid19_daily_surveillance_csv,ea51daa689a851af6fedb45e1520abfc235bc350113cbde1cd49b880d7aa512b,2026-09-03,2020-07-30/2023-02-01
1.0,epi_measure_dictionary_manual_fixture,d3a53340cd5ce1f66c5042837f212177bc4c3fd7af2952915ca59e8182547d38,,2020-07-30/2023-02-01,observed,covid19_daily_surveillance_csv:Date;CasesSymptomatic;CasesPositiveCasesIdentifiedPriorto1July2020;CasesPositiveCasesIdentifiedSince1July2020; data/sources.yaml:covid19_daily_surveillance_csv.title,manual_dictionary_transcription_v1,covid_daily_surveillance,symptomatic_cases,unknown,"Jersey (registry title: ""COVID-19 daily surveillance extract (legacy ListOpenData COVID19 list)"")",unknown,cases,not applicable,blank or -1 -> not_reported; '<N' -> positive_less_than with upper_bound N; no suppression observed in this source (positive_less_than rows in built table: 0),daily list regime split by TestsTotalsamplestestedpriorto1July2020 and TestsTotalsamplestestedsince1July2020 columns; testing regime change on 2020-07-01,TestsTotalNegativeTests excluded (SharePoint float;# rendering),covid19_daily_surveillance_csv,ea51daa689a851af6fedb45e1520abfc235bc350113cbde1cd49b880d7aa512b,2026-09-03,2020-07-30/2023-02-01
1.0,epi_measure_dictionary_manual_fixture,d3a53340cd5ce1f66c5042837f212177bc4c3fd7af2952915ca59e8182547d38,,2020-07-30/2023-02-01,observed,covid19_daily_surveillance_csv:Date;CasesAsymptomatic;CasesPositiveCasesIdentifiedPriorto1July2020;CasesPositiveCasesIdentifiedSince1July2020; data/sources.yaml:covid19_daily_surveillance_csv.title,manual_dictionary_transcription_v1,covid_daily_surveillance,asymptomatic_cases,unknown,"Jersey (registry title: ""COVID-19 daily surveillance extract (legacy ListOpenData COVID19 list)"")",unknown,cases,not applicable,blank or -1 -> not_reported; '<N' -> positive_less_than with upper_bound N; no suppression observed in this source (positive_less_than rows in built table: 0),daily list regime split by TestsTotalsamplestestedpriorto1July2020 and TestsTotalsamplestestedsince1July2020 columns; testing regime change on 2020-07-01,TestsTotalNegativeTests excluded (SharePoint float;# rendering),covid19_daily_surveillance_csv,ea51daa689a851af6fedb45e1520abfc235bc350113cbde1cd49b880d7aa512b,2026-09-03,2020-07-30/2023-02-01
1.0,epi_measure_dictionary_manual_fixture,d3a53340cd5ce1f66c5042837f212177bc4c3fd7af2952915ca59e8182547d38,,2020-07-30/2023-02-01,observed,covid19_daily_surveillance_csv:Date;CasesCurrentKnownActiveCases;TestsTotalsamplestestedpriorto1July2020;TestsTotalsamplestestedsince1July2020; data/sources.yaml:covid19_daily_surveillance_csv.title,manual_dictionary_transcription_v1,covid_daily_surveillance,current_known_active_cases,unknown,"Jersey (registry title: ""COVID-19 daily surveillance extract (legacy ListOpenData COVID19 list)"")",unknown,cases,not applicable,blank or -1 -> not_reported; '<N' -> positive_less_than with upper_bound N; no suppression observed in this source (positive_less_than rows in built table: 0),daily list regime split by TestsTotalsamplestestedpriorto1July2020 and TestsTotalsamplestestedsince1July2020 columns; testing regime change on 2020-07-01,TestsTotalNegativeTests excluded (SharePoint float;# rendering),covid19_daily_surveillance_csv,ea51daa689a851af6fedb45e1520abfc235bc350113cbde1cd49b880d7aa512b,2026-09-03,2020-07-30/2023-02-01
1.0,epi_measure_dictionary_manual_fixture,d3a53340cd5ce1f66c5042837f212177bc4c3fd7af2952915ca59e8182547d38,,2020-07-30/2023-02-01,observed,covid19_daily_surveillance_csv:Date;CasesSeven7DayNumberper100000; data/sources.yaml:covid19_daily_surveillance_csv.title,manual_dictionary_transcription_v1,covid_daily_surveillance,seven_day_rate_per_100k,unknown,"Jersey (registry title: ""COVID-19 daily surveillance extract (legacy ListOpenData COVID19 list)"")",unknown,per_100000,unknown,blank or -1 -> not_reported; '<N' -> positive_less_than with upper_bound N; no suppression observed in this source (positive_less_than rows in built table: 0),daily list regime split by ...priorto1July2020 and ...since1July2020 columns; testing regime change on 2020-07-01,TestsTotalNegativeTests excluded (SharePoint float;# rendering),covid19_daily_surveillance_csv,ea51daa689a851af6fedb45e1520abfc235bc350113cbde1cd49b880d7aa512b,2026-09-03,2020-07-30/2023-02-01
1.0,epi_measure_dictionary_manual_fixture,d3a53340cd5ce1f66c5042837f212177bc4c3fd7af2952915ca59e8182547d38,,2020-07-30/2023-02-01,observed,covid19_daily_surveillance_csv:Date;TestsTotaltests;TestsTotalsamplestestedpriorto1July2020;TestsTotalsamplestestedsince1July2020; data/sources.yaml:covid19_daily_surveillance_csv.title,manual_dictionary_transcription_v1,covid_daily_surveillance,cumulative_tests,unknown,"Jersey (registry title: ""COVID-19 daily surveillance extract (legacy ListOpenData COVID19 list)"")",unknown,tests,not applicable,blank or -1 -> not_reported; '<N' -> positive_less_than with upper_bound N; no suppression observed in this source (positive_less_than rows in built table: 0),daily list regime split by ...priorto1July2020 and ...since1July2020 columns; testing regime change on 2020-07-01,TestsTotalNegativeTests excluded (SharePoint float;# rendering),covid19_daily_surveillance_csv,ea51daa689a851af6fedb45e1520abfc235bc350113cbde1cd49b880d7aa512b,2026-09-03,2020-07-30/2023-02-01
1.0,epi_measure_dictionary_manual_fixture,d3a53340cd5ce1f66c5042837f212177bc4c3fd7af2952915ca59e8182547d38,,2020-07-30/2023-02-01,observed,covid19_daily_surveillance_csv:Date;TestsReasonfortestseekinghealthcaresymptomatic;TestsTotalsamplestestedpriorto1July2020;TestsTotalsamplestestedsince1July2020; data/sources.yaml:covid19_daily_surveillance_csv.title,manual_dictionary_transcription_v1,covid_daily_surveillance,tests_reason_symptomatic,unknown,"Jersey (registry title: ""COVID-19 daily surveillance extract (legacy ListOpenData COVID19 list)"")",unknown,tests,not applicable,blank or -1 -> not_reported; '<N' -> positive_less_than with upper_bound N; no suppression observed in this source (positive_less_than rows in built table: 0),daily list regime split by TestsTotalsamplestestedpriorto1July2020 and TestsTotalsamplestestedsince1July2020 columns; testing regime change on 2020-07-01,TestsTotalNegativeTests excluded (SharePoint float;# rendering),covid19_daily_surveillance_csv,ea51daa689a851af6fedb45e1520abfc235bc350113cbde1cd49b880d7aa512b,2026-09-03,2020-07-30/2023-02-01
1.0,epi_measure_dictionary_manual_fixture,d3a53340cd5ce1f66c5042837f212177bc4c3fd7af2952915ca59e8182547d38,,2020-07-30/2023-02-01,observed,covid19_daily_surveillance_csv:Date;TestsReasonforTestInboundTravel;TestsTotalsamplestestedpriorto1July2020;TestsTotalsamplestestedsince1July2020; data/sources.yaml:covid19_daily_surveillance_csv.title,manual_dictionary_transcription_v1,covid_daily_surveillance,tests_reason_inbound_travel,unknown,"Jersey (registry title: ""COVID-19 daily surveillance extract (legacy ListOpenData COVID19 list)"")",unknown,tests,not applicable,blank or -1 -> not_reported; '<N' -> positive_less_than with upper_bound N; no suppression observed in this source (positive_less_than rows in built table: 0),daily list regime split by TestsTotalsamplestestedpriorto1July2020 and TestsTotalsamplestestedsince1July2020 columns; testing regime change on 2020-07-01,TestsTotalNegativeTests excluded (SharePoint float;# rendering),covid19_daily_surveillance_csv,ea51daa689a851af6fedb45e1520abfc235bc350113cbde1cd49b880d7aa512b,2026-09-03,2020-07-30/2023-02-01
1.0,epi_measure_dictionary_manual_fixture,d3a53340cd5ce1f66c5042837f212177bc4c3fd7af2952915ca59e8182547d38,,2020-07-30/2023-02-01,observed,covid19_daily_surveillance_csv:Date;TestsReasonforTestOnIslandSurveillanceScreening;TestsTotalsamplestestedpriorto1July2020;TestsTotalsamplestestedsince1July2020; data/sources.yaml:covid19_daily_surveillance_csv.title,manual_dictionary_transcription_v1,covid_daily_surveillance,tests_reason_on_island_screening,unknown,"Jersey (registry title: ""COVID-19 daily surveillance extract (legacy ListOpenData COVID19 list)"")",unknown,tests,not applicable,blank or -1 -> not_reported; '<N' -> positive_less_than with upper_bound N; no suppression observed in this source (positive_less_than rows in built table: 0),daily list regime split by TestsTotalsamplestestedpriorto1July2020 and TestsTotalsamplestestedsince1July2020 columns; testing regime change on 2020-07-01,TestsTotalNegativeTests excluded (SharePoint float;# rendering),covid19_daily_surveillance_csv,ea51daa689a851af6fedb45e1520abfc235bc350113cbde1cd49b880d7aa512b,2026-09-03,2020-07-30/2023-02-01
1.0,epi_measure_dictionary_manual_fixture,d3a53340cd5ce1f66c5042837f212177bc4c3fd7af2952915ca59e8182547d38,,2020-07-30/2023-02-01,observed,covid19_daily_surveillance_csv:Date;MortalityTotalDeaths;...priorto1July2020;...since1July2020; data/sources.yaml:covid19_daily_surveillance_csv.title,manual_dictionary_transcription_v1,covid_daily_surveillance,cumulative_deaths,unknown,"Jersey (registry title: ""COVID-19 daily surveillance extract (legacy ListOpenData COVID19 list)"")",unknown,deaths,not applicable,blank or -1 -> not_reported; '<N' -> positive_less_than with upper_bound N; no suppression observed in this source (positive_less_than rows in built table: 0),daily list regime split by ...priorto1July2020 and ...since1July2020 columns; testing regime change on 2020-07-01,TestsTotalNegativeTests excluded (SharePoint float;# rendering),covid19_daily_surveillance_csv,ea51daa689a851af6fedb45e1520abfc235bc350113cbde1cd49b880d7aa512b,2026-09-03,2020-07-30/2023-02-01
1.0,epi_measure_dictionary_manual_fixture,d3a53340cd5ce1f66c5042837f212177bc4c3fd7af2952915ca59e8182547d38,,2020-07-30/2026-07-29,observed,covid19_current_summary_csv:Date;TestsTotalTests; data/sources.yaml:covid19_current_summary_csv.title,manual_dictionary_transcription_v1,covid_current_summary,cumulative_tests,unknown,"Jersey (registry title: ""Coronavirus (COVID-19) data for Jersey (current summary list)"")",unknown,tests,not applicable,blank or -1 -> not_reported; '<N' -> positive_less_than with upper_bound N; no suppression observed in this source (positive_less_than rows in built table: 0),sparse residual PCR reporting after 2023-02-01 as row density falls,undated cumulative row excluded and recorded as a warning,covid19_current_summary_csv,4566333483a6ac4229e86d009fff97caf8f8c52ef1c4758ad07e9558da3630dd,2026-09-03,2020-07-30/2026-07-29
1.0,epi_measure_dictionary_manual_fixture,d3a53340cd5ce1f66c5042837f212177bc4c3fd7af2952915ca59e8182547d38,,2020-07-30/2026-07-29,observed,covid19_current_summary_csv:Date;CasesTotalConfirmedPositiveCases; data/sources.yaml:covid19_current_summary_csv.title,manual_dictionary_transcription_v1,covid_current_summary,cumulative_confirmed_cases,unknown,"Jersey (registry title: ""Coronavirus (COVID-19) data for Jersey (current summary list)"")",unknown,cases,not applicable,blank or -1 -> not_reported; '<N' -> positive_less_than with upper_bound N; no suppression observed in this source (positive_less_than rows in built table: 0),sparse residual PCR reporting after 2023-02-01 as row density falls,undated cumulative row excluded and recorded as a warning,covid19_current_summary_csv,4566333483a6ac4229e86d009fff97caf8f8c52ef1c4758ad07e9558da3630dd,2026-09-03,2020-07-30/2026-07-29
1.0,epi_measure_dictionary_manual_fixture,d3a53340cd5ce1f66c5042837f212177bc4c3fd7af2952915ca59e8182547d38,,2020-07-30/2026-07-29,observed,covid19_current_summary_csv:Date;CasesSeven7DayNumberper100000; data/sources.yaml:covid19_current_summary_csv.title,manual_dictionary_transcription_v1,covid_current_summary,seven_day_rate_per_100k,unknown,"Jersey (registry title: ""Coronavirus (COVID-19) data for Jersey (current summary list)"")",unknown,per_100000,unknown,blank or -1 -> not_reported; '<N' -> positive_less_than with upper_bound N; no suppression observed in this source (positive_less_than rows in built table: 0),sparse residual PCR reporting after 2023-02-01 as row density falls,undated cumulative row excluded and recorded as a warning,covid19_current_summary_csv,4566333483a6ac4229e86d009fff97caf8f8c52ef1c4758ad07e9558da3630dd,2026-09-03,2020-07-30/2026-07-29
1.0,epi_measure_dictionary_manual_fixture,d3a53340cd5ce1f66c5042837f212177bc4c3fd7af2952915ca59e8182547d38,,2020-07-30/2026-07-29,observed,covid19_current_summary_csv:Date;MortalityTotalDeaths; data/sources.yaml:covid19_current_summary_csv.title,manual_dictionary_transcription_v1,covid_current_summary,cumulative_deaths,unknown,"Jersey (registry title: ""Coronavirus (COVID-19) data for Jersey (current summary list)"")",unknown,deaths,not applicable,blank or -1 -> not_reported; '<N' -> positive_less_than with upper_bound N; no suppression observed in this source (positive_less_than rows in built table: 0),sparse residual PCR reporting after 2023-02-01 as row density falls,undated cumulative row excluded and recorded as a warning,covid19_current_summary_csv,4566333483a6ac4229e86d009fff97caf8f8c52ef1c4758ad07e9558da3630dd,2026-09-03,2020-07-30/2026-07-29
1.0,epi_measure_dictionary_manual_fixture,d3a53340cd5ce1f66c5042837f212177bc4c3fd7af2952915ca59e8182547d38,,2020-01-22/2023-03-09,observed,jhu_csse_confirmed_global_csv:Province/State;Country/Region; data/sources.yaml:jhu_csse_confirmed_global_csv.title,manual_dictionary_transcription_v1,covid_jhu_daily,cumulative_confirmed_cases,unknown (JHU README describes daily-report aggregation but is not a frozen source),"Jersey row (Province/State == ""Jersey"", Country/Region == ""United Kingdom"") of a global file",unknown,cases,not applicable,blank or -1 -> not_reported; '<N' -> positive_less_than with upper_bound N; no suppression observed in this source (positive_less_than rows in built table: 0),single regime; archived 2023-03-10,unknown,jhu_csse_confirmed_global_csv,e6234a59eec4359d2577358b5220e1a7e3da74c162913cdb7d882db1413f98c2,2026-09-04,2020-01-22/2023-03-09
1.0,epi_measure_dictionary_manual_fixture,d3a53340cd5ce1f66c5042837f212177bc4c3fd7af2952915ca59e8182547d38,,2020-01-22/2023-03-09,observed,jhu_csse_deaths_global_csv:Province/State;Country/Region; data/sources.yaml:jhu_csse_deaths_global_csv.title,manual_dictionary_transcription_v1,covid_jhu_daily,cumulative_deaths,unknown (JHU README describes daily-report aggregation but is not a frozen source),"Jersey row (Province/State == ""Jersey"", Country/Region == ""United Kingdom"") of a global file",unknown,deaths,not applicable,blank or -1 -> not_reported; '<N' -> positive_less_than with upper_bound N; no suppression observed in this source (positive_less_than rows in built table: 0),single regime; archived 2023-03-10,unknown,jhu_csse_deaths_global_csv,4e87757a3e059c45650a1e1856614f8e339ee3c70653c378a7ba6f7b0ee8c72e,2026-09-04,2020-01-22/2023-03-09
1.0,epi_measure_dictionary_manual_fixture,d3a53340cd5ce1f66c5042837f212177bc4c3fd7af2952915ca59e8182547d38,,2020-01-22/2023-03-09,observed,jhu_csse_confirmed_global_csv:Province/State;Country/Region; data/sources.yaml:jhu_csse_confirmed_global_csv.title,manual_dictionary_transcription_v1,covid_jhu_daily,daily_new_confirmed_cases,unknown (JHU README describes daily-report aggregation but is not a frozen source),"Jersey row (Province/State == ""Jersey"", Country/Region == ""United Kingdom"") of a global file",unknown,cases,not applicable,blank or -1 -> not_reported; '<N' -> positive_less_than with upper_bound N; no suppression observed in this source (positive_less_than rows in built table: 0),single regime; archived 2023-03-10,unknown,jhu_csse_confirmed_global_csv,e6234a59eec4359d2577358b5220e1a7e3da74c162913cdb7d882db1413f98c2,2026-09-04,2020-01-22/2023-03-09
1.0,epi_measure_dictionary_manual_fixture,d3a53340cd5ce1f66c5042837f212177bc4c3fd7af2952915ca59e8182547d38,,2020-04-29/2020-05-05,observed,sars_cov2_serosurvey_2020_pdf:PDF page 1; data/sources.yaml:sars_cov2_serosurvey_2020_pdf.title,manual_dictionary_transcription_v1,covid_serosurvey_2020,estimated_population_prevalence_percent,fieldwork 2020-04-29/2020-05-05 (registry reference_period of sars_cov2_serosurvey_2020_pdf),"Jersey (registry title: ""SARS-CoV-2: Prevalence of antibodies in Jersey (community serosurvey)"")","adults 16+ in private households, care homes excluded",percent,"individuals tested (855), weighted at household and individual level; sensitivity-adjusted for the estimated rate (PDF pages 2, 5–7)",blank or -1 -> not_reported; '<N' -> positive_less_than with upper_bound N; no suppression observed in this source (positive_less_than rows in built table: 0),one-off,care homes excluded,sars_cov2_serosurvey_2020_pdf,a74e606e5ef16544a763146249b42fba8ae61fb00526982793c6f9fbc300dd0d,2026-09-03,2020-04-29/2020-05-05
1.0,epi_measure_dictionary_manual_fixture,d3a53340cd5ce1f66c5042837f212177bc4c3fd7af2952915ca59e8182547d38,,2020-04-29/2020-05-05,observed,sars_cov2_serosurvey_2020_pdf:PDF page 1; data/sources.yaml:sars_cov2_serosurvey_2020_pdf.title,manual_dictionary_transcription_v1,covid_serosurvey_2020,estimated_population_prevalence_ci95_half_width_percent,fieldwork 2020-04-29/2020-05-05 (registry reference_period of sars_cov2_serosurvey_2020_pdf),"Jersey (registry title: ""SARS-CoV-2: Prevalence of antibodies in Jersey (community serosurvey)"")","adults 16+ in private households, care homes excluded",percent,"individuals tested (855), weighted at household and individual level; sensitivity-adjusted for the estimated rate (PDF pages 2, 5–7)",blank or -1 -> not_reported; '<N' -> positive_less_than with upper_bound N; no suppression observed in this source (positive_less_than rows in built table: 0),one-off,care homes excluded,sars_cov2_serosurvey_2020_pdf,a74e606e5ef16544a763146249b42fba8ae61fb00526982793c6f9fbc300dd0d,2026-09-03,2020-04-29/2020-05-05
1.0,epi_measure_dictionary_manual_fixture,d3a53340cd5ce1f66c5042837f212177bc4c3fd7af2952915ca59e8182547d38,,2020-04-29/2020-05-05,observed,sars_cov2_serosurvey_2020_pdf:PDF page 6; data/sources.yaml:sars_cov2_serosurvey_2020_pdf.title,manual_dictionary_transcription_v1,covid_serosurvey_2020,observed_unweighted_prevalence_percent,fieldwork 2020-04-29/2020-05-05 (registry reference_period of sars_cov2_serosurvey_2020_pdf),"Jersey (registry title: ""SARS-CoV-2: Prevalence of antibodies in Jersey (community serosurvey)"")","adults 16+ in private households, care homes excluded",percent,"individuals tested (855), weighted at household and individual level; sensitivity-adjusted for the estimated rate (PDF pages 2, 5–7)",blank or -1 -> not_reported; '<N' -> positive_less_than with upper_bound N; no suppression observed in this source (positive_less_than rows in built table: 0),one-off,care homes excluded,sars_cov2_serosurvey_2020_pdf,a74e606e5ef16544a763146249b42fba8ae61fb00526982793c6f9fbc300dd0d,2026-09-03,2020-04-29/2020-05-05
1.0,epi_measure_dictionary_manual_fixture,d3a53340cd5ce1f66c5042837f212177bc4c3fd7af2952915ca59e8182547d38,,2020-04-29/2020-05-05,observed,sars_cov2_serosurvey_2020_pdf:PDF page 6; data/sources.yaml:sars_cov2_serosurvey_2020_pdf.title,manual_dictionary_transcription_v1,covid_serosurvey_2020,weighted_unadjusted_prevalence_percent,fieldwork 2020-04-29/2020-05-05 (registry reference_period of sars_cov2_serosurvey_2020_pdf),"Jersey (registry title: ""SARS-CoV-2: Prevalence of antibodies in Jersey (community serosurvey)"")","adults 16+ in private households, care homes excluded",percent,"individuals tested (855), weighted at household and individual level; sensitivity-adjusted for the estimated rate (PDF pages 2, 5–7)",blank or -1 -> not_reported; '<N' -> positive_less_than with upper_bound N; no suppression observed in this source (positive_less_than rows in built table: 0),one-off,care homes excluded,sars_cov2_serosurvey_2020_pdf,a74e606e5ef16544a763146249b42fba8ae61fb00526982793c6f9fbc300dd0d,2026-09-03,2020-04-29/2020-05-05
1.0,epi_measure_dictionary_manual_fixture,d3a53340cd5ce1f66c5042837f212177bc4c3fd7af2952915ca59e8182547d38,,2020-04-29/2020-05-05,observed,sars_cov2_serosurvey_2020_pdf:PDF page 2; data/sources.yaml:sars_cov2_serosurvey_2020_pdf.title,manual_dictionary_transcription_v1,covid_serosurvey_2020,households_tested,fieldwork 2020-04-29/2020-05-05 (registry reference_period of sars_cov2_serosurvey_2020_pdf),"Jersey (registry title: ""SARS-CoV-2: Prevalence of antibodies in Jersey (community serosurvey)"")","adults 16+ in private households, care homes excluded",households,not applicable,blank or -1 -> not_reported; '<N' -> positive_less_than with upper_bound N; no suppression observed in this source (positive_less_than rows in built table: 0),one-off,care homes excluded,sars_cov2_serosurvey_2020_pdf,a74e606e5ef16544a763146249b42fba8ae61fb00526982793c6f9fbc300dd0d,2026-09-03,2020-04-29/2020-05-05
1.0,epi_measure_dictionary_manual_fixture,d3a53340cd5ce1f66c5042837f212177bc4c3fd7af2952915ca59e8182547d38,,2020-04-29/2020-05-05,observed,sars_cov2_serosurvey_2020_pdf:PDF page 2; data/sources.yaml:sars_cov2_serosurvey_2020_pdf.title,manual_dictionary_transcription_v1,covid_serosurvey_2020,individuals_tested,fieldwork 2020-04-29/2020-05-05 (registry reference_period of sars_cov2_serosurvey_2020_pdf),"Jersey (registry title: ""SARS-CoV-2: Prevalence of antibodies in Jersey (community serosurvey)"")","adults 16+ in private households, care homes excluded",individuals,not applicable,blank or -1 -> not_reported; '<N' -> positive_less_than with upper_bound N; no suppression observed in this source (positive_less_than rows in built table: 0),one-off,care homes excluded,sars_cov2_serosurvey_2020_pdf,a74e606e5ef16544a763146249b42fba8ae61fb00526982793c6f9fbc300dd0d,2026-09-03,2020-04-29/2020-05-05
1.0,epi_measure_dictionary_manual_fixture,d3a53340cd5ce1f66c5042837f212177bc4c3fd7af2952915ca59e8182547d38,,2020-04-29/2020-05-05,observed,sars_cov2_serosurvey_2020_pdf:PDF page 2; data/sources.yaml:sars_cov2_serosurvey_2020_pdf.title,manual_dictionary_transcription_v1,covid_serosurvey_2020,response_rate_households_percent,fieldwork 2020-04-29/2020-05-05 (registry reference_period of sars_cov2_serosurvey_2020_pdf),"Jersey (registry title: ""SARS-CoV-2: Prevalence of antibodies in Jersey (community serosurvey)"")","adults 16+ in private households, care homes excluded",percent,eligible sampled households / individuals after removing ineligible addresses (PDF page 2),blank or -1 -> not_reported; '<N' -> positive_less_than with upper_bound N; no suppression observed in this source (positive_less_than rows in built table: 0),one-off,care homes excluded,sars_cov2_serosurvey_2020_pdf,a74e606e5ef16544a763146249b42fba8ae61fb00526982793c6f9fbc300dd0d,2026-09-03,2020-04-29/2020-05-05
1.0,epi_measure_dictionary_manual_fixture,d3a53340cd5ce1f66c5042837f212177bc4c3fd7af2952915ca59e8182547d38,,2020-04-29/2020-05-05,observed,sars_cov2_serosurvey_2020_pdf:PDF page 2; data/sources.yaml:sars_cov2_serosurvey_2020_pdf.title,manual_dictionary_transcription_v1,covid_serosurvey_2020,response_rate_individuals_percent,fieldwork 2020-04-29/2020-05-05 (registry reference_period of sars_cov2_serosurvey_2020_pdf),"Jersey (registry title: ""SARS-CoV-2: Prevalence of antibodies in Jersey (community serosurvey)"")","adults 16+ in private households, care homes excluded",percent,eligible sampled households / individuals after removing ineligible addresses (PDF page 2),blank or -1 -> not_reported; '<N' -> positive_less_than with upper_bound N; no suppression observed in this source (positive_less_than rows in built table: 0),one-off,care homes excluded,sars_cov2_serosurvey_2020_pdf,a74e606e5ef16544a763146249b42fba8ae61fb00526982793c6f9fbc300dd0d,2026-09-03,2020-04-29/2020-05-05
1.0,epi_measure_dictionary_manual_fixture,d3a53340cd5ce1f66c5042837f212177bc4c3fd7af2952915ca59e8182547d38,,2020-04-29/2020-05-05,observed,sars_cov2_serosurvey_2020_pdf:PDF page 7; data/sources.yaml:sars_cov2_serosurvey_2020_pdf.title,manual_dictionary_transcription_v1,covid_serosurvey_2020,assumed_test_sensitivity_percent,fieldwork 2020-04-29/2020-05-05 (registry reference_period of sars_cov2_serosurvey_2020_pdf),"Jersey (registry title: ""SARS-CoV-2: Prevalence of antibodies in Jersey (community serosurvey)"")","adults 16+ in private households, care homes excluded",percent,assay validation sample (WHO report cited on PDF page 7),blank or -1 -> not_reported; '<N' -> positive_less_than with upper_bound N; no suppression observed in this source (positive_less_than rows in built table: 0),one-off,care homes excluded,sars_cov2_serosurvey_2020_pdf,a74e606e5ef16544a763146249b42fba8ae61fb00526982793c6f9fbc300dd0d,2026-09-03,2020-04-29/2020-05-05
1.0,epi_measure_dictionary_manual_fixture,d3a53340cd5ce1f66c5042837f212177bc4c3fd7af2952915ca59e8182547d38,,2020-04-29/2020-05-05,observed,sars_cov2_serosurvey_2020_pdf:PDF page 7; data/sources.yaml:sars_cov2_serosurvey_2020_pdf.title,manual_dictionary_transcription_v1,covid_serosurvey_2020,assumed_test_sensitivity_ci95_low_percent,fieldwork 2020-04-29/2020-05-05 (registry reference_period of sars_cov2_serosurvey_2020_pdf),"Jersey (registry title: ""SARS-CoV-2: Prevalence of antibodies in Jersey (community serosurvey)"")","adults 16+ in private households, care homes excluded",percent,assay validation sample (WHO report cited on PDF page 7),blank or -1 -> not_reported; '<N' -> positive_less_than with upper_bound N; no suppression observed in this source (positive_less_than rows in built table: 0),one-off,care homes excluded,sars_cov2_serosurvey_2020_pdf,a74e606e5ef16544a763146249b42fba8ae61fb00526982793c6f9fbc300dd0d,2026-09-03,2020-04-29/2020-05-05
1.0,epi_measure_dictionary_manual_fixture,d3a53340cd5ce1f66c5042837f212177bc4c3fd7af2952915ca59e8182547d38,,2020-04-29/2020-05-05,observed,sars_cov2_serosurvey_2020_pdf:PDF page 7; data/sources.yaml:sars_cov2_serosurvey_2020_pdf.title,manual_dictionary_transcription_v1,covid_serosurvey_2020,assumed_test_sensitivity_ci95_high_percent,fieldwork 2020-04-29/2020-05-05 (registry reference_period of sars_cov2_serosurvey_2020_pdf),"Jersey (registry title: ""SARS-CoV-2: Prevalence of antibodies in Jersey (community serosurvey)"")","adults 16+ in private households, care homes excluded",percent,assay validation sample (WHO report cited on PDF page 7),blank or -1 -> not_reported; '<N' -> positive_less_than with upper_bound N; no suppression observed in this source (positive_less_than rows in built table: 0),one-off,care homes excluded,sars_cov2_serosurvey_2020_pdf,a74e606e5ef16544a763146249b42fba8ae61fb00526982793c6f9fbc300dd0d,2026-09-03,2020-04-29/2020-05-05
1.0,epi_measure_dictionary_manual_fixture,d3a53340cd5ce1f66c5042837f212177bc4c3fd7af2952915ca59e8182547d38,,2020-04-29/2020-05-05,observed,sars_cov2_serosurvey_2020_pdf:PDF page 7; data/sources.yaml:sars_cov2_serosurvey_2020_pdf.title,manual_dictionary_transcription_v1,covid_serosurvey_2020,assumed_test_specificity_percent,fieldwork 2020-04-29/2020-05-05 (registry reference_period of sars_cov2_serosurvey_2020_pdf),"Jersey (registry title: ""SARS-CoV-2: Prevalence of antibodies in Jersey (community serosurvey)"")","adults 16+ in private households, care homes excluded",percent,assay validation sample (WHO report cited on PDF page 7),blank or -1 -> not_reported; '<N' -> positive_less_than with upper_bound N; no suppression observed in this source (positive_less_than rows in built table: 0),one-off,care homes excluded,sars_cov2_serosurvey_2020_pdf,a74e606e5ef16544a763146249b42fba8ae61fb00526982793c6f9fbc300dd0d,2026-09-03,2020-04-29/2020-05-05
1.0,epi_measure_dictionary_manual_fixture,d3a53340cd5ce1f66c5042837f212177bc4c3fd7af2952915ca59e8182547d38,,2020-04-29/2020-05-05,observed,sars_cov2_serosurvey_2020_pdf:PDF page 1; data/sources.yaml:sars_cov2_serosurvey_2020_pdf.title,manual_dictionary_transcription_v1,covid_serosurvey_2020,minimum_age_years,fieldwork 2020-04-29/2020-05-05 (registry reference_period of sars_cov2_serosurvey_2020_pdf),"Jersey (registry title: ""SARS-CoV-2: Prevalence of antibodies in Jersey (community serosurvey)"")","adults 16+ in private households, care homes excluded",years,not applicable,blank or -1 -> not_reported; '<N' -> positive_less_than with upper_bound N; no suppression observed in this source (positive_less_than rows in built table: 0),one-off,care homes excluded,sars_cov2_serosurvey_2020_pdf,a74e606e5ef16544a763146249b42fba8ae61fb00526982793c6f9fbc300dd0d,2026-09-03,2020-04-29/2020-05-05
1.0,epi_measure_dictionary_manual_fixture,d3a53340cd5ce1f66c5042837f212177bc4c3fd7af2952915ca59e8182547d38,,2021-03-14/2023-01-29,observed,covid19_weekly_vaccination_csv:Date;VaccinationsTotalVaccinationDosesFirstDose[age bands];frozen start-date observations 2021-09-26 2022-03-20 2022-08-21; data/sources.yaml:covid19_weekly_vaccination_csv.title,manual_dictionary_transcription_v1,covid_weekly_vaccination,dose_1:cumulative_doses,Date = week ending,"Jersey (registry title: ""COVID-19 weekly vaccination statistics (ListOpenData COVID19Weekly)"")",unknown,doses,not applicable,blank or -1 -> not_reported; '<N' -> positive_less_than with upper_bound N; no suppression observed in this source (positive_less_than rows in built table: 0),dose-specific start weeks: dose 3 from 2021-09-26; dose 4 from 2022-03-20; autumn booster from 2022-08-21; as observed in frozen file,unknown,covid19_weekly_vaccination_csv,f6708113693c77fefb0d43f8a2551d6f6fcb2fc1db69a5b128087c64280a382a,2026-09-03,2021-03-14/2023-01-29
1.0,epi_measure_dictionary_manual_fixture,d3a53340cd5ce1f66c5042837f212177bc4c3fd7af2952915ca59e8182547d38,,2021-03-14/2023-01-29,observed,covid19_weekly_vaccination_csv:Date;VaccinationsPercentagePopulationVaccinatedFirstDose[age bands];frozen start-date observations 2021-09-26 2022-03-20 2022-08-21; data/sources.yaml:covid19_weekly_vaccination_csv.title,manual_dictionary_transcription_v1,covid_weekly_vaccination,dose_1:percent_population,Date = week ending,"Jersey (registry title: ""COVID-19 weekly vaccination statistics (ListOpenData COVID19Weekly)"")",unknown,percent,publisher-computed against an unstated per-band population,blank or -1 -> not_reported; '<N' -> positive_less_than with upper_bound N; no suppression observed in this source (positive_less_than rows in built table: 0),dose-specific start weeks: dose 3 from 2021-09-26; dose 4 from 2022-03-20; autumn booster from 2022-08-21; as observed in frozen file,unknown,covid19_weekly_vaccination_csv,f6708113693c77fefb0d43f8a2551d6f6fcb2fc1db69a5b128087c64280a382a,2026-09-03,2021-03-14/2023-01-29
1.0,epi_measure_dictionary_manual_fixture,d3a53340cd5ce1f66c5042837f212177bc4c3fd7af2952915ca59e8182547d38,,2021-03-14/2023-01-29,observed,covid19_weekly_vaccination_csv:Date;VaccinationsTotalVaccinationDosesSecondDose[age bands];frozen start-date observations 2021-09-26 2022-03-20 2022-08-21; data/sources.yaml:covid19_weekly_vaccination_csv.title,manual_dictionary_transcription_v1,covid_weekly_vaccination,dose_2:cumulative_doses,Date = week ending,"Jersey (registry title: ""COVID-19 weekly vaccination statistics (ListOpenData COVID19Weekly)"")",unknown,doses,not applicable,blank or -1 -> not_reported; '<N' -> positive_less_than with upper_bound N; no suppression observed in this source (positive_less_than rows in built table: 0),dose-specific start weeks: dose 3 from 2021-09-26; dose 4 from 2022-03-20; autumn booster from 2022-08-21; as observed in frozen file,unknown,covid19_weekly_vaccination_csv,f6708113693c77fefb0d43f8a2551d6f6fcb2fc1db69a5b128087c64280a382a,2026-09-03,2021-03-14/2023-01-29
1.0,epi_measure_dictionary_manual_fixture,d3a53340cd5ce1f66c5042837f212177bc4c3fd7af2952915ca59e8182547d38,,2021-03-14/2023-01-29,observed,covid19_weekly_vaccination_csv:Date;VaccinationsPercentagePopulationVaccinatedSecondDose[age bands];frozen start-date observations 2021-09-26 2022-03-20 2022-08-21; data/sources.yaml:covid19_weekly_vaccination_csv.title,manual_dictionary_transcription_v1,covid_weekly_vaccination,dose_2:percent_population,Date = week ending,"Jersey (registry title: ""COVID-19 weekly vaccination statistics (ListOpenData COVID19Weekly)"")",unknown,percent,publisher-computed against an unstated per-band population,blank or -1 -> not_reported; '<N' -> positive_less_than with upper_bound N; no suppression observed in this source (positive_less_than rows in built table: 0),dose-specific start weeks: dose 3 from 2021-09-26; dose 4 from 2022-03-20; autumn booster from 2022-08-21; as observed in frozen file,unknown,covid19_weekly_vaccination_csv,f6708113693c77fefb0d43f8a2551d6f6fcb2fc1db69a5b128087c64280a382a,2026-09-03,2021-03-14/2023-01-29
1.0,epi_measure_dictionary_manual_fixture,d3a53340cd5ce1f66c5042837f212177bc4c3fd7af2952915ca59e8182547d38,,2021-03-14/2023-01-29,observed,covid19_weekly_vaccination_csv:Date;VaccinationsTotalVaccinationDosesThirdDose[age bands];frozen start-date observations 2021-09-26 2022-03-20 2022-08-21; data/sources.yaml:covid19_weekly_vaccination_csv.title,manual_dictionary_transcription_v1,covid_weekly_vaccination,dose_3:cumulative_doses,Date = week ending,"Jersey (registry title: ""COVID-19 weekly vaccination statistics (ListOpenData COVID19Weekly)"")",unknown,doses,not applicable,blank or -1 -> not_reported; '<N' -> positive_less_than with upper_bound N; no suppression observed in this source (positive_less_than rows in built table: 0),dose-specific start weeks: dose 3 from 2021-09-26; dose 4 from 2022-03-20; autumn booster from 2022-08-21; as observed in frozen file,unknown,covid19_weekly_vaccination_csv,f6708113693c77fefb0d43f8a2551d6f6fcb2fc1db69a5b128087c64280a382a,2026-09-03,2021-03-14/2023-01-29
1.0,epi_measure_dictionary_manual_fixture,d3a53340cd5ce1f66c5042837f212177bc4c3fd7af2952915ca59e8182547d38,,2021-03-14/2023-01-29,observed,covid19_weekly_vaccination_csv:Date;VaccinationsPercentagePopulationVaccinatedThirdDose[age bands];frozen start-date observations 2021-09-26 2022-03-20 2022-08-21; data/sources.yaml:covid19_weekly_vaccination_csv.title,manual_dictionary_transcription_v1,covid_weekly_vaccination,dose_3:percent_population,Date = week ending,"Jersey (registry title: ""COVID-19 weekly vaccination statistics (ListOpenData COVID19Weekly)"")",unknown,percent,publisher-computed against an unstated per-band population,blank or -1 -> not_reported; '<N' -> positive_less_than with upper_bound N; no suppression observed in this source (positive_less_than rows in built table: 0),dose-specific start weeks: dose 3 from 2021-09-26; dose 4 from 2022-03-20; autumn booster from 2022-08-21; as observed in frozen file,unknown,covid19_weekly_vaccination_csv,f6708113693c77fefb0d43f8a2551d6f6fcb2fc1db69a5b128087c64280a382a,2026-09-03,2021-03-14/2023-01-29
1.0,epi_measure_dictionary_manual_fixture,d3a53340cd5ce1f66c5042837f212177bc4c3fd7af2952915ca59e8182547d38,,2021-03-14/2023-01-29,observed,covid19_weekly_vaccination_csv:Date;VaccinationsTotalVaccinationDosesFourthDose[age bands];frozen start-date observations 2021-09-26 2022-03-20 2022-08-21; data/sources.yaml:covid19_weekly_vaccination_csv.title,manual_dictionary_transcription_v1,covid_weekly_vaccination,dose_4:cumulative_doses,Date = week ending,"Jersey (registry title: ""COVID-19 weekly vaccination statistics (ListOpenData COVID19Weekly)"")",unknown,doses,not applicable,blank or -1 -> not_reported; '<N' -> positive_less_than with upper_bound N; no suppression observed in this source (positive_less_than rows in built table: 0),dose-specific start weeks: dose 3 from 2021-09-26; dose 4 from 2022-03-20; autumn booster from 2022-08-21; as observed in frozen file,unknown,covid19_weekly_vaccination_csv,f6708113693c77fefb0d43f8a2551d6f6fcb2fc1db69a5b128087c64280a382a,2026-09-03,2021-03-14/2023-01-29
1.0,epi_measure_dictionary_manual_fixture,d3a53340cd5ce1f66c5042837f212177bc4c3fd7af2952915ca59e8182547d38,,2021-03-14/2023-01-29,observed,covid19_weekly_vaccination_csv:Date;VaccinationsPercentagePopulationVaccinatedFourthDose[age bands];frozen start-date observations 2021-09-26 2022-03-20 2022-08-21; data/sources.yaml:covid19_weekly_vaccination_csv.title,manual_dictionary_transcription_v1,covid_weekly_vaccination,dose_4:percent_population,Date = week ending,"Jersey (registry title: ""COVID-19 weekly vaccination statistics (ListOpenData COVID19Weekly)"")",unknown,percent,publisher-computed against an unstated per-band population,blank or -1 -> not_reported; '<N' -> positive_less_than with upper_bound N; no suppression observed in this source (positive_less_than rows in built table: 0),dose-specific start weeks: dose 3 from 2021-09-26; dose 4 from 2022-03-20; autumn booster from 2022-08-21; as observed in frozen file,unknown,covid19_weekly_vaccination_csv,f6708113693c77fefb0d43f8a2551d6f6fcb2fc1db69a5b128087c64280a382a,2026-09-03,2021-03-14/2023-01-29
1.0,epi_measure_dictionary_manual_fixture,d3a53340cd5ce1f66c5042837f212177bc4c3fd7af2952915ca59e8182547d38,,2021-03-14/2023-01-29,observed,covid19_weekly_vaccination_csv:Date;VaccinationsTotalVaccinationDosesAutumnBooster2022[age bands];VaccinationsTotalNumberAutumnBooster2022;frozen start-date observations 2021-09-26 2022-03-20 2022-08-21; data/sources.yaml:covid19_weekly_vaccination_csv.title,manual_dictionary_transcription_v1,covid_weekly_vaccination,autumn_2022_booster:cumulative_doses,Date = week ending,"Jersey (registry title: ""COVID-19 weekly vaccination statistics (ListOpenData COVID19Weekly)"")",unknown,doses,not applicable,blank or -1 -> not_reported; '<N' -> positive_less_than with upper_bound N; no suppression observed in this source (positive_less_than rows in built table: 0),dose-specific start weeks: dose 3 from 2021-09-26; dose 4 from 2022-03-20; autumn booster from 2022-08-21; as observed in frozen file,unknown,covid19_weekly_vaccination_csv,f6708113693c77fefb0d43f8a2551d6f6fcb2fc1db69a5b128087c64280a382a,2026-09-03,2021-03-14/2023-01-29
1.0,epi_measure_dictionary_manual_fixture,d3a53340cd5ce1f66c5042837f212177bc4c3fd7af2952915ca59e8182547d38,,2021-03-14/2023-01-29,observed,covid19_weekly_vaccination_csv:Date;VaccinationsPercentagePopulationVaccinatedAutumnBooster2022[age bands];VaccinationsTotalNumberAutumnBooster2022Percentage50plus;frozen start-date observations 2021-09-26 2022-03-20 2022-08-21; data/sources.yaml:covid19_weekly_vaccination_csv.title,manual_dictionary_transcription_v1,covid_weekly_vaccination,autumn_2022_booster:percent_population,Date = week ending,"Jersey (registry title: ""COVID-19 weekly vaccination statistics (ListOpenData COVID19Weekly)"")",unknown,percent,publisher-computed against an unstated per-band population,blank or -1 -> not_reported; '<N' -> positive_less_than with upper_bound N; no suppression observed in this source (positive_less_than rows in built table: 0),dose-specific start weeks: dose 3 from 2021-09-26; dose 4 from 2022-03-20; autumn booster from 2022-08-21; as observed in frozen file,unknown,covid19_weekly_vaccination_csv,f6708113693c77fefb0d43f8a2551d6f6fcb2fc1db69a5b128087c64280a382a,2026-09-03,2021-03-14/2023-01-29
1.0,epi_measure_dictionary_manual_fixture,d3a53340cd5ce1f66c5042837f212177bc4c3fd7af2952915ca59e8182547d38,,2021-03-14/2023-01-29,observed,covid19_weekly_vaccination_csv:Date;EligiblePopulation; data/sources.yaml:covid19_weekly_vaccination_csv.title,manual_dictionary_transcription_v1,covid_weekly_eligible_population,eligible_population,Date = week ending,"Jersey (registry title: ""COVID-19 weekly vaccination statistics (ListOpenData COVID19Weekly)"")",unknown,persons,"107,800 constant",blank or -1 -> not_reported; '<N' -> positive_less_than with upper_bound N; no suppression observed in this source (positive_less_than rows in built table: 0),single EligiblePopulation series in the weekly vaccination list,unknown,covid19_weekly_vaccination_csv,f6708113693c77fefb0d43f8a2551d6f6fcb2fc1db69a5b128087c64280a382a,2026-09-03,2021-03-14/2023-01-29
1.0,epi_measure_dictionary_manual_fixture,d3a53340cd5ce1f66c5042837f212177bc4c3fd7af2952915ca59e8182547d38,,2011/2024,observed,annual_population_estimates_by_age_sex_csv:Year;Age;Male;Female; data/sources.yaml:annual_population_estimates_by_age_sex_csv.title,manual_dictionary_transcription_v1,population_estimates_annual,count,mid-year / year-end reference of the annual estimate: unknown (not stated in the frozen CSV),"Jersey (registry title: ""Annual population estimates by age and sex"")",resident population of Jersey (Statistics Jersey annual estimates),persons,not applicable,blank or -1 -> not_reported; '<N' -> positive_less_than with upper_bound N; no suppression observed in this source (positive_less_than rows in built table: 0),annual single-year estimates for 2011-2024,unknown,annual_population_estimates_by_age_sex_csv,1b7b14fa75cab035860dd865eedd72527a92dac1a9ca0fcf76bbb5a2b731e368,2026-09-04,2011/2024
1.0,epi_measure_dictionary_manual_fixture,d3a53340cd5ce1f66c5042837f212177bc4c3fd7af2952915ca59e8182547d38,,2011/2024,observed,annual_population_estimates_by_age_sex_csv:Year;Age;Male;Female; derived transformation annual_estimates_age_band_sum_v1; data/sources.yaml:annual_population_estimates_by_age_sex_csv.title,manual_dictionary_transcription_v1,population_denominators_by_age_band,count,mid-year / year-end reference of the annual estimate: unknown (not stated in the frozen CSV),"Jersey (registry title: ""Annual population estimates by age and sex"")",resident population of Jersey (Statistics Jersey annual estimates),persons,not applicable,blank or -1 -> not_reported; '<N' -> positive_less_than with upper_bound N; no suppression observed in this source (positive_less_than rows in built table: 0),annual estimates 2011-2024 summed into the explicit canonical age-band mapping,unknown,annual_population_estimates_by_age_sex_csv,1b7b14fa75cab035860dd865eedd72527a92dac1a9ca0fcf76bbb5a2b731e368,2026-09-04,2011/2024
