schema_version,source_id,source_sha256,evidence_source_id,reference_period,observation_status,source_locator,transformation_id,measure,value,unit
1.0,jersey_population_2024_manual_fixture,a9590787131d349f18392243f11c0082944289b0473782428b3714f2b966d3fa,jersey_population_2024_total_pdf,2024-12-31,observed,pdf_page_3,manual_pdf_transcription_v1,population_total,104540,people
1.0,jersey_population_2024_manual_fixture,a9590787131d349f18392243f11c0082944289b0473782428b3714f2b966d3fa,jersey_population_2024_total_pdf,2024-12-31,observed,pdf_page_18,manual_pdf_transcription_v1,net_migration,670,people
1.0,jersey_population_2024_manual_fixture,a9590787131d349f18392243f11c0082944289b0473782428b3714f2b966d3fa,jersey_population_2024_total_pdf,2024-12-31,observed,pdf_page_18,manual_pdf_transcription_v1,natural_change,-150,people
1.0,jersey_population_2024_manual_fixture,a9590787131d349f18392243f11c0082944289b0473782428b3714f2b966d3fa,jersey_population_2024_total_pdf,2024-12-31,observed,pdf_page_8,manual_pdf_transcription_v1,age_under_16,15410,people
1.0,jersey_population_2024_manual_fixture,a9590787131d349f18392243f11c0082944289b0473782428b3714f2b966d3fa,jersey_population_2024_total_pdf,2024-12-31,observed,pdf_page_8,manual_pdf_transcription_v1,age_16_to_64,68530,people
1.0,jersey_population_2024_manual_fixture,a9590787131d349f18392243f11c0082944289b0473782428b3714f2b966d3fa,jersey_population_2024_total_pdf,2024-12-31,observed,pdf_page_8,manual_pdf_transcription_v1,age_65_plus,20600,people
1.0,jersey_population_2024_manual_fixture,a9590787131d349f18392243f11c0082944289b0473782428b3714f2b966d3fa,jersey_population_2024_total_pdf,2024-12-31,observed,pdf_page_19,manual_pdf_transcription_v1,sex_male,52150,people
1.0,jersey_population_2024_manual_fixture,a9590787131d349f18392243f11c0082944289b0473782428b3714f2b966d3fa,jersey_population_2024_total_pdf,2024-12-31,observed,pdf_page_19,manual_pdf_transcription_v1,sex_female,52390,people
1.0,census_2021_parish_population_density_csv,e46abd1eac1c13087fa92a3ecba9bb049b179d94868b7b9c967224f5127818ab,,2021-03-21,observed,csv_TOTAL,csv_parish_total_v1,population_total,103267,people
