schema_version,source_id,source_sha256,evidence_source_id,reference_period,observation_status,source_locator,transformation_id,sector,size_band,count,upper_bound,censoring,unit
1.0,labour_market_june_2025_manual_fixture,f2254ce92420ec96c9cc27b2282c0528a0a551c8a8db390720870cec305dca27,labour_market_june_2025_pdf,2025-06,observed,pdf_page_11,manual_pdf_transcription_v1,Agriculture and fishing,1,90,,exact,undertakings
1.0,labour_market_june_2025_manual_fixture,f2254ce92420ec96c9cc27b2282c0528a0a551c8a8db390720870cec305dca27,labour_market_june_2025_pdf,2025-06,observed,pdf_page_11,manual_pdf_transcription_v1,Agriculture and fishing,2-5,40,,exact,undertakings
1.0,labour_market_june_2025_manual_fixture,f2254ce92420ec96c9cc27b2282c0528a0a551c8a8db390720870cec305dca27,labour_market_june_2025_pdf,2025-06,observed,pdf_page_11,manual_pdf_transcription_v1,Agriculture and fishing,6-9,10,,exact,undertakings
1.0,labour_market_june_2025_manual_fixture,f2254ce92420ec96c9cc27b2282c0528a0a551c8a8db390720870cec305dca27,labour_market_june_2025_pdf,2025-06,observed,pdf_page_11,manual_pdf_transcription_v1,Agriculture and fishing,10-19,20,,exact,undertakings
1.0,labour_market_june_2025_manual_fixture,f2254ce92420ec96c9cc27b2282c0528a0a551c8a8db390720870cec305dca27,labour_market_june_2025_pdf,2025-06,observed,pdf_page_11,manual_pdf_transcription_v1,Agriculture and fishing,20-49,10,,exact,undertakings
1.0,labour_market_june_2025_manual_fixture,f2254ce92420ec96c9cc27b2282c0528a0a551c8a8db390720870cec305dca27,labour_market_june_2025_pdf,2025-06,observed,pdf_page_11,manual_pdf_transcription_v1,Agriculture and fishing,50+,,5,positive_less_than,undertakings
1.0,labour_market_june_2025_manual_fixture,f2254ce92420ec96c9cc27b2282c0528a0a551c8a8db390720870cec305dca27,labour_market_june_2025_pdf,2025-06,observed,pdf_page_11,manual_pdf_transcription_v1,Manufacturing utilities and waste,1,190,,exact,undertakings
1.0,labour_market_june_2025_manual_fixture,f2254ce92420ec96c9cc27b2282c0528a0a551c8a8db390720870cec305dca27,labour_market_june_2025_pdf,2025-06,observed,pdf_page_11,manual_pdf_transcription_v1,Manufacturing utilities and waste,2-5,70,,exact,undertakings
1.0,labour_market_june_2025_manual_fixture,f2254ce92420ec96c9cc27b2282c0528a0a551c8a8db390720870cec305dca27,labour_market_june_2025_pdf,2025-06,observed,pdf_page_11,manual_pdf_transcription_v1,Manufacturing utilities and waste,6-9,20,,exact,undertakings
1.0,labour_market_june_2025_manual_fixture,f2254ce92420ec96c9cc27b2282c0528a0a551c8a8db390720870cec305dca27,labour_market_june_2025_pdf,2025-06,observed,pdf_page_11,manual_pdf_transcription_v1,Manufacturing utilities and waste,10-19,20,,exact,undertakings
1.0,labour_market_june_2025_manual_fixture,f2254ce92420ec96c9cc27b2282c0528a0a551c8a8db390720870cec305dca27,labour_market_june_2025_pdf,2025-06,observed,pdf_page_11,manual_pdf_transcription_v1,Manufacturing utilities and waste,20-49,10,,exact,undertakings
1.0,labour_market_june_2025_manual_fixture,f2254ce92420ec96c9cc27b2282c0528a0a551c8a8db390720870cec305dca27,labour_market_june_2025_pdf,2025-06,observed,pdf_page_11,manual_pdf_transcription_v1,Manufacturing utilities and waste,50+,10,,exact,undertakings
1.0,labour_market_june_2025_manual_fixture,f2254ce92420ec96c9cc27b2282c0528a0a551c8a8db390720870cec305dca27,labour_market_june_2025_pdf,2025-06,observed,pdf_page_11,manual_pdf_transcription_v1,Construction and quarrying,1,870,,exact,undertakings
1.0,labour_market_june_2025_manual_fixture,f2254ce92420ec96c9cc27b2282c0528a0a551c8a8db390720870cec305dca27,labour_market_june_2025_pdf,2025-06,observed,pdf_page_11,manual_pdf_transcription_v1,Construction and quarrying,2-5,430,,exact,undertakings
1.0,labour_market_june_2025_manual_fixture,f2254ce92420ec96c9cc27b2282c0528a0a551c8a8db390720870cec305dca27,labour_market_june_2025_pdf,2025-06,observed,pdf_page_11,manual_pdf_transcription_v1,Construction and quarrying,6-9,110,,exact,undertakings
1.0,labour_market_june_2025_manual_fixture,f2254ce92420ec96c9cc27b2282c0528a0a551c8a8db390720870cec305dca27,labour_market_june_2025_pdf,2025-06,observed,pdf_page_11,manual_pdf_transcription_v1,Construction and quarrying,10-19,70,,exact,undertakings
1.0,labour_market_june_2025_manual_fixture,f2254ce92420ec96c9cc27b2282c0528a0a551c8a8db390720870cec305dca27,labour_market_june_2025_pdf,2025-06,observed,pdf_page_11,manual_pdf_transcription_v1,Construction and quarrying,20-49,40,,exact,undertakings
1.0,labour_market_june_2025_manual_fixture,f2254ce92420ec96c9cc27b2282c0528a0a551c8a8db390720870cec305dca27,labour_market_june_2025_pdf,2025-06,observed,pdf_page_11,manual_pdf_transcription_v1,Construction and quarrying,50+,10,,exact,undertakings
1.0,labour_market_june_2025_manual_fixture,f2254ce92420ec96c9cc27b2282c0528a0a551c8a8db390720870cec305dca27,labour_market_june_2025_pdf,2025-06,observed,pdf_page_11,manual_pdf_transcription_v1,Wholesale and retail,1,410,,exact,undertakings
1.0,labour_market_june_2025_manual_fixture,f2254ce92420ec96c9cc27b2282c0528a0a551c8a8db390720870cec305dca27,labour_market_june_2025_pdf,2025-06,observed,pdf_page_11,manual_pdf_transcription_v1,Wholesale and retail,2-5,240,,exact,undertakings
1.0,labour_market_june_2025_manual_fixture,f2254ce92420ec96c9cc27b2282c0528a0a551c8a8db390720870cec305dca27,labour_market_june_2025_pdf,2025-06,observed,pdf_page_11,manual_pdf_transcription_v1,Wholesale and retail,6-9,80,,exact,undertakings
1.0,labour_market_june_2025_manual_fixture,f2254ce92420ec96c9cc27b2282c0528a0a551c8a8db390720870cec305dca27,labour_market_june_2025_pdf,2025-06,observed,pdf_page_11,manual_pdf_transcription_v1,Wholesale and retail,10-19,60,,exact,undertakings
1.0,labour_market_june_2025_manual_fixture,f2254ce92420ec96c9cc27b2282c0528a0a551c8a8db390720870cec305dca27,labour_market_june_2025_pdf,2025-06,observed,pdf_page_11,manual_pdf_transcription_v1,Wholesale and retail,20-49,30,,exact,undertakings
1.0,labour_market_june_2025_manual_fixture,f2254ce92420ec96c9cc27b2282c0528a0a551c8a8db390720870cec305dca27,labour_market_june_2025_pdf,2025-06,observed,pdf_page_11,manual_pdf_transcription_v1,Wholesale and retail,50+,20,,exact,undertakings
1.0,labour_market_june_2025_manual_fixture,f2254ce92420ec96c9cc27b2282c0528a0a551c8a8db390720870cec305dca27,labour_market_june_2025_pdf,2025-06,observed,pdf_page_11,manual_pdf_transcription_v1,Hotels restaurants and bars,1,120,,exact,undertakings
1.0,labour_market_june_2025_manual_fixture,f2254ce92420ec96c9cc27b2282c0528a0a551c8a8db390720870cec305dca27,labour_market_june_2025_pdf,2025-06,observed,pdf_page_11,manual_pdf_transcription_v1,Hotels restaurants and bars,2-5,180,,exact,undertakings
1.0,labour_market_june_2025_manual_fixture,f2254ce92420ec96c9cc27b2282c0528a0a551c8a8db390720870cec305dca27,labour_market_june_2025_pdf,2025-06,observed,pdf_page_11,manual_pdf_transcription_v1,Hotels restaurants and bars,6-9,70,,exact,undertakings
1.0,labour_market_june_2025_manual_fixture,f2254ce92420ec96c9cc27b2282c0528a0a551c8a8db390720870cec305dca27,labour_market_june_2025_pdf,2025-06,observed,pdf_page_11,manual_pdf_transcription_v1,Hotels restaurants and bars,10-19,70,,exact,undertakings
1.0,labour_market_june_2025_manual_fixture,f2254ce92420ec96c9cc27b2282c0528a0a551c8a8db390720870cec305dca27,labour_market_june_2025_pdf,2025-06,observed,pdf_page_11,manual_pdf_transcription_v1,Hotels restaurants and bars,20-49,40,,exact,undertakings
1.0,labour_market_june_2025_manual_fixture,f2254ce92420ec96c9cc27b2282c0528a0a551c8a8db390720870cec305dca27,labour_market_june_2025_pdf,2025-06,observed,pdf_page_11,manual_pdf_transcription_v1,Hotels restaurants and bars,50+,20,,exact,undertakings
1.0,labour_market_june_2025_manual_fixture,f2254ce92420ec96c9cc27b2282c0528a0a551c8a8db390720870cec305dca27,labour_market_june_2025_pdf,2025-06,observed,pdf_page_11,manual_pdf_transcription_v1,Transport and storage,1,230,,exact,undertakings
1.0,labour_market_june_2025_manual_fixture,f2254ce92420ec96c9cc27b2282c0528a0a551c8a8db390720870cec305dca27,labour_market_june_2025_pdf,2025-06,observed,pdf_page_11,manual_pdf_transcription_v1,Transport and storage,2-5,40,,exact,undertakings
1.0,labour_market_june_2025_manual_fixture,f2254ce92420ec96c9cc27b2282c0528a0a551c8a8db390720870cec305dca27,labour_market_june_2025_pdf,2025-06,observed,pdf_page_11,manual_pdf_transcription_v1,Transport and storage,6-9,10,,exact,undertakings
1.0,labour_market_june_2025_manual_fixture,f2254ce92420ec96c9cc27b2282c0528a0a551c8a8db390720870cec305dca27,labour_market_june_2025_pdf,2025-06,observed,pdf_page_11,manual_pdf_transcription_v1,Transport and storage,10-19,10,,exact,undertakings
1.0,labour_market_june_2025_manual_fixture,f2254ce92420ec96c9cc27b2282c0528a0a551c8a8db390720870cec305dca27,labour_market_june_2025_pdf,2025-06,observed,pdf_page_11,manual_pdf_transcription_v1,Transport and storage,20-49,10,,exact,undertakings
1.0,labour_market_june_2025_manual_fixture,f2254ce92420ec96c9cc27b2282c0528a0a551c8a8db390720870cec305dca27,labour_market_june_2025_pdf,2025-06,observed,pdf_page_11,manual_pdf_transcription_v1,Transport and storage,50+,10,,exact,undertakings
1.0,labour_market_june_2025_manual_fixture,f2254ce92420ec96c9cc27b2282c0528a0a551c8a8db390720870cec305dca27,labour_market_june_2025_pdf,2025-06,observed,pdf_page_11,manual_pdf_transcription_v1,Information and communication,1,280,,exact,undertakings
1.0,labour_market_june_2025_manual_fixture,f2254ce92420ec96c9cc27b2282c0528a0a551c8a8db390720870cec305dca27,labour_market_june_2025_pdf,2025-06,observed,pdf_page_11,manual_pdf_transcription_v1,Information and communication,2-5,80,,exact,undertakings
1.0,labour_market_june_2025_manual_fixture,f2254ce92420ec96c9cc27b2282c0528a0a551c8a8db390720870cec305dca27,labour_market_june_2025_pdf,2025-06,observed,pdf_page_11,manual_pdf_transcription_v1,Information and communication,6-9,20,,exact,undertakings
1.0,labour_market_june_2025_manual_fixture,f2254ce92420ec96c9cc27b2282c0528a0a551c8a8db390720870cec305dca27,labour_market_june_2025_pdf,2025-06,observed,pdf_page_11,manual_pdf_transcription_v1,Information and communication,10-19,10,,exact,undertakings
1.0,labour_market_june_2025_manual_fixture,f2254ce92420ec96c9cc27b2282c0528a0a551c8a8db390720870cec305dca27,labour_market_june_2025_pdf,2025-06,observed,pdf_page_11,manual_pdf_transcription_v1,Information and communication,20-49,10,,exact,undertakings
1.0,labour_market_june_2025_manual_fixture,f2254ce92420ec96c9cc27b2282c0528a0a551c8a8db390720870cec305dca27,labour_market_june_2025_pdf,2025-06,observed,pdf_page_11,manual_pdf_transcription_v1,Information and communication,50+,10,,exact,undertakings
1.0,labour_market_june_2025_manual_fixture,f2254ce92420ec96c9cc27b2282c0528a0a551c8a8db390720870cec305dca27,labour_market_june_2025_pdf,2025-06,observed,pdf_page_11,manual_pdf_transcription_v1,Financial and legal activities,1,300,,exact,undertakings
1.0,labour_market_june_2025_manual_fixture,f2254ce92420ec96c9cc27b2282c0528a0a551c8a8db390720870cec305dca27,labour_market_june_2025_pdf,2025-06,observed,pdf_page_11,manual_pdf_transcription_v1,Financial and legal activities,2-5,200,,exact,undertakings
1.0,labour_market_june_2025_manual_fixture,f2254ce92420ec96c9cc27b2282c0528a0a551c8a8db390720870cec305dca27,labour_market_june_2025_pdf,2025-06,observed,pdf_page_11,manual_pdf_transcription_v1,Financial and legal activities,6-9,60,,exact,undertakings
1.0,labour_market_june_2025_manual_fixture,f2254ce92420ec96c9cc27b2282c0528a0a551c8a8db390720870cec305dca27,labour_market_june_2025_pdf,2025-06,observed,pdf_page_11,manual_pdf_transcription_v1,Financial and legal activities,10-19,50,,exact,undertakings
1.0,labour_market_june_2025_manual_fixture,f2254ce92420ec96c9cc27b2282c0528a0a551c8a8db390720870cec305dca27,labour_market_june_2025_pdf,2025-06,observed,pdf_page_11,manual_pdf_transcription_v1,Financial and legal activities,20-49,40,,exact,undertakings
1.0,labour_market_june_2025_manual_fixture,f2254ce92420ec96c9cc27b2282c0528a0a551c8a8db390720870cec305dca27,labour_market_june_2025_pdf,2025-06,observed,pdf_page_11,manual_pdf_transcription_v1,Financial and legal activities,50+,70,,exact,undertakings
1.0,labour_market_june_2025_manual_fixture,f2254ce92420ec96c9cc27b2282c0528a0a551c8a8db390720870cec305dca27,labour_market_june_2025_pdf,2025-06,observed,pdf_page_11,manual_pdf_transcription_v1,Miscellaneous business activities,1,1240,,exact,undertakings
1.0,labour_market_june_2025_manual_fixture,f2254ce92420ec96c9cc27b2282c0528a0a551c8a8db390720870cec305dca27,labour_market_june_2025_pdf,2025-06,observed,pdf_page_11,manual_pdf_transcription_v1,Miscellaneous business activities,2-5,420,,exact,undertakings
1.0,labour_market_june_2025_manual_fixture,f2254ce92420ec96c9cc27b2282c0528a0a551c8a8db390720870cec305dca27,labour_market_june_2025_pdf,2025-06,observed,pdf_page_11,manual_pdf_transcription_v1,Miscellaneous business activities,6-9,80,,exact,undertakings
1.0,labour_market_june_2025_manual_fixture,f2254ce92420ec96c9cc27b2282c0528a0a551c8a8db390720870cec305dca27,labour_market_june_2025_pdf,2025-06,observed,pdf_page_11,manual_pdf_transcription_v1,Miscellaneous business activities,10-19,70,,exact,undertakings
1.0,labour_market_june_2025_manual_fixture,f2254ce92420ec96c9cc27b2282c0528a0a551c8a8db390720870cec305dca27,labour_market_june_2025_pdf,2025-06,observed,pdf_page_11,manual_pdf_transcription_v1,Miscellaneous business activities,20-49,40,,exact,undertakings
1.0,labour_market_june_2025_manual_fixture,f2254ce92420ec96c9cc27b2282c0528a0a551c8a8db390720870cec305dca27,labour_market_june_2025_pdf,2025-06,observed,pdf_page_11,manual_pdf_transcription_v1,Miscellaneous business activities,50+,10,,exact,undertakings
1.0,labour_market_june_2025_manual_fixture,f2254ce92420ec96c9cc27b2282c0528a0a551c8a8db390720870cec305dca27,labour_market_june_2025_pdf,2025-06,observed,pdf_page_11,manual_pdf_transcription_v1,Private education health and other services,1,1300,,exact,undertakings
1.0,labour_market_june_2025_manual_fixture,f2254ce92420ec96c9cc27b2282c0528a0a551c8a8db390720870cec305dca27,labour_market_june_2025_pdf,2025-06,observed,pdf_page_11,manual_pdf_transcription_v1,Private education health and other services,2-5,320,,exact,undertakings
1.0,labour_market_june_2025_manual_fixture,f2254ce92420ec96c9cc27b2282c0528a0a551c8a8db390720870cec305dca27,labour_market_june_2025_pdf,2025-06,observed,pdf_page_11,manual_pdf_transcription_v1,Private education health and other services,6-9,90,,exact,undertakings
1.0,labour_market_june_2025_manual_fixture,f2254ce92420ec96c9cc27b2282c0528a0a551c8a8db390720870cec305dca27,labour_market_june_2025_pdf,2025-06,observed,pdf_page_11,manual_pdf_transcription_v1,Private education health and other services,10-19,70,,exact,undertakings
1.0,labour_market_june_2025_manual_fixture,f2254ce92420ec96c9cc27b2282c0528a0a551c8a8db390720870cec305dca27,labour_market_june_2025_pdf,2025-06,observed,pdf_page_11,manual_pdf_transcription_v1,Private education health and other services,20-49,70,,exact,undertakings
1.0,labour_market_june_2025_manual_fixture,f2254ce92420ec96c9cc27b2282c0528a0a551c8a8db390720870cec305dca27,labour_market_june_2025_pdf,2025-06,observed,pdf_page_11,manual_pdf_transcription_v1,Private education health and other services,50+,30,,exact,undertakings
1.0,labour_market_june_2025_manual_fixture,f2254ce92420ec96c9cc27b2282c0528a0a551c8a8db390720870cec305dca27,labour_market_june_2025_pdf,2025-06,observed,pdf_page_11,manual_pdf_transcription_v1,Total private sector undertakings,1,5020,,exact,undertakings
1.0,labour_market_june_2025_manual_fixture,f2254ce92420ec96c9cc27b2282c0528a0a551c8a8db390720870cec305dca27,labour_market_june_2025_pdf,2025-06,observed,pdf_page_11,manual_pdf_transcription_v1,Total private sector undertakings,2-5,2020,,exact,undertakings
1.0,labour_market_june_2025_manual_fixture,f2254ce92420ec96c9cc27b2282c0528a0a551c8a8db390720870cec305dca27,labour_market_june_2025_pdf,2025-06,observed,pdf_page_11,manual_pdf_transcription_v1,Total private sector undertakings,6-9,550,,exact,undertakings
1.0,labour_market_june_2025_manual_fixture,f2254ce92420ec96c9cc27b2282c0528a0a551c8a8db390720870cec305dca27,labour_market_june_2025_pdf,2025-06,observed,pdf_page_11,manual_pdf_transcription_v1,Total private sector undertakings,10-19,440,,exact,undertakings
1.0,labour_market_june_2025_manual_fixture,f2254ce92420ec96c9cc27b2282c0528a0a551c8a8db390720870cec305dca27,labour_market_june_2025_pdf,2025-06,observed,pdf_page_11,manual_pdf_transcription_v1,Total private sector undertakings,20-49,280,,exact,undertakings
1.0,labour_market_june_2025_manual_fixture,f2254ce92420ec96c9cc27b2282c0528a0a551c8a8db390720870cec305dca27,labour_market_june_2025_pdf,2025-06,observed,pdf_page_11,manual_pdf_transcription_v1,Total private sector undertakings,50+,190,,exact,undertakings
