Date,TestsTotalTests,CasesTotalConfirmedPositiveCases,CasesSeven7DayNumberper100000,MortalityTotalDeaths
2026-07-29,1166055,67399,0.93,
2026-07-23,1166032,67398,0,
2026-07-16,1166016,67398,0.93,
2026-07-10,1165985,67397,0,
2026-07-02,1165950,67397,0,
2026-06-24,1165928,67397,0,
2026-06-17,1165903,67397,0,
2026-06-08,1165877,67397,0,
2026-06-03,1165835,67397,0,
2026-05-28,1165814,67397,0,
2026-05-21,1165780,67397,0,
2026-05-15,1165751,67397,0,
2026-05-07,1165669,67397,0,
2026-04-30,1165669,67397,0,
2026-04-23,1165633,67397,0,
2026-04-15,1165632,67397,0,
2026-04-08,1165625,67397,0,
2026-04-01,1165622,67397,0,
2026-03-25,1165619,67397,0,
2026-03-19,1165617,67397,0,
2026-03-11,1165613,67397,0,
2026-03-05,1165601,67397,0,
2026-02-27,1165597,67397,0.93,
2026-02-18,1165593,67396,0.93,
2026-02-11,1165590,67395,3.71,
2026-02-05,1165573,67391,1.86,
2026-01-29,1165566,67389,0,
2026-01-21,1165554,67389,0,
2026-01-15,1165541,67389,0,
2026-01-08,1165533,67389,0,
2025-12-31,1165523,67389,0,
2025-12-24,1165517,67389,0,
2025-12-18,1165513,67389,0,
2025-12-10,1165499,67389,1.86,
2025-12-04,1165463,67389,2.78,
2025-11-27,1165390,67386,0,
2025-11-19,1165341,67386,1.86,
2025-11-13,1165299,67384,0.93,
2025-11-05,1165255,67383,1.86,
2025-10-29,1165202,67382,0.93,
2025-10-22,1165151,67381,0.93,
2025-10-15,1165105,67380,2.78,
2025-10-08,1165064,67377,0.93,
2025-10-01,1165019,67376,4.64,
2025-09-24,1164981,67371,0.93,
2025-09-17,1164942,67370,2.78,
2025-09-10,1164913,67367,2.78,
2025-09-03,1164891,67364,0.93,
2025-08-27,1164872,67363,0.93,
2025-08-21,1164855,67362,1.86,
2025-08-13,1164849,67360,0.93,
2025-08-08,1164827,67359,0,
2025-07-30,1164797,67359,0.93,
2025-07-24,1164780,67358,0.93,
2025-07-16,1164763,67357,0,
2025-07-10,1164730,67357,1.86,
2025-07-03,1164692,67355,0,
2025-06-27,1164670,67355,0.93,
2025-06-18,1164644,67354,1.86,
2025-06-11,1164615,67352,0.93,
2025-06-04,1164596,67351,0,
2025-05-30,1164580,67351,1.86,
2025-05-21,1164557,67349,2.78,
2025-05-14,1164516,67346,4.64,
2025-05-07,1164485,67342,1.86,
2025-05-01,1164468,67339,1.86,
2025-04-24,1164454,67337,0.93,
2025-04-16,1164447,67336,0,
2025-04-09,1164430,67336,0,
2025-04-02,1164404,67336,0.93,
2025-03-26,1164382,67335,0,
2025-03-19,1164368,67335,0,
2025-03-12,1164355,67335,0.93,
2025-03-05,1164339,67334,0,
2025-02-27,1164309,67334,0,
2025-02-20,1164290,67334,0.93,
2025-02-12,1164263,67332,0.93,
2025-02-05,1164230,67331,0.93,
2025-01-29,1164198,67330,0.93,
2025-01-22,1164163,67329,0,
2025-01-15,1164135,67329,2.78,
2025-01-08,1164102,67326,0.93,
2024-12-18,1163983,67318,5.57,
2024-12-11,1163886,67312,2.78,
2024-12-04,1163760,67309,8.35,
2024-11-20,1163697,67294,5.57,
2024-11-13,1163640,67288,2.78,
2024-11-06,1163585,67285,4.64,
2024-10-31,1163529,67280,0.93,
2024-10-24,1163491,67279,3.71,
2024-10-17,1163426,67275,4.64,
2024-10-09,1163371,67270,1.86,
2024-10-02,1163331,67268,9.28,
2024-09-26,1163282,67258,4.64,
2024-09-18,1163230,67251,5.57,
2024-09-11,1163166,67245,8.35,
2024-09-04,1163109,67236,6.49,
2024-08-29,1163066,67232,6.49,
2024-08-21,1163012,67224,4.64,
2024-08-14,1162967,67218,4.64,
2024-08-07,1162943,67213,2.78,
2024-07-31,1162891,67210,4.64,
2024-07-24,1162847,67205,2.78,
2024-07-17,1162808,67202,4.64,
2024-07-10,1162761,67197,4.64,
2024-07-03,1162717,67193,8.35,201
2024-06-26,1162673,67184,5.57,
2024-06-19,1162616,67178,6.49,
2024-06-12,1162568,67171,3.71,201
2024-06-05,1162533,67167,3.71,
2024-05-29,1162482,67163,4.64,
2024-05-22,1162441,67158,1.86,
2024-05-15,1162394,67156,1.86,
2024-05-08,1162353,67154,1.86,
2024-05-01,1162238,67152,1.86,
2024-04-24,1162238,67150,5.57,
2024-04-17,1162183,67143,2.78,
2024-04-10,1162135,67140,12.06,
2024-04-03,1161983,67127,6.49,198
2024-03-27,1161878,67120,1.86,
2024-03-20,1161773,67118,0.93,
2024-03-13,1161665,67117,1.86,196
2024-02-28,1161425,67114,4.64,193
2024-02-21,1161256,67109,3.71,
2024-02-14,1161066,67106,12.06,
2024-02-07,1160895,67092,16.7,
2024-01-31,1160660,67074,11.13,
2024-01-24,1160361,67066,13.91,
2024-01-17,1160103,67047,33.4,
2024-01-10,1159880,67013,18.55,
2024-01-03,1159704,66992,41.74,181
2023-12-27,1159468,66948,38.03,181
2023-12-20,1159118,66916,12.99,180
2023-12-13,1158943,66893,16.7,178
2023-12-06,1158756,66875,22.26,178
2023-11-29,1158366,66850,8.35,178
2023-11-22,1158233,66841,6.49,178
2023-11-15,1158119,66834,8.35,178
2023-11-08,1157949,66825,3.71,178
2023-11-01,1157869,66821,5.57,177
2023-10-25,1157773,66814,8.35,177
2023-10-18,1157564,66805,39.89,177
2023-10-11,1156958,66757,13.91,175
2023-10-04,1156769,66742,13.91,175
2023-09-27,1156633,66728,10.2,175
2023-09-21,,-1,-1,
2023-09-20,1156561,66717,6.49,175
2023-09-19,,-1,-1,
2023-09-18,,-1,-1,
2023-09-17,,-1,-1,
2023-09-16,,-1,-1,
2023-09-15,,-1,-1,
2023-09-14,,-1,-1,
2023-09-13,1156476,66710,11.13,174
2023-09-12,,-1,-1,
2023-09-11,,-1,-1,
2023-09-10,,-1,-1,
2023-09-09,,-1,-1,
2023-09-08,,-1,-1,
2023-09-07,,-1,-1,
2023-09-06,1156414,66698,14.84,174
2023-09-05,,-1,-1,
2023-09-04,,-1,-1,
2023-09-03,,-1,-1,
2023-09-02,,-1,-1,
2023-09-01,,-1,-1,
2023-08-31,,-1,-1,
2023-08-30,1156249,66682,6.49,174
2023-08-29,,-1,-1,
2023-08-28,,-1,-1,
2023-08-27,,-1,-1,
2023-08-26,,-1,-1,
2023-08-25,,-1,-1,
2023-08-24,,-1,-1,
2023-08-23,1156164,66674,5.57,174
2023-08-22,,-1,-1,
2023-08-21,,-1,-1,
2023-08-20,,-1,-1,
2023-08-19,,-1,-1,
2023-08-18,,-1,-1,
2023-08-17,,-1,-1,
2023-08-16,1156016,66668,1.86,174
2023-08-15,,-1,-1,
2023-08-14,,-1,-1,
2023-08-13,,-1,-1,
2023-08-12,,-1,-1,
2023-08-11,,-1,-1,
2023-08-10,,-1,-1,
2023-08-09,1155976,66666,3.71,174
2023-08-08,,-1,-1,
2023-08-07,,-1,-1,
2023-08-06,,-1,-1,
2023-08-05,,-1,-1,
2023-08-04,,-1,-1,
2023-08-03,,-1,-1,
2023-08-02,1155948,66662,5.57,174
2023-08-01,,-1,-1,
2023-07-31,,-1,-1,
2023-07-30,,-1,-1,
2023-07-29,,-1,-1,
2023-07-28,,-1,-1,
2023-07-27,,-1,-1,
2023-07-26,1155909,66656,1,174
2023-07-25,,-1,-1,
2023-07-24,,-1,-1,
2023-07-23,,-1,-1,
2023-07-22,,-1,-1,
2023-07-21,,-1,-1,
2023-07-20,,-1,-1,
2023-07-19,1155881,66654,1,174
2023-07-18,,-1,-1,
2023-07-17,,-1,-1,
2023-07-16,,-1,-1,
2023-07-15,,-1,-1,
2023-07-14,,-1,-1,
2023-07-13,,-1,-1,
2023-07-12,1155843,66653,2,174
2023-07-11,,-1,-1,
2023-07-10,,-1,-1,
2023-07-09,,-1,-1,
2023-07-08,,-1,-1,
2023-07-07,,-1,-1,
2023-07-06,1155800,66651,0,174
2023-07-05,,-1,-1,
2023-07-04,,-1,-1,
2023-07-03,,-1,-1,
2023-07-02,,-1,-1,
2023-07-01,,-1,-1,
2023-06-30,,-1,-1,
2023-06-29,1155749,66651,0,174
2023-06-28,,-1,-1,
2023-06-27,,-1,-1,
2023-06-26,,-1,-1,
2023-06-25,,-1,-1,
2023-06-24,,-1,-1,
2023-06-23,,-1,-1,
2023-06-22,1155707,66651,2.78,174
2023-06-21,,-1,-1,
2023-06-20,,-1,-1,
2023-06-19,,-1,-1,
2023-06-18,,-1,-1,
2023-06-17,,-1,-1,
2023-06-16,,-1,-1,
2023-06-15,1155640,66648,2.78,170
2023-06-14,,-1,-1,
2023-06-13,,-1,-1,
2023-06-12,,-1,-1,
2023-06-11,,-1,-1,
2023-06-10,,-1,-1,
2023-06-09,,-1,-1,
2023-06-08,1155591,66645,7.42,170
2023-06-07,,-1,-1,
2023-06-06,,-1,-1,
2023-06-05,,-1,-1,
2023-06-04,,-1,-1,
2023-06-03,,-1,-1,
2023-06-02,,-1,-1,
2023-06-01,1155524,66640,5.57,170
2023-05-31,,-1,-1,
2023-05-30,,-1,-1,
2023-05-29,,-1,-1,
2023-05-28,,-1,-1,
2023-05-27,,-1,-1,
2023-05-26,,-1,-1,
2023-05-25,1155405,66634,14.84,169
2023-05-24,,-1,-1,
2023-05-23,,-1,-1,
2023-05-22,,-1,-1,
2023-05-21,,-1,-1,
2023-05-20,,-1,-1,
2023-05-19,,-1,-1,
2023-05-18,,-1,-1,
2023-05-17,,-1,-1,
2023-05-16,,-1,-1,
2023-05-15,,-1,-1,
2023-05-14,,-1,-1,
2023-05-13,,-1,-1,
2023-05-12,,-1,-1,
2023-05-11,1154967,66600,15.77,169
2023-05-10,,-1,-1,
2023-05-09,,-1,-1,
2023-05-08,,-1,-1,
2023-05-07,,-1,-1,
2023-05-06,,-1,-1,
2023-05-05,,-1,-1,
2023-05-04,1154878,66583,6.49,169
2023-05-03,,-1,-1,
2023-05-02,,-1,-1,
2023-05-01,,-1,-1,
2023-04-30,,-1,-1,
2023-04-29,,-1,-1,
2023-04-28,,-1,-1,
2023-04-27,1154801,66577,5.57,169
2023-04-26,,-1,-1,
2023-04-25,,-1,-1,
2023-04-24,,-1,-1,
2023-04-23,,-1,-1,
2023-04-22,,-1,-1,
2023-04-21,,-1,-1,
2023-04-20,1154711,66571,10.2,168
2023-04-19,,-1,-1,
2023-04-18,,-1,-1,
2023-04-17,,-1,-1,
2023-04-16,,-1,-1,
2023-04-15,,-1,-1,
2023-04-14,,-1,-1,
2023-04-13,1154610,66560,12.99,167
2023-04-12,,-1,-1,
2023-04-11,,-1,-1,
2023-04-10,,-1,-1,
2023-04-09,,-1,-1,
2023-04-08,,-1,-1,
2023-04-07,,-1,-1,
2023-04-06,1154465,66547,5.57,167
2023-04-05,,-1,-1,
2023-04-04,,-1,-1,
2023-04-03,,-1,-1,
2023-04-02,,-1,-1,
2023-04-01,,-1,-1,
2023-03-31,,-1,-1,
2023-03-30,1154196,66542,14.84,166
2023-03-29,,-1,-1,
2023-03-28,,-1,-1,
2023-03-27,,-1,-1,
2023-03-26,,-1,-1,
2023-03-25,,-1,-1,
2023-03-24,,-1,-1,
2023-03-23,1152540,66525,18.55,165
2023-03-22,,-1,-1,
2023-03-21,,-1,-1,
2023-03-20,,-1,-1,
2023-03-19,,-1,-1,
2023-03-18,,-1,-1,
2023-03-17,,-1,-1,
2023-03-16,1151076,66511,23.19,164
2023-03-15,,-1,-1,
2023-03-14,,-1,-1,
2023-03-13,,-1,-1,
2023-03-12,,-1,-1,
2023-03-11,,-1,-1,
2023-03-10,,-1,-1,
2023-03-09,1149284,66480,17.63,162
2023-03-08,,-1,-1,
2023-03-07,,-1,-1,
2023-03-06,,-1,-1,
2023-03-05,,-1,-1,
2023-03-04,,-1,-1,
2023-03-03,,-1,-1,
2023-03-02,1147694,66462,11.13,162
2023-03-01,,-1,-1,
2023-02-28,,-1,-1,
2023-02-27,,-1,-1,
2023-02-26,,-1,-1,
2023-02-25,,-1,-1,
2023-02-24,,-1,-1,
2023-02-23,1145882,66448,17.63,161
2023-02-22,,-1,-1,
2023-02-21,,-1,-1,
2023-02-20,,-1,-1,
2023-02-19,,-1,-1,
2023-02-18,,-1,-1,
2023-02-17,,-1,-1,
2023-02-16,1144253,66429,17.63,161
2023-02-15,,-1,-1,
2023-02-14,,-1,-1,
2023-02-13,,-1,-1,
2023-02-12,,-1,-1,
2023-02-11,,-1,-1,
2023-02-10,,-1,-1,
2023-02-09,1142343,66410,16.7,161
2023-02-08,,-1,-1,
2023-02-07,,-1,-1,
2023-02-06,,-1,-1,
2023-02-05,,-1,-1,
2023-02-04,,-1,-1,
2023-02-03,,-1,-1,
2023-02-02,,-1,-1,
2023-02-01,1140136,66391,53.8,161
2023-01-31,,-1,-1,
2023-01-30,,-1,-1,
2023-01-29,,-1,-1,
2023-01-28,,-1,-1,
2023-01-27,,-1,-1,
2023-01-26,1138497,66347,77.92,157
2023-01-25,,-1,-1,
2023-01-24,,-1,-1,
2023-01-23,,-1,-1,
2023-01-22,,-1,-1,
2023-01-21,,-1,-1,
2023-01-20,,-1,-1,
2023-01-19,1136220,66259,77.92,155
2023-01-18,,-1,-1,
2023-01-17,,-1,-1,
2023-01-16,,-1,-1,
2023-01-15,,-1,-1,
2023-01-14,,-1,-1,
2023-01-13,,-1,-1,
2023-01-12,1133952,66174,179.96,154
2023-01-11,,-1,-1,
2023-01-10,,-1,-1,
2023-01-09,,-1,-1,
2023-01-08,,-1,-1,
2023-01-07,,-1,-1,
2023-01-06,,-1,-1,
2023-01-05,1131670,65976,303.34,150
2023-01-04,,-1,-1,
2023-01-03,,-1,-1,
2023-01-02,,-1,-1,
2023-01-01,,-1,-1,
2022-12-31,,-1,-1,
2022-12-30,,-1,-1,
2022-12-29,1129207,65639,449.91,146
2022-12-28,,-1,-1,
2022-12-27,,-1,-1,
2022-12-26,,-1,-1,
2022-12-25,,-1,-1,
2022-12-24,,-1,-1,
2022-12-23,,-1,-1,
2022-12-22,1127191,65130,735.62,146
2022-12-21,,-1,-1,
2022-12-20,,-1,-1,
2022-12-19,,-1,-1,
2022-12-18,,-1,-1,
2022-12-17,,-1,-1,
2022-12-16,,-1,-1,
2022-12-15,1123601,64316,658.63,144
2022-12-14,,-1,-1,
2022-12-13,,-1,-1,
2022-12-12,,-1,-1,
2022-12-11,,-1,-1,
2022-12-10,,-1,-1,
2022-12-09,,-1,-1,
2022-12-08,1120328,63595,430.43,142
2022-12-07,,-1,-1,
2022-12-06,,-1,-1,
2022-12-05,,-1,-1,
2022-12-04,,-1,-1,
2022-12-03,,-1,-1,
2022-12-02,,-1,-1,
2022-12-01,1117204,63128,277.37,142
2022-11-30,,-1,-1,
2022-11-29,,-1,-1,
2022-11-28,,-1,-1,
2022-11-27,,-1,-1,
2022-11-26,,-1,-1,
2022-11-25,,-1,-1,
2022-11-24,1114727,62826,218,142
2022-11-23,,-1,-1,
2022-11-22,,-1,-1,
2022-11-21,,-1,-1,
2022-11-20,,-1,-1,
2022-11-19,,-1,-1,
2022-11-18,,-1,-1,
2022-11-17,1112275,62589,248.61,142
2022-11-16,,-1,-1,
2022-11-15,,-1,-1,
2022-11-14,,-1,-1,
2022-11-13,,-1,-1,
2022-11-12,,-1,-1,
2022-11-11,,-1,-1,
2022-11-10,1109857,62317,272.73,141
2022-11-09,,-1,-1,
2022-11-08,,-1,-1,
2022-11-07,,-1,-1,
2022-11-06,,-1,-1,
2022-11-05,,-1,-1,
2022-11-04,,-1,-1,
2022-11-03,1107136,62014,282.93,141
2022-11-02,,-1,-1,
2022-11-01,,-1,-1,
2022-10-31,,-1,-1,
2022-10-30,,-1,-1,
2022-10-29,,-1,-1,
2022-10-28,,-1,-1,
2022-10-27,1104505,61656,241.19,141
2022-10-26,,-1,-1,
2022-10-25,,-1,-1,
2022-10-24,,-1,-1,
2022-10-23,,-1,-1,
2022-10-22,,-1,-1,
2022-10-21,,-1,-1,
2022-10-20,1101871,61389,307.98,141
2022-10-19,,-1,-1,
2022-10-18,,-1,-1,
2022-10-17,,-1,-1,
2022-10-16,,-1,-1,
2022-10-15,,-1,-1,
2022-10-14,,-1,-1,
2022-10-13,1099302,61048,365.49,141
2022-10-12,,-1,-1,
2022-10-11,,-1,-1,
2022-10-10,,-1,-1,
2022-10-09,,-1,-1,
2022-10-08,,-1,-1,
2022-10-07,,-1,-1,
2022-10-06,1096420,60646,359,141
2022-10-05,,-1,-1,
2022-10-04,,-1,-1,
2022-10-03,,-1,-1,
2022-10-02,,-1,-1,
2022-10-01,,-1,-1,
2022-09-30,,-1,-1,
2022-09-29,1093720,60252,345.08,139
2022-09-28,,-1,-1,
2022-09-27,,-1,-1,
2022-09-26,,-1,-1,
2022-09-25,,-1,-1,
2022-09-24,,-1,-1,
2022-09-23,,-1,-1,
2022-09-22,1090772,59874,290.35,138
2022-09-21,,-1,-1,
2022-09-20,,-1,-1,
2022-09-19,,-1,-1,
2022-09-18,,-1,-1,
2022-09-17,,-1,-1,
2022-09-16,,-1,-1,
2022-09-15,1088321,59555,259.74,138
2022-09-14,,-1,-1,
2022-09-13,,-1,-1,
2022-09-12,,-1,-1,
2022-09-11,,-1,-1,
2022-09-10,,-1,-1,
2022-09-09,,-1,-1,
2022-09-08,1085344,59270,193.88,137
2022-09-07,,-1,-1,
2022-09-06,,-1,-1,
2022-09-05,1084268,59163,188.31,136
2022-09-04,,-1,-1,
2022-09-03,,-1,-1,
2022-09-02,,-1,-1,
2022-09-01,,-1,-1,
2022-08-31,,-1,-1,
2022-08-30,,-1,-1,
2022-08-29,,-1,-1,
2022-08-28,,-1,-1,
2022-08-27,,-1,-1,
2022-08-26,,-1,-1,
2022-08-25,1080809,58890,141,136
2022-08-24,,-1,-1,
2022-08-23,,-1,-1,
2022-08-22,,-1,-1,
2022-08-21,,-1,-1,
2022-08-20,,-1,-1,
2022-08-19,,-1,-1,
2022-08-18,1078419,58733,179.96,135
2022-08-17,,-1,-1,
2022-08-16,,-1,-1,
2022-08-15,,-1,-1,
2022-08-14,,-1,-1,
2022-08-13,,-1,-1,
2022-08-12,,-1,-1,
2022-08-11,1075810,58536,188.31,135
2022-08-10,,-1,-1,
2022-08-09,,-1,-1,
2022-08-08,,-1,-1,
2022-08-07,,-1,-1,
2022-08-06,,-1,-1,
2022-08-05,,-1,-1,
2022-08-04,1073445,58331,300.56,135
2022-08-03,,-1,-1,
2022-08-02,,-1,-1,
2022-08-01,,-1,-1,
2022-07-31,,-1,-1,
2022-07-30,,-1,-1,
2022-07-29,,-1,-1,
2022-07-28,1070515,58003,401.67,133
2022-07-27,,-1,-1,
2022-07-26,,-1,-1,
2022-07-25,,-1,-1,
2022-07-24,,-1,-1,
2022-07-23,,-1,-1,
2022-07-22,,-1,-1,
2022-07-21,1067252,57541,666.05,132
2022-07-20,,-1,-1,
2022-07-19,,-1,-1,
2022-07-18,,-1,-1,
2022-07-17,,-1,-1,
2022-07-16,,-1,-1,
2022-07-15,,-1,-1,
2022-07-14,1063188,56803,1145.64,131
2022-07-13,,-1,-1,
2022-07-12,,-1,-1,
2022-07-11,,-1,-1,
2022-07-10,,-1,-1,
2022-07-09,,-1,-1,
2022-07-08,,-1,-1,
2022-07-07,1059521,55473,1445.27,131
2022-07-06,,-1,-1,
2022-07-05,,-1,-1,
2022-07-04,,-1,-1,
2022-07-03,,-1,-1,
2022-07-02,,-1,-1,
2022-07-01,,-1,-1,
2022-06-30,1054958,53889,1204.08,131
2022-06-29,,-1,-1,
2022-06-28,,-1,-1,
2022-06-27,,-1,-1,
2022-06-26,,-1,-1,
2022-06-25,,-1,-1,
2022-06-24,,-1,-1,
2022-06-23,1051069,52576,804.27,131
2022-06-22,,-1,-1,
2022-06-21,,-1,-1,
2022-06-20,,-1,-1,
2022-06-19,,-1,-1,
2022-06-18,,-1,-1,
2022-06-17,1048307,51792,541.74,131
2022-06-16,,-1,-1,
2022-06-15,,-1,-1,
2022-06-14,,-1,-1,
2022-06-13,,-1,-1,
2022-06-12,,-1,-1,
2022-06-11,,-1,-1,
2022-06-10,,-1,-1,
2022-06-09,1045284,51132,331.17,129
2022-06-08,,-1,-1,
2022-06-07,,-1,-1,
2022-06-06,,-1,-1,
2022-06-05,,-1,-1,
2022-06-04,,-1,-1,
2022-06-03,,-1,-1,
2022-06-02,,-1,-1,
2022-06-01,1042358,50740,140.07,129
2022-05-31,,-1,-1,
2022-05-30,,-1,-1,
2022-05-29,,-1,-1,
2022-05-28,,-1,-1,
2022-05-27,,-1,-1,
2022-05-26,1040676,50611,150.28,129
2022-05-25,,-1,-1,
2022-05-24,,-1,-1,
2022-05-23,,-1,-1,
2022-05-22,,-1,-1,
2022-05-21,,-1,-1,
2022-05-20,,-1,-1,
2022-05-19,1038055,50439,191.09,129
2022-05-18,,-1,-1,
2022-05-17,,-1,-1,
2022-05-16,,-1,-1,
2022-05-15,,-1,-1,
2022-05-14,,-1,-1,
2022-05-13,,-1,-1,
2022-05-12,1035607,50233,178.11,127
2022-05-11,,-1,-1,
2022-05-10,,-1,-1,
2022-05-09,,-1,-1,
2022-05-08,,-1,-1,
2022-05-07,,-1,-1,
2022-05-06,,-1,-1,
2022-05-05,1033067,50033,229.13,127
2022-05-04,,-1,-1,
2022-05-03,,-1,-1,
2022-05-02,,-1,-1,
2022-05-01,,-1,-1,
2022-04-30,,-1,-1,
2022-04-29,1031295,49810,364.56,126
2022-04-28,1030806,49778,410.95,126
2022-04-27,1030310,49717,430.43,124
2022-04-26,1029606,49656,489.8,124
2022-04-25,1029061,49575,524.12,124
2022-04-24,,-1,-1,
2022-04-23,,-1,-1,
2022-04-22,1028196,49408,573.28,123
2022-04-21,1027650,49322,607.61,123
2022-04-20,1027159,49228,623.38,123
2022-04-19,1026557,49103,624.3,122
2022-04-18,,-1,-1,
2022-04-17,,-1,-1,
2022-04-16,,-1,-1,
2022-04-15,,-1,-1,
2022-04-14,1025133,48644,802.41,122
2022-04-13,1024594,48529,855.29,121
2022-04-12,1023924,48305,835.81,121
2022-04-11,1023260,48162,897.03,121
2022-04-10,,-1,-1,
2022-04-09,,-1,-1,
2022-04-08,1022191,47881,1002.78,121
2022-04-07,1021586,47746,1038.96,121
2022-04-06,1021169,47561,1036.18,121
2022-04-05,1020529,47367,1076.07,120
2022-04-04,1019899,47156,1192.95,120
2022-04-03,,-1,-1,
2022-04-02,,-1,-1,
2022-04-01,1018837,46779,1425.79,120
2022-03-31,1018263,46596,1524.12,120
2022-03-30,1017478,46356,1628.94,120
2022-03-29,1016538,46108,1697.59,120
2022-03-28,1015654,45770,1747.68,120
2022-03-27,,-1,-1,
2022-03-26,,-1,-1,
2022-03-25,1014331,45146,1937.85,119
2022-03-24,1013491,44859,1929.5,118
2022-03-23,1012702,44492,1896.1,118
2022-03-22,1011882,44199,1955.47,118
2022-03-21,1010892,43798,1948.05,116
2022-03-20,,-1,-1,
2022-03-19,,-1,-1,
2022-03-18,1009420,42995,1948.98,116
2022-03-17,1008547,42675,1948.98,116
2022-03-16,1007730,42361,1948.98,116
2022-03-15,1006764,42018,1948.98,116
2022-03-14,1005816,41635,1948.98,116
2022-03-13,,-1,-1,
2022-03-12,,-1,-1,
2022-03-11,1004191,40807,1818.18,116
2022-03-10,1003368,40460,1774.58,115
2022-03-09,1002428,40111,1748.61,115
2022-03-08,1001596,39802,1752.32,115
2022-03-07,1000827,39490,1782,115
2022-03-06,,-1,-1,
2022-03-05,,-1,-1,
2022-03-04,999413,38796,1734.69,114
2022-03-03,998602,38480,1611.32,113
2022-03-02,997689,38159,1534.32,113
2022-03-01,996723,37851,1448.98,113
2022-02-28,995814,37499,1363.64,112
2022-02-27,,-1,-1,
2022-02-26,,-1,-1,
2022-02-25,994465,36881,1235.62,112
2022-02-24,993819,36704,1274.58,112
2022-02-23,993069,36420,1211.5,111
2022-02-22,992492,36233,1261.6,110
2022-02-21,991834,35983,1279.22,109
2022-02-20,,-1,-1,
2022-02-19,,-1,-1,
2022-02-18,990697,35506,1397.96,109
2022-02-17,990053,35301,1422.08,108
2022-02-16,989174,35072,1464.75,108
2022-02-15,988213,34785,1467.53,108
2022-02-14,987419,34557,1537.11,108
2022-02-13,,-1,-1,
2022-02-12,,-1,-1,
2022-02-11,986125,33969,1660.48,106
2022-02-10,985143,33718,1666.05,106
2022-02-09,984413,33414,1659.55,106
2022-02-08,983475,33167,1771.8,106
2022-02-07,982520,32850,1853.43,104
2022-02-06,,-1,-1,
2022-02-05,,-1,-1,
2022-02-04,980390,32073,1973.1,104
2022-02-03,979056,31882,2113.17,104
2022-02-02,977950,31562,2129.87,103
2022-02-01,976426,31151,2111.32,103
2022-01-31,975152,30791,2151.21,101
2022-01-30,,-1,-1,
2022-01-29,,-1,-1,
2022-01-28,972589,29880,2042.67,100
2022-01-27,971301,29545,1992.58,99
2022-01-26,970081,29176,1922.08,99
2022-01-25,968946,28786,1831.17,99
2022-01-24,967535,28401,1783.86,96
2022-01-23,,-1,-1,
2022-01-22,,-1,-1,
2022-01-21,964966,27591,1782.93,96
2022-01-20,963713,27338,1798.7,94
2022-01-19,962506,27049,1821.89,94
2022-01-18,960730,26735,1835.81,94
2022-01-17,959156,26407,1895.18,92
2022-01-16,,-1,-1,
2022-01-15,,-1,-1,
2022-01-14,956312,25618,2179.96,92
2022-01-13,955049,25333,2421.15,92
2022-01-12,953685,24992,2631.73,92
2022-01-11,952477,24659,2917.44,90
2022-01-10,950857,24209,2993.51,90
2022-01-09,,-1,-1,
2022-01-08,,-1,-1,
2022-01-07,946556,22785,2838.59,90
2022-01-06,944479,22206,2757.88,89
2022-01-05,942344,21556,2666.98,89
2022-01-04,940016,21049,2654.92,89
2022-01-03,,-1,-1,
2022-01-02,,-1,-1,
2022-01-01,,-1,-1,
2021-12-31,933806,19422,2002.78,89
2021-12-30,931823,19011,1814.47,89
2021-12-29,929877,18596,1635.44,89
2021-12-28,,-1,-1,
2021-12-27,,-1,-1,
2021-12-26,,-1,-1,
2021-12-25,,-1,-1,
2021-12-24,924299,17211,1002.78,89
2021-12-23,922585,16957,876.62,89
2021-12-22,920640,16802,869.2,89
2021-12-21,918802,16634,816.33,88
2021-12-20,916774,16487,784.79,87
2021-12-19,,-1,-1,
2021-12-18,,-1,-1,
2021-12-17,913730,16118,708.72,87
2021-12-16,911541,15996,700.37,85
2021-12-15,909931,15852,698.52,84
2021-12-14,908406,15710,676.25,84
2021-12-13,906864,15614,705.94,84
2021-12-12,,-1,-1,
2021-12-11,,-1,-1,
2021-12-10,903630,15342,744.9,84
2021-12-09,902051,15224,777.37,84
2021-12-08,900518,15074,759.74,84
2021-12-07,898930,14961,785.71,82
2021-12-06,897132,14842,816.33,82
2021-12-05,,-1,-1,
2021-12-04,,-1,-1,
2021-12-03,895958,14505,780.15,81
2021-12-02,894536,14364,763.45,81
2021-12-01,892996,14239,779.22,81
2021-11-30,891395,14105,791.28,81
2021-11-29,889747,13952,801.48,81
2021-11-28,,-1,-1,
2021-11-27,,-1,-1,
2021-11-26,886768,13656,844.16,80
2021-11-25,885030,13518,822.82,80
2021-11-24,882627,13372,772.73,80
2021-11-23,880458,13223,737.48,80
2021-11-22,878096,13034,672.54,80
2021-11-21,,-1,-1,
2021-11-20,,-1,-1,
2021-11-19,873507,12697,648.42,80
2021-11-18,871688,12568,663.27,80
2021-11-17,870035,12495,672.54,80
2021-11-16,868232,12361,628.01,80
2021-11-15,867447,12274,644.71,80
2021-11-14,,-1,-1,
2021-11-13,,-1,-1,
2021-11-12,862415,11904,459.18,80
2021-11-11,860867,11807,424.86,80
2021-11-10,858443,11697,403.53,80
2021-11-09,856952,11617,365.49,80
2021-11-08,855636,11548,358.07,80
2021-11-07,,-1,-1,
2021-11-06,,-1,-1,
2021-11-05,853053,11372,380.33,80
2021-11-04,851854,11318,385.9,80
2021-11-03,850823,11255,380.33,80
2021-11-02,849504,11207,380.33,80
2021-11-01,847030,11153,369.2,80
2021-10-31,,-1,-1,
2021-10-30,,-1,-1,
2021-10-29,838472,10953,308.91,80
2021-10-28,836740,10891,282,80
2021-10-27,833253,10831,269.94,80
2021-10-26,830780,10772,243.04,80
2021-10-25,828193,10738,247.68,80
2021-10-24,,-1,-1,
2021-10-23,,-1,-1,
2021-10-22,819523,10609,215.21,80
2021-10-21,816505,10567,208.72,80
2021-10-20,814199,10537,204.08,80
2021-10-19,811546,10510,212.43,80
2021-10-18,809048,10449,183.67,79
2021-10-17,,-1,-1,
2021-10-16,,-1,-1,
2021-10-15,801845,10357,165.12,79
2021-10-14,798474,10337,175.32,79
2021-10-13,797570,10299,154.92,79
2021-10-12,794111,10272,152.13,79
2021-10-11,791337,10250,161.41,79
2021-10-10,,-1,-1,
2021-10-09,,-1,-1,
2021-10-08,783729,10169,108.53,79
2021-10-07,781019,10146,100.19,79
2021-10-06,778637,10117,100.19,78
2021-10-05,776137,10083,85.34,78
2021-10-04,775940,10060,83.49,78
2021-10-03,,-1,-1,
2021-10-02,,-1,-1,
2021-10-01,768327,10054,130.8,78
2021-09-30,765967,10033,134.51,78
2021-09-29,763595,10008,129.87,78
2021-09-28,761119,9988,134.51,78
2021-09-27,,-1,-1,
2021-09-26,,-1,-1,
2021-09-25,,-1,-1,
2021-09-24,748396,9912,131.73,78
2021-09-23,745435,9885,130.8,78
2021-09-22,742720,9863,123.38,78
2021-09-21,740280,9842,118.74,78
2021-09-20,737106,9817,120.59,78
2021-09-19,,-1,-1,
2021-09-18,,-1,-1,
2021-09-17,727279,9768,140.07,78
2021-09-16,723984,9740,133.58,78
2021-09-15,721553,9726,148.42,78
2021-09-14,718860,9706,154.92,78
2021-09-13,715797,9682,168.83,78
2021-09-12,,-1,-1,
2021-09-11,,-1,-1,
2021-09-10,706564,9612,186.46,78
2021-09-09,703804,9592,196.66,78
2021-09-08,701377,9561,195.73,78
2021-09-07,698889,9540,208.72,78
2021-09-06,695913,9500,192.02,78
2021-09-05,,-1,-1,
2021-09-04,,-1,-1,
2021-09-03,685443,9408,146.57,77
2021-09-02,682492,9376,137.29,77
2021-09-01,679478,9350,128.01,77
2021-08-31,675762,9315,131.73,77
2021-08-30,,-1,-1,
2021-08-29,,-1,-1,
2021-08-28,,-1,-1,
2021-08-27,663319,9249,181.82,77
2021-08-26,660633,9224,190.17,77
2021-08-25,657955,9203,194.81,76
2021-08-24,655392,9169,196.66,76
2021-08-23,652156,9147,209.65,76
2021-08-22,,-1,-1,
2021-08-21,,-1,-1,
2021-08-20,642576,9055,216.14,75
2021-08-19,639047,9020,230.98,75
2021-08-18,636684,8987,225.42,75
2021-08-17,633952,8949,223.56,74
2021-08-16,630908,8917,222.63,74
2021-08-15,,-1,-1,
2021-08-14,,-1,-1,
2021-08-13,621813,8818,196.66,74
2021-08-12,618508,8768,179.96,74
2021-08-11,616117,8726,168.83,73
2021-08-10,613226,8704,204.08,73
2021-08-09,610142,8675,227.27,73
2021-08-08,,-1,-1,
2021-08-07,,-1,-1,
2021-08-06,601438,8599,312.62,73
2021-08-05,598598,8568,356.22,73
2021-08-04,596222,8530,397.03,72
2021-08-03,593708,8474,448.98,71
2021-08-02,590682,8429,522.26,70
2021-08-01,,-1,-1,
2021-07-31,,-1,-1,
2021-07-30,581638,8260,688.31,69
2021-07-29,578567,8181,780.15,69
2021-07-28,575856,8095,914.66,69
2021-07-27,572953,7986,1026.9,69
2021-07-26,569371,7859,1190.17,69
2021-07-25,,-1,-1,
2021-07-24,,-1,-1,
2021-07-23,559604,7508,1638.22,69
2021-07-22,555980,7329,1671.61,69
2021-07-21,552075,7077,1695.73,69
2021-07-20,549105,6862,1686.46,69
2021-07-19,544673,6563,1623.38,69
2021-07-18,,-1,-1,
2021-07-17,,-1,-1,
2021-07-16,534107,5724,1234.69,69
2021-07-15,529583,5519,1205.94,69
2021-07-14,526046,5240,1073.28,69
2021-07-13,522117,5030,982.37,69
2021-07-12,517805,4805,843.23,69
2021-07-11,,-1,-1,
2021-07-10,,-1,-1,
2021-07-09,508217,4351,617.81,69
2021-07-08,504156,4172,513.91,69
2021-07-07,501088,4047,462.89,69
2021-07-06,497997,3948,419.29,69
2021-07-05,494797,3884,394.25,69
2021-07-04,,-1,-1,
2021-07-03,,-1,-1,
2021-07-02,486850,3674,260.67,69
2021-07-01,484193,3609,225.42,69
2021-06-30,481748,3545,189.24,69
2021-06-29,479592,3485,151.21,69
2021-06-28,475793,3456,133.58,69
2021-06-27,,-1,-1,
2021-06-26,,-1,-1,
2021-06-25,469110,3385,76.99,69
2021-06-24,465466,3361,56.59,69
2021-06-23,463184,3339,39.89,69
2021-06-22,460981,3322,25.05,69
2021-06-21,458240,3313,24.12,69
2021-06-20,,-1,-1,
2021-06-19,,-1,-1,
2021-06-18,451698,3301,24.12,69
2021-06-17,449696,3299,27.83,69
2021-06-16,447791,3295,31.54,69
2021-06-15,445444,3291,31.54,69
2021-06-14,442648,3287,31.54,69
2021-06-13,,-1,-1,
2021-06-12,,-1,-1,
2021-06-11,435577,3274,28.76,69
2021-06-10,433200,3265,20.41,69
2021-06-09,431310,3260,15.77,69
2021-06-08,429292,3257,12.99,69
2021-06-07,427098,3253,8.35,69
2021-06-06,,-1,-1,
2021-06-05,,-1,-1,
2021-06-04,420233,3243,0,69
2021-06-03,418482,3243,0,69
2021-06-02,416330,3243,0,69
2021-06-01,413939,3243,0,69
2021-05-31,,-1,-1,
2021-05-30,,-1,-1,
2021-05-29,,-1,-1,
2021-05-28,404648,3243,4.64,69
2021-05-27,402262,3243,4.64,69
2021-05-26,400544,3243,5.57,69
2021-05-25,398920,3243,5.57,69
2021-05-24,397891,3243,5.57,69
2021-05-23,,-1,-1,
2021-05-22,,-1,-1,
2021-05-21,393030,3238,1.86,69
2021-05-20,391331,3238,1.86,69
2021-05-19,389784,3237,0.93,69
2021-05-18,388540,3237,0.93,69
2021-05-17,386626,3237,1.86,69
2021-05-16,,-1,-1,
2021-05-15,,-1,-1,
2021-05-14,383352,3236,1.86,69
2021-05-13,381930,3236,1.86,69
2021-05-12,380159,3236,1.86,69
2021-05-11,379044,3236,1.86,69
2021-05-10,377585,3235,0.93,69
2021-05-09,,-1,-1,
2021-05-08,,-1,-1,
2021-05-07,374171,3234,0,69
2021-05-06,372990,3234,0,69
2021-05-05,371610,3234,0,69
2021-05-04,370438,3234,0,69
2021-05-03,,-1,-1,
2021-05-02,,-1,-1,
2021-05-01,,-1,-1,
2021-04-30,366504,3234,0.93,69
2021-04-29,365392,3234,0.93,69
2021-04-28,364124,3233,0,69
2021-04-27,362988,3233,0,69
2021-04-26,361526,3233,0,69
2021-04-25,,-1,-1,
2021-04-24,,-1,-1,
2021-04-23,359554,3233,0.93,69
2021-04-22,358411,3233,0.93,69
2021-04-21,357239,3233,0.93,69
2021-04-20,356135,3233,0.93,69
2021-04-19,354665,3233,0.93,69
2021-04-18,,-1,-1,
2021-04-17,,-1,-1,
2021-04-16,352513,3232,1.86,69
2021-04-15,352021,3232,1.86,69
2021-04-14,349815,3232,1.86,69
2021-04-13,348650,3232,1.86,69
2021-04-12,347230,3231,0.93,69
2021-04-11,,-1,-1,
2021-04-10,,-1,-1,
2021-04-09,345124,3230,0.93,69
2021-04-08,344101,3230,0.93,69
2021-04-07,342776,3230,1.86,69
2021-04-06,341666,3230,1.86,69
2021-04-05,,-1,-1,
2021-04-04,,-1,-1,
2021-04-03,,-1,-1,
2021-04-02,,-1,-1,
2021-04-01,337823,3229,3.71,69
2021-03-31,336405,3228,2.78,69
2021-03-30,335451,3228,2.78,69
2021-03-29,334232,3227,1.86,69
2021-03-28,,-1,-1,
2021-03-27,,-1,-1,
2021-03-26,331781,3225,0.93,69
2021-03-25,330538,3225,0.93,69
2021-03-24,329384,3225,0.93,69
2021-03-23,328216,3225,0.93,69
2021-03-22,326937,3224,1.86,69
2021-03-21,,-1,-1,
2021-03-20,,-1,-1,
2021-03-19,324702,3224,1.86,69
2021-03-18,323376,3224,1.86,69
2021-03-17,322296,3224,1.86,69
2021-03-16,321149,3224,1.86,69
2021-03-15,319981,3223,0.93,69
2021-03-14,,-1,-1,
2021-03-13,,-1,-1,
2021-03-12,317982,3222,0.93,69
2021-03-11,316741,3222,1.86,69
2021-03-10,315685,3222,2.78,69
2021-03-09,314693,3222,3.71,69
2021-03-08,313110,3221,3.71,69
2021-03-07,,-1,-1,
2021-03-06,,-1,-1,
2021-03-05,311294,3220,5.57,69
2021-03-04,310194,3220,5.57,69
2021-03-03,309125,3219,5.57,69
2021-03-02,308075,3218,4.64,69
2021-03-01,306948,3217,4.64,69
2021-02-28,306536,3217,3.71,69
2021-02-27,305937,3216,3.71,69
2021-02-26,304698,3215,1.86,69
2021-02-25,303692,3214,2.78,69
2021-02-24,302422,3213,4.64,69
2021-02-23,301332,3213,7.42,68
2021-02-22,299875,3213,8.35,68
2021-02-21,299394,3213,9.28,68
2021-02-20,298820,3213,11.13,68
2021-02-19,297255,3213,13.91,68
2021-02-18,295988,3208,18.55,68
2021-02-17,294350,3207,16.7,68
2021-02-16,292918,3205,15.77,68
2021-02-15,291233,3203,19.48,68
2021-02-14,290797,3202,24.12,67
2021-02-13,290156,3200,23.19,67
2021-02-12,289255,3198,23.19,67
2021-02-11,287821,3191,18.55,67
2021-02-10,286813,3190,20.41,67
2021-02-09,285672,3187,25.05,67
2021-02-08,284098,3177,22.26,67
2021-02-07,283596,3176,22.26,67
2021-02-06,283108,3174,24.12,67
2021-02-05,282099,3173,27.83,67
2021-02-04,281005,3171,27.83,67
2021-02-03,279841,3165,28.76,67
2021-02-02,278971,3161,26.9,67
2021-02-01,277836,3154,28.76,66
2021-01-31,277027,3152,25.97,66
2021-01-30,276504,3146,28.76,66
2021-01-29,275149,3143,29.68,66
2021-01-28,273768,3140,38.03,65
2021-01-27,272267,3134,42.67,64
2021-01-26,270722,3130,50.09,63
2021-01-25,269556,3127,56.59,63
2021-01-24,268902,3122,61.22,63
2021-01-23,268424,3116,60.3,63
2021-01-22,267156,3104,60.3,63
2021-01-21,265597,3097,60.3,62
2021-01-20,264758,3088,65.86,62
2021-01-19,262762,3077,66.79,62
2021-01-18,261287,3061,64.94,62
2021-01-17,260823,3054,77.92,62
2021-01-16,259969,3047,88.13,62
2021-01-15,258540,3044,115.03,62
2021-01-14,256945,3029,115.96,60
2021-01-13,255197,3016,114.1,60
2021-01-12,254103,3003,115.96,59
2021-01-11,252366,2993,128.01,59
2021-01-10,251444,2972,128.94,57
2021-01-09,250570,2958,142.86,57
2021-01-08,247875,2921,126.16,57
2021-01-07,246445,2908,129.87,56
2021-01-06,244350,2892,145.64,53
2021-01-05,242342,2863,159.55,51
2021-01-04,239650,2842,153.06,47
2021-01-03,238781,2821,155.84,44
2021-01-02,,-1,-1,
2021-01-01,,-1,-1,
2020-12-31,234930,2760,167.9,44
2020-12-30,233134,2726,160.48,42
2020-12-29,231697,2707,198.52,41
2020-12-28,230579,2692,229.13,41
2020-12-27,229802,2663,281.08,41
2020-12-26,,-1,-1,
2020-12-25,,-1,-1,
2020-12-24,226266,2583,444.34,41
2020-12-23,224314,2560,517.63,40
2020-12-22,223116,2483,542.67,39
2020-12-21,220602,2445,553.8,38
2020-12-20,219216,2336,532.47,36
2020-12-19,217526,2256,550.09,36
2020-12-18,215481,2234,534.32,36
2020-12-17,214653,2098,509.28,33
2020-12-16,211249,2001,450.83,32
2020-12-15,209382,1901,410.02,32
2020-12-14,206746,1842,399.81,32
2020-12-13,205637,1779,386.83,32
2020-12-12,203773,1688,361.78,32
2020-12-11,201370,1637,390.54,32
2020-12-10,199205,1555,361.78,32
2020-12-09,197118,1497,380.33,32
2020-12-08,194737,1460,387.76,32
2020-12-07,193576,1388,374.77,32
2020-12-06,191509,1357,358.07,32
2020-12-05,190088,1261,335.81,32
2020-12-04,188974,1238,287.57,32
2020-12-03,186688,1170,253.25,32
2020-12-02,184148,1110,231.91,32
2020-12-01,182777,1054,184.6,32
2020-11-30,180918,1012,166.05,32
2020-11-29,,-1,-1,
2020-11-28,,-1,-1,
2020-11-27,177111,928,108.53,32
2020-11-26,176374,897,92.76,32
2020-11-25,175467,862,70.5,32
2020-11-24,173941,841,70.5,32
2020-11-23,172679,835,65.86,32
2020-11-22,,-1,-1,
2020-11-21,,-1,-1,
2020-11-20,169591,811,72.36,32
2020-11-19,168814,797,69.57,32
2020-11-18,167689,786,76.07,32
2020-11-17,166926,775,77.92,32
2020-11-16,165828,764,85.34,32
2020-11-15,,-1,-1,
2020-11-14,,-1,-1,
2020-11-13,163287,732,82.56,32
2020-11-12,161748,721,82.56,32
2020-11-11,161136,704,76.99,32
2020-11-10,159375,690,74.21,32
2020-11-09,158406,672,70.5,32
2020-11-08,,-1,-1,
2020-11-07,,-1,-1,
2020-11-06,154960,643,63.08,32
2020-11-05,152488,632,57.51,32
2020-11-04,151860,620,50.09,32
2020-11-03,150892,608,43.6,32
2020-11-02,150193,591,35.25,32
2020-11-01,,-1,-1,
2020-10-31,,-1,-1,
2020-10-30,148340,574,39.89,32
2020-10-29,147424,569,39.89,32
2020-10-28,146629,566,38.96,32
2020-10-27,145921,560,38.03,32
2020-10-26,145056,556,43.6,32
2020-10-25,,-1,-1,
2020-10-24,,-1,-1,
2020-10-23,142866,530,38.96,32
2020-10-22,141888,526,35.25,32
2020-10-21,140700,523,34.32,32
2020-10-20,139648,516,34.32,32
2020-10-19,138993,509,26.9,32
2020-10-18,,-1,-1,
2020-10-17,,-1,-1,
2020-10-16,135305,490,37.11,32
2020-10-15,134348,490,42.67,32
2020-10-14,133634,487,43.6,32
2020-10-13,132517,483,44.53,32
2020-10-12,131166,479,43.6,32
2020-10-11,,-1,-1,
2020-10-10,,-1,-1,
2020-10-09,127554,449,25.05,32
2020-10-08,126527,443,20.41,32
2020-10-07,125478,441,25.05,32
2020-10-06,124718,438,24.12,32
2020-10-05,123693,431,24.12,32
2020-10-04,,-1,-1,
2020-10-03,,-1,-1,
2020-10-02,120592,421,20.41,32
2020-10-01,119361,419,20.41,32
2020-09-30,118699,414,12.99,32
2020-09-29,117810,409,11.13,32
2020-09-28,116659,408,10.2,32
2020-09-27,,-1,-1,
2020-09-26,,-1,-1,
2020-09-25,113035,400,6.49,32
2020-09-24,111968,399,6.49,32
2020-09-23,111285,399,10.2,32
2020-09-22,110315,398,9.28,32
2020-09-21,109056,396,11.13,32
2020-09-20,,-1,-1,
2020-09-19,,-1,-1,
2020-09-18,104837,393,12.06,32
2020-09-17,103938,391,11.13,32
2020-09-16,102843,389,8.35,32
2020-09-15,102139,386,10.2,32
2020-09-14,100654,386,9.28,32
2020-09-13,,-1,-1,
2020-09-12,,-1,-1,
2020-09-11,95811,380,7.42,32
2020-09-10,94511,379,6.49,32
2020-09-09,93742,378,6.49,32
2020-09-08,92874,376,4.64,32
2020-09-07,91292,375,5.57,32
2020-09-06,,-1,-1,
2020-09-05,,-1,-1,
2020-09-04,86984,374,6.49,32
2020-09-03,85729,373,8.35,32
2020-09-02,84546,373,8.35,32
2020-09-01,83755,370,10.2,32
2020-08-31,,365,-1,32
2020-08-30,,-1,-1,
2020-08-29,,-1,-1,
2020-08-28,77607,365,9.28,32
2020-08-27,75981,364,8.35,32
2020-08-26,75119,363,8.35,32
2020-08-25,74014,361,7.42,32
2020-08-24,72099,364,7.42,32
2020-08-23,,-1,-1,
2020-08-22,,-1,-1,
2020-08-21,67327,363,6.49,32
2020-08-20,65288,362,6.49,32
2020-08-19,64291,361,9.28,32
2020-08-18,63084,358,8.35,32
2020-08-17,61313,357,10.2,32
2020-08-16,,-1,-1,
2020-08-15,,-1,-1,
2020-08-14,55883,355,10.2,31
2020-08-13,54570,351,-1,31
2020-08-12,,351,-1,31
2020-08-11,,-1,-1,31
2020-08-10,50587,347,3.71,31
2020-08-09,,-1,-1,
2020-08-08,,-1,-1,
2020-08-07,,-1,-1,31
2020-08-06,,-1,-1,31
2020-08-05,,-1,-1,31
2020-08-04,,-1,-1,31
2020-08-03,40568,339,3.71,31
2020-08-02,,-1,-1,
2020-08-01,,-1,-1,
2020-07-31,,-1,-1,31
2020-07-30,,-1,-1,31
,1165877,67397,0,
