Date,VaccinationsTotalNumberDoses,VaccinationsTotalNumberFirstDoseVaccinations,VaccinationsTotalNumberSecondDoseVaccinations,VaccinationsTotalNumberThirdDoseVaccinations,VaccinationsTotalNumberFourthDoseVaccinations,VaccinationsTotalNumberFirstDoseVaccinationsPercentage,VaccinationsTotalNumberSecondDoseVaccinationsPercentage,VaccinationsTotalNumberThirdDoseVaccinationsPercentage,VaccinationsTotalNumberFourthDoseVaccinationsPercentage,VaccinationsDosesPer100PeopleInPopulation,VaccinationsTotalVaccinationDosesFirstDose80yearsandover,VaccinationsTotalVaccinationDosesFirstDose75to79years,VaccinationsTotalVaccinationDosesFirstDose70to74years,VaccinationsTotalVaccinationDosesFirstDose65to69years,VaccinationsTotalVaccinationDosesFirstDose60to64years,VaccinationsTotalVaccinationDosesFirstDose55to59years,VaccinationsTotalVaccinationDosesFirstDose50to54years,VaccinationsTotalVaccinationDosesFirstDose40to49years,VaccinationsTotalVaccinationDosesFirstDose30to39years,VaccinationsTotalVaccinationDosesFirstDose18to29years,VaccinationsTotalVaccinationDosesFirstDose17yearsandunder,VaccinationsTotalVaccinationDosesFirstDose16to17years,VaccinationsTotalVaccinationDosesFirstDose12to15years,VaccinationsTotalVaccinationDosesFirstDose5to11years,VaccinationsPercentagePopulationVaccinatedFirstDose80yearsandover,VaccinationsPercentagePopulationVaccinatedFirstDose75to79years,VaccinationsPercentagePopulationVaccinatedFirstDose70to74years,VaccinationsPercentagePopulationVaccinatedFirstDose65to69years,VaccinationsPercentagePopulationVaccinatedFirstDose60to64years,VaccinationsPercentagePopulationVaccinatedFirstDose55to59years,VaccinationsPercentagePopulationVaccinatedFirstDose50to54years,VaccinationsPercentagePopulationVaccinatedFirstDose40to49years,VaccinationsPercentagePopulationVaccinatedFirstDose30to39years,VaccinationsPercentagePopulationVaccinatedFirstDose18to29years,VaccinationsPercentagePopulationVaccinatedFirstDose17yearsandunder,VaccinationsPercentagePopulationVaccinatedFirstDose16to17years,VaccinationsPercentagePopulationVaccinatedFirstDose12to15years,VaccinationsPercentagePopulationVaccinatedFirstDose5to11years,VaccinationsTotalVaccinationDosesSecondDose80yearsandover,VaccinationsTotalVaccinationDosesSecondDose75to79years,VaccinationsTotalVaccinationDosesSecondDose70to74years,VaccinationsTotalVaccinationDosesSecondDose65to69years,VaccinationsTotalVaccinationDosesSecondDose60to64years,VaccinationsTotalVaccinationDosesSecondDose55to59years,VaccinationsTotalVaccinationDosesSecondDose50to54years,VaccinationsTotalVaccinationDosesSecondDose40to49years,VaccinationsTotalVaccinationDosesSecondDose30to39years,VaccinationsTotalVaccinationDosesSecondDose18to29years,VaccinationsTotalVaccinationDosesSecondDose17yearsandunder,VaccinationsTotalVaccinationDosesSecondDose16to17years,VaccinationsTotalVaccinationDosesSecondDose12to15years,VaccinationsTotalVaccinationDosesSecondDose5to11years,VaccinationsPercentagePopulationVaccinatedSecondDose80yearsandover,VaccinationsPercentagePopulationVaccinatedSecondDose75to79years,VaccinationsPercentagePopulationVaccinatedSecondDose70to74years,VaccinationsPercentagePopulationVaccinatedSecondDose65to69years,VaccinationsPercentagePopulationVaccinatedSecondDose60to64years,VaccinationsPercentagePopulationVaccinatedSecondDose55to59years,VaccinationsPercentagePopulationVaccinatedSecondDose50to54years,VaccinationsPercentagePopulationVaccinatedSecondDose40to49years,VaccinationsPercentagePopulationVaccinatedSecondDose30to39years,VaccinationsPercentagePopulationVaccinatedSecondDose18to29years,VaccinationsPercentagePopulationVaccinatedSecondDose17yearsandunder,VaccinationsPercentagePopulationVaccinatedSecondDose16to17years,VaccinationsPercentagePopulationVaccinatedSecondDose12to15years,VaccinationsPercentagePopulationVaccinatedSecondDose5to11years,VaccinationsTotalVaccinationDosesThirdDose80yearsandover,VaccinationsTotalVaccinationDosesThirdDose75to79years,VaccinationsTotalVaccinationDosesThirdDose70to74years,VaccinationsTotalVaccinationDosesThirdDose65to69years,VaccinationsTotalVaccinationDosesThirdDose60to64years,VaccinationsTotalVaccinationDosesThirdDose55to59years,VaccinationsTotalVaccinationDosesThirdDose50to54years,VaccinationsTotalVaccinationDosesThirdDose40to49years,VaccinationsTotalVaccinationDosesThirdDose30to39years,VaccinationsTotalVaccinationDosesThirdDose18to29years,VaccinationsTotalVaccinationDosesThirdDose16to17years,VaccinationsTotalVaccinationDosesThirdDose12to15years,VaccinationsTotalVaccinationDosesThirdDose5to11years,VaccinationsPercentagePopulationVaccinatedThirdDose80yearsandover,VaccinationsPercentagePopulationVaccinatedThirdDose75to79years,VaccinationsPercentagePopulationVaccinatedThirdDose70to74years,VaccinationsPercentagePopulationVaccinatedThirdDose65to69years,VaccinationsPercentagePopulationVaccinatedThirdDose60to64years,VaccinationsPercentagePopulationVaccinatedThirdDose55to59years,VaccinationsPercentagePopulationVaccinatedThirdDose50to54years,VaccinationsPercentagePopulationVaccinatedThirdDose40to49years,VaccinationsPercentagePopulationVaccinatedThirdDose30to39years,VaccinationsPercentagePopulationVaccinatedThirdDose18to29years,VaccinationsPercentagePopulationVaccinatedThirdDose16to17years,VaccinationsPercentagePopulationVaccinatedThirdDose12to15years,VaccinationsPercentagePopulationVaccinatedThirdDose5to11years,VaccinationsTotalVaccinationDosesFourthDose80yearsandover,VaccinationsTotalVaccinationDosesFourthDose75to79years,VaccinationsTotalVaccinationDosesFourthDose70to74years,VaccinationsTotalVaccinationDosesFourthDose65to69years,VaccinationsTotalVaccinationDosesFourthDose60to64years,VaccinationsTotalVaccinationDosesFourthDose55to59years,VaccinationsTotalVaccinationDosesFourthDose50to54years,VaccinationsTotalVaccinationDosesFourthDose40to49years,VaccinationsTotalVaccinationDosesFourthDose30to39years,VaccinationsTotalVaccinationDosesFourthDose18to29years,VaccinationsTotalVaccinationDosesFourthDose16to17years,VaccinationsTotalVaccinationDosesFourthDose12to15years,VaccinationsTotalVaccinationDosesFourthDose5to11years,VaccinationsPercentagePopulationVaccinatedFourthDose80yearsandover,VaccinationsPercentagePopulationVaccinatedFourthDose75to79years,VaccinationsPercentagePopulationVaccinatedFourthDose70to74years,VaccinationsPercentagePopulationVaccinatedFourthDose65to69years,VaccinationsPercentagePopulationVaccinatedFourthDose60to64years,VaccinationsPercentagePopulationVaccinatedFourthDose55to59years,VaccinationsPercentagePopulationVaccinatedFourthDose50to54years,VaccinationsPercentagePopulationVaccinatedFourthDose40to49years,VaccinationsPercentagePopulationVaccinatedFourthDose30to39years,VaccinationsPercentagePopulationVaccinatedFourthDose18to29years,VaccinationsPercentagePopulationVaccinatedFourthDose16to17years,VaccinationsPercentagePopulationVaccinatedFourthDose12to15years,VaccinationsPercentagePopulationVaccinatedFourthDose5to11years,7DayRatePercentageChange,InboundTravel,On-islandSurveillanceScreening,SeekingHealthcareSymptomatic,EligiblePopulation,DateTime,DateTimeShort,Note,VaccinationsTotalNumberAutumnBooster2022Percentage50plus,VaccinationsPercentagePopulationVaccinatedAutumnBooster202212to15years,VaccinationsPercentagePopulationVaccinatedAutumnBooster202216to17years,VaccinationsPercentagePopulationVaccinatedAutumnBooster202218to29years,VaccinationsPercentagePopulationVaccinatedAutumnBooster202230to39years,VaccinationsPercentagePopulationVaccinatedAutumnBooster202240to49years,VaccinationsPercentagePopulationVaccinatedAutumnBooster202250to54years,VaccinationsPercentagePopulationVaccinatedAutumnBooster202255to59years,VaccinationsPercentagePopulationVaccinatedAutumnBooster20225to11years,VaccinationsPercentagePopulationVaccinatedAutumnBooster202260to64years,VaccinationsPercentagePopulationVaccinatedAutumnBooster202265to69years,VaccinationsPercentagePopulationVaccinatedAutumnBooster202270to74years,VaccinationsPercentagePopulationVaccinatedAutumnBooster202275to79years,VaccinationsPercentagePopulationVaccinatedAutumnBooster202280yearsandover,VaccinationsTotalNumberAutumnBooster2022,VaccinationsTotalVaccinationDosesAutumnBooster202212to15years,VaccinationsTotalVaccinationDosesAutumnBooster202216to17years,VaccinationsTotalVaccinationDosesAutumnBooster202218to29years,VaccinationsTotalVaccinationDosesAutumnBooster202230to39years,VaccinationsTotalVaccinationDosesAutumnBooster202240to49years,VaccinationsTotalVaccinationDosesAutumnBooster202250to54years,VaccinationsTotalVaccinationDosesAutumnBooster202255to59years,VaccinationsTotalVaccinationDosesAutumnBooster20225to11years,VaccinationsTotalVaccinationDosesAutumnBooster202260to64years,VaccinationsTotalVaccinationDosesAutumnBooster202265to69years,VaccinationsTotalVaccinationDosesAutumnBooster202270to74years,VaccinationsTotalVaccinationDosesAutumnBooster202275to79years,VaccinationsTotalVaccinationDosesAutumnBooster202280yearsandover
2023-01-29,266953,84365,81882,64894,8768,0.8,0.78,0.62,0.08,,5401,3812,4606,5484,6937,8093,7697,13586,11761,11250,,1422,2245,549,1,1,0.96,1,1,0.99,0.91,0.9,0.84,0.83,,0.67,0.53,0.07,5379,3790,4589,5461,6889,8035,7621,13453,11494,10691,,1137,1650,281,1,1,0.96,1,1,0.98,0.9,0.89,0.82,0.79,,0.54,0.39,0.04,5194,3662,4395,5131,6328,7136,6537,10588,7988,6778,203,30,8,0.98,1,0.92,0.97,0.94,0.87,0.77,0.7,0.57,0.5,0.1,0.01,0,4462,2769,225,160,185,165,138,153,75,35,2,1,0,0.84,0.83,0.05,0.03,0.03,0.02,0.02,0.01,0.01,0,0,0,0,,,,,107800,"12:00 AM, Sunday 29 January 2023",Sunday 29 Jan 2023,,0.59,0,0.01,0.03,0.04,0.07,0.31,0.43,0,0.58,0.7,0.75,0.92,0.84,27044,5,26,366,583,1118,2584,3505,0,3888,3704,3582,3058,4456
2023-01-22,266854,84365,81876,64889,8765,0.8,0.78,0.62,0.08,,5457,3824,4616,5488,6944,8092,7707,13583,11762,11257,,1423,2263,550,1.03,1.15,0.96,1.04,1.04,0.99,0.91,0.9,0.84,0.83,,0.67,0.53,0.07,5435,3802,4599,5465,6896,8033,7631,13450,11495,10702,,1136,1663,280,1.02,1.14,0.96,1.03,1.03,0.98,0.9,0.89,0.82,0.79,,0.54,0.39,0.04,5249,3674,4408,5137,6334,7132,6549,10590,7989,6786,209,30,6,0.99,1.1,0.92,0.97,0.94,0.87,0.78,0.7,0.57,0.5,0.1,0.01,0,4510,2787,228,160,186,165,137,154,75,35,2,1,0,0.85,0.84,0.05,0.03,0.03,0.02,0.02,0.01,0.01,0,0,0,0,,,,,107800,"12:00 AM, Sunday 22 January 2023",Sunday 22 Jan 2023,,0.59,0,0.01,0.03,0.04,0.07,0.31,0.43,0,0.58,0.7,0.75,0.92,0.84,26959,5,27,366,581,1108,2582,3492,0,3879,3705,3585,3061,4485
2023-01-15,266729,84358,81862,64884,8763,0.8,0.78,0.62,0.08,,5446,3825,4613,5483,6936,8082,7724,13574,11768,11257,,1432,2266,553,1.02,1.15,0.96,1.04,1.03,0.99,0.91,0.9,0.84,0.83,,0.68,0.53,0.07,5424,3803,4596,5460,6888,8024,7647,13441,11502,10709,,1138,1661,280,1.02,1.14,0.96,1.03,1.03,0.98,0.91,0.89,0.83,0.79,,0.54,0.39,0.04,5238,3675,4405,5132,6328,7127,6561,10583,7997,6794,213,29,6,0.98,1.1,0.92,0.97,0.94,0.87,0.78,0.7,0.57,0.5,0.1,0.01,0,4500,2795,227,161,185,166,136,155,75,35,2,1,0,0.85,0.84,0.05,0.03,0.03,0.02,0.02,0.01,0.01,0,0,0,0,,,,,107800,"12:00 AM, Sunday 15 January 2023",Sunday 15 Jan 2023,,0.59,0,0.01,0.03,0.04,0.07,0.31,0.42,0,0.58,0.7,0.75,0.92,0.84,26862,5,27,366,579,1102,2584,3463,0,3859,3689,3575,3060,4470
2023-01-08,266569,84348,81856,64879,8763,0.8,0.78,0.62,0.08,,5436,3812,4621,5465,6942,8072,7730,13570,11783,11261,,1424,2281,552,1.02,1.14,0.96,1.03,1.04,0.99,0.92,0.9,0.85,0.83,,0.67,0.54,0.07,5413,3790,4604,5442,6894,8014,7653,13437,11517,10721,,1130,1673,279,1.02,1.14,0.96,1.03,1.03,0.98,0.91,0.89,0.83,0.79,,0.53,0.39,0.04,5229,3662,4412,5115,6334,7120,6562,10589,8009,6802,214,29,6,0.98,1.1,0.92,0.97,0.94,0.87,0.78,0.7,0.57,0.5,0.1,0.01,0,4492,2802,228,160,186,165,137,155,75,35,2,1,0,0.84,0.84,0.05,0.03,0.03,0.02,0.02,0.01,0.01,0,0,0,0,,,,,107800,"12:00 AM, Sunday 8 January 2023",Sunday 8 Jan 2023,,0.58,0,0.01,0.03,0.04,0.07,0.31,0.42,0,0.57,0.69,0.75,0.91,0.84,26723,5,27,365,574,1093,2579,3435,0,3837,3668,3573,3041,4443
2023-01-01,266351,84344,81847,64872,8762,0.8,0.78,0.62,0.08,,5419,3813,4621,5452,6940,8076,7731,13572,11789,11260,,1425,2294,553,1.02,1.14,0.96,1.03,1.03,0.99,0.92,0.9,0.85,0.83,,0.67,0.54,0.07,5395,3791,4604,5430,6891,8020,7653,13439,11521,10724,,1134,1680,276,1.01,1.14,0.96,1.03,1.03,0.98,0.91,0.89,0.83,0.79,,0.54,0.4,0.04,5213,3663,4414,5102,6334,7125,6563,10592,8011,6809,216,29,5,0.98,1.1,0.92,0.96,0.94,0.87,0.78,0.7,0.57,0.5,0.1,0.01,0,4478,2814,224,163,186,166,138,155,75,35,2,1,0,0.84,0.84,0.05,0.03,0.03,0.02,0.02,0.01,0.01,0,0,0,0,,,,,107800,"12:00 AM, Sunday 1 January 2023",Sunday 1 Jan 2023,,0.58,0,0.01,0.03,0.04,0.07,0.3,0.41,0,0.57,0.69,0.74,0.91,0.83,26526,5,27,356,569,1081,2549,3397,0,3816,3643,3564,3025,4411
2022-12-25,266239,84338,81838,64862,8761,0.8,0.78,0.62,0.08,,5407,3803,4622,5451,6931,8072,7740,13575,11796,11264,,1426,2296,556,1.02,1.14,0.96,1.03,1.03,0.99,0.92,0.9,0.85,0.83,,0.67,0.54,0.07,5383,3781,4605,5429,6881,8017,7662,13443,11526,10729,,1133,1683,277,1.01,1.13,0.96,1.03,1.03,0.98,0.91,0.89,0.83,0.79,,0.53,0.4,0.04,5202,3652,4414,5101,6328,7125,6570,10595,8019,6809,218,28,5,0.98,1.1,0.92,0.96,0.94,0.87,0.78,0.7,0.58,0.5,0.1,0.01,0,4466,2823,225,162,187,165,139,155,75,35,2,1,1,0.84,0.85,0.05,0.03,0.03,0.02,0.02,0.01,0.01,0,0,0,0,,,,,107800,"12:00 AM, Sunday 25 December 2022",Sunday 25 Dec 2022,,0.58,0,0.01,0.03,0.04,0.07,0.3,0.41,0,0.57,0.69,0.74,0.9,0.83,26440,5,27,351,567,1075,2544,3392,0,3799,3636,3559,3012,4390
2022-12-18,266026,84333,81829,64852,8758,0.8,0.78,0.62,0.08,,5393,3802,4619,5444,6933,8066,7736,13590,11791,11268,,1430,2306,556,1.01,1.14,0.96,1.03,1.03,0.98,0.92,0.9,0.85,0.83,,0.68,0.54,0.07,5370,3779,4602,5422,6884,8011,7657,13459,11521,10733,,1138,1690,274,1.01,1.13,0.96,1.02,1.03,0.98,0.91,0.89,0.83,0.79,,0.54,0.4,0.04,5189,3651,4410,5099,6329,7116,6566,10609,8015,6818,221,28,5,0.98,1.1,0.92,0.96,0.94,0.87,0.78,0.7,0.58,0.5,0.1,0.01,0,4456,2830,224,164,186,165,139,155,75,35,2,1,1,0.84,0.85,0.05,0.03,0.03,0.02,0.02,0.01,0.01,0,0,0,0,,,,,107800,"12:00 AM, Sunday 18 December 2022",Sunday 18 Dec 2022,,0.57,0,0.01,0.03,0.04,0.07,0.3,0.41,0,0.56,0.68,0.74,0.9,0.82,26254,5,27,342,558,1062,2526,3367,0,3767,3615,3548,3001,4353
2022-12-11,265737,84320,81810,64830,8755,0.8,0.78,0.62,0.08,,5434,3800,4617,5454,6918,8062,7743,13594,11791,11272,,1440,2317,559,1.02,1.14,0.96,1.03,1.03,0.98,0.92,0.9,0.85,0.83,,0.68,0.55,0.07,5412,3776,4600,5434,6868,8008,7664,13462,11520,10739,,1144,1699,274,1.02,1.13,0.96,1.03,1.02,0.98,0.91,0.89,0.83,0.79,,0.54,0.4,0.04,5231,3647,4409,5111,6318,7111,6571,10613,8015,6825,226,29,4,0.98,1.09,0.92,0.97,0.94,0.87,0.78,0.7,0.58,0.5,0.11,0.01,0,4490,2840,226,166,186,165,139,156,75,34,2,1,1,0.84,0.85,0.05,0.03,0.03,0.02,0.02,0.01,0.01,0,0,0,0,,,,,107800,"12:05 AM, Sunday 11 December 2022",Sunday 11 Dec 2022,,0.57,0,0.01,0.02,0.04,0.07,0.3,0.41,0,0.56,0.68,0.74,0.89,0.81,26022,5,27,331,546,1035,2514,3347,0,3729,3602,3527,2982,4334
2022-12-04,265104,84311,81792,64816,8738,0.80366,0.78034,0.62068,0.08196,,5424,3801,4613,5454,6911,8065,7745,13585,11793,11275,,1445,2322,559,1.019740553,1.140414041,0.963048017,1.030222894,1.030415983,0.98449707,0.917110716,0.898241206,0.846347065,0.833025489,,0.682247403,0.547641509,0.073805123,5402,3777,4596,5434,6861,8011,7667,13452,11522,10742,,1145,1702,271,1.015604437,1.133213321,0.959498956,1.026445032,1.022961085,0.977905273,0.907874482,0.889447236,0.826898235,0.793646103,,0.540604344,0.401415094,0.035780301,5220,3648,4405,5111,6314,7111,6575,10604,8014,6834,226,30,4,0.981387479,1.094509451,0.919624217,0.965432565,0.941404503,0.868041992,0.7785672,0.701137265,0.575139945,0.504913188,0.106704438,0.007075472,0.000528123,4480,2845,226,167,184,163,136,154,73,32,2,1,1,0.842263583,0.853585359,0.047181628,0.031545145,0.027434024,0.019897461,0.016104204,0.010182491,0.005238984,0.002364241,0.000944287,0.000235849,0.000132031,,,,,107800,"12:00 AM, Sunday 4 December 2022",Sunday 4 Dec 2022,,0.55986,0.001179245,0.011331445,0.023494644,0.036959954,0.064996033,0.290349319,0.3984375,0,0.544654838,0.66830374,0.728810021,0.882388239,0.793382215,25447,5,24,318,515,983,2452,3264,0,3653,3538,3491,2941,4220
2022-11-27,264032,84294,81765,64798,8732,0.8,0.78,0.62,0.08,,5414,3792,4616,5444,6910,8056,7754,13579,11788,11288,,1449,2326,559,1.02,1.14,0.96,1.03,1.03,0.98,0.92,0.9,0.85,0.83,,0.68,0.55,0.07,5392,3768,4599,5424,6860,8002,7677,13445,11519,10757,,1145,1702,265,1.01,1.13,0.96,1.02,1.02,0.98,0.91,0.89,0.83,0.79,,0.54,0.4,0.03,5210,3640,4408,5101,6311,7105,6583,10600,8010,6850,227,30,3,0.98,1.09,0.92,0.96,0.94,0.87,0.78,0.7,0.57,0.51,0.11,0.01,0,4471,2852,224,166,184,164,137,153,72,32,2,1,0,0.84,0.86,0.05,0.03,0.03,0.02,0.02,0.01,0.01,0,0,0,0,,,,,107800,"12:05 AM, Sunday 27 November 2022",Sunday 27 Nov 2022,,0.54,0,0.01,0.02,0.03,0.06,0.28,0.38,0,0.52,0.65,0.72,0.86,0.76,24443,5,24,299,459,895,2337,3126,0,3504,3424,3440,2860,4027
2022-11-20,262624,84268,81727,64779,8730,0.8,0.78,0.62,0.08,,5405,3779,4626,5426,6911,8050,7763,13569,11786,11289,,1453,2335,557,1.02,1.13,0.97,1.02,1.03,0.98,0.92,0.9,0.85,0.83,,0.69,0.55,0.07,5383,3755,4608,5408,6859,7996,7686,13436,11516,10760,,1146,1705,259,1.01,1.13,0.96,1.02,1.02,0.98,0.91,0.89,0.83,0.79,,0.54,0.4,0.03,5201,3628,4416,5085,6309,7106,6587,10595,8006,6858,233,33,2,0.98,1.09,0.92,0.96,0.94,0.87,0.78,0.7,0.57,0.51,0.11,0.01,0,4461,2861,223,164,186,162,136,154,74,32,2,1,0,0.84,0.86,0.05,0.03,0.03,0.02,0.02,0.01,0.01,0,0,0,0,,,,,107800,"12:00 AM, Sunday 20 November 2022",Sunday 20 Nov 2022,,0.51,0,0.01,0.02,0.03,0.05,0.25,0.36,0,0.49,0.62,0.7,0.83,0.73,23120,3,19,284,387,757,2140,2931,0,3269,3268,3367,2783,3869
2022-11-13,261357,84249,81708,64767,8729,0.81,0.79,0.62,0.08,,6066,3892,4716,5472,6960,8084,7785,13573,11805,11285,,1460,2342,554,1.14,1.17,0.98,1.03,1.04,0.99,0.92,0.9,0.85,0.83,,0.69,0.55,0.07,5978,3858,4687,5451,6902,8025,7706,13438,11536,10757,,1150,1710,258,1.12,1.16,0.98,1.03,1.03,0.98,0.91,0.89,0.83,0.79,,0.54,0.4,0.03,5520,3676,4452,5104,6320,7117,6598,10594,8019,6861,236,33,2,1.04,1.1,0.93,0.96,0.94,0.87,0.78,0.7,0.58,0.51,0.11,0.01,0,4562,2879,226,162,190,163,135,156,76,32,2,1,0,0.86,0.86,0.05,0.03,0.03,0.02,0.02,0.01,0.01,0,0,0,0,,,,,107800,"12:00 AM, Sunday 13 November 2022",Sunday 13 Nov 2022,,0.49,0,0,0.02,0.03,0.05,0.23,0.32,0,0.46,0.59,0.69,0.82,0.7,21904,3,18,257,364,706,1950,2631,0,3101,3137,3287,2719,3710
2022-11-06,259504,84224,81677,64748,8727,0.81,0.79,0.62,0.08,,6059,3886,4711,5467,6952,8079,7778,13586,11797,11282,,1468,2353,551,1.14,1.17,0.98,1.03,1.04,0.99,0.92,0.9,0.85,0.83,,0.69,0.55,0.07,5971,3852,4682,5447,6893,8021,7701,13449,11530,10756,,1154,1719,250,1.12,1.16,0.98,1.03,1.03,0.98,0.91,0.89,0.83,0.79,,0.54,0.41,0.03,5513,3671,4447,5100,6311,7113,6593,10601,8023,6865,241,33,2,1.04,1.1,0.93,0.96,0.94,0.87,0.78,0.7,0.58,0.51,0.11,0.01,0,4557,2883,226,161,191,163,134,157,76,31,2,1,0,0.86,0.86,0.05,0.03,0.03,0.02,0.02,0.01,0.01,0,0,0,0,,,,,107800,"12:00 AM, Sunday 6 November 2022",Sunday 6 Nov 2022,,0.45,0,0,0.02,0.02,0.04,0.2,0.28,0,0.41,0.55,0.65,0.77,0.67,20128,0,14,229,309,628,1718,2285,0,2767,2908,3108,2578,3563
2022-10-30,257209,84187,81635,64728,8736,0.81,0.79,0.62,0.08,,6047,3874,4712,5465,6946,8079,7781,13583,11784,11286,,1473,2352,550,1.14,1.16,0.98,1.03,1.04,0.99,0.92,0.9,0.85,0.83,,0.7,0.55,0.07,5960,3838,4683,5445,6887,8021,7705,13445,11520,10756,,1159,1720,244,1.12,1.15,0.98,1.03,1.03,0.98,0.91,0.89,0.83,0.79,,0.55,0.41,0.03,5503,3660,4445,5098,6307,7112,6597,10607,8016,6869,244,33,2,1.03,1.1,0.93,0.96,0.94,0.87,0.78,0.7,0.58,0.51,0.12,0.01,0,4554,2895,226,160,191,164,134,157,76,31,2,1,0,0.86,0.87,0.05,0.03,0.03,0.02,0.02,0.01,0.01,0,0,0,0,,,,,107800,"12:00 AM, Sunday 30 October 2022",Sunday 30 Oct 2022,,0.4,0,0,0.01,0.02,0.03,0.17,0.23,0,0.35,0.49,0.61,0.73,0.63,17923,0,11,203,252,523,1412,1879,0,2328,2604,2907,2427,3356
2022-10-23,255009,84157,81597,64715,8743,0.81,0.79,0.62,0.08,,6032,3873,4708,5453,6943,8092,7763,13594,11775,11292,,1472,2358,547,1.13,1.16,0.98,1.03,1.04,0.99,0.92,0.9,0.85,0.83,,0.69,0.56,0.07,5945,3837,4680,5433,6883,8035,7687,13456,11512,10763,,1155,1725,234,1.12,1.15,0.98,1.03,1.03,0.98,0.91,0.89,0.83,0.8,,0.55,0.41,0.03,5486,3663,4439,5087,6305,7125,6581,10620,8010,6884,245,33,2,1.03,1.1,0.93,0.96,0.94,0.87,0.78,0.7,0.57,0.51,0.12,0.01,0,4539,2914,228,160,191,165,133,158,76,31,2,1,0,0.85,0.87,0.05,0.03,0.03,0.02,0.02,0.01,0.01,0,0,0,0,,,,,107800,"12:00 AM, Sunday 23 October 2022",Sunday 23 Oct 2022,,0.35,0,0,0.01,0.02,0.03,0.14,0.19,0,0.29,0.42,0.56,0.68,0.59,15797,0,5,170,215,456,1154,1523,0,1915,2246,2680,2257,3155
2022-10-16,252511,84128,81554,64691,8744,0.8,0.78,0.62,0.08,,5466,3774,4614,5405,6897,8042,7761,13578,11777,11292,,1477,2365,547,1.03,1.13,0.96,1.02,1.03,0.98,0.92,0.9,0.85,0.83,,0.7,0.56,0.07,5446,3747,4598,5387,6842,7988,7688,13441,11513,10763,,1156,1733,226,1.02,1.12,0.96,1.02,1.02,0.98,0.91,0.89,0.83,0.8,,0.55,0.41,0.03,5259,3625,4405,5063,6296,7104,6589,10608,8020,6890,250,33,2,0.99,1.09,0.92,0.96,0.94,0.87,0.78,0.7,0.58,0.51,0.12,0.01,0,4518,2921,228,160,192,166,134,156,77,30,3,1,0,0.85,0.88,0.05,0.03,0.03,0.02,0.02,0.01,0.01,0,0,0,0,,,,,107800,"12:00 AM, Sunday 16 October 2022",Sunday 16 Oct 2022,,0.3,0,0,0.01,0.01,0.02,0.1,0.14,0,0.22,0.35,0.5,0.62,0.56,13394,0,3,130,169,353,843,1135,0,1446,1852,2409,2064,2990
2022-10-09,250253,84089,81512,64667,8735,0.8,0.78,0.62,0.08,,5453,3774,4600,5412,6876,8036,7761,13577,11782,11298,,1468,2372,547,1.03,1.13,0.96,1.02,1.03,0.98,0.92,0.9,0.85,0.83,,0.69,0.56,0.07,5433,3747,4584,5394,6821,7982,7689,13440,11521,10769,,1150,1733,223,1.02,1.12,0.96,1.02,1.02,0.97,0.91,0.89,0.83,0.8,,0.54,0.41,0.03,5247,3624,4391,5070,6276,7103,6585,10608,8033,6896,251,34,2,0.99,1.09,0.92,0.96,0.94,0.87,0.78,0.7,0.58,0.51,0.12,0.01,0,4509,2929,228,158,190,164,133,156,77,30,2,1,0,0.85,0.88,0.05,0.03,0.03,0.02,0.02,0.01,0.01,0,0,0,0,,,,,107800,"10:00 AM, Sunday 9 October 2022",Sunday 9 Oct 2022,,0.25,0,0,0.01,0.01,0.02,0.07,0.09,0,0.15,0.29,0.45,0.57,0.53,11250,0,3,108,137,302,563,759,0,999,1536,2148,1902,2793
2022-10-02,248176,84063,81475,64641,9263,0.8,0.78,0.62,0.08,,5436,3775,4590,5410,6872,8020,7773,13576,11780,11302,,1464,2384,548,1.02,1.13,0.96,1.02,1.02,0.98,0.92,0.9,0.85,0.84,,0.69,0.56,0.07,5417,3750,4575,5391,6817,7966,7702,13438,11517,10778,,1145,1741,212,1.02,1.13,0.96,1.02,1.02,0.97,0.91,0.89,0.83,0.8,,0.54,0.41,0.03,5230,3628,4381,5067,6271,7087,6598,10606,8030,6905,255,34,2,0.98,1.09,0.91,0.96,0.93,0.87,0.78,0.7,0.58,0.51,0.12,0.01,0,4494,2945,229,157,188,163,133,156,78,30,2,1,0,0.84,0.88,0.05,0.03,0.03,0.02,0.02,0.01,0.01,0,0,0,0,,,,,107800,"12:00 AM, Sunday 2 October 2022",Sunday 2 Oct 2022,,0.21,0,0,0.01,0.01,0.02,0.04,0.06,0,0.09,0.24,0.39,0.49,0.48,8734,0,3,94,114,237,345,486,0,631,1262,1869,1645,2577
2022-09-25,245039,84019,81421,64603,8727,0.8,0.78,0.62,0.08,,5421,3775,4585,5407,6867,8003,7767,13577,11782,11301,,1461,2393,547,1.02,1.13,0.96,1.02,1.02,0.98,0.92,0.9,0.85,0.83,,0.69,0.56,0.07,5402,3750,4570,5387,6812,7950,7693,13439,11517,10776,,1143,1748,208,1.02,1.13,0.95,1.02,1.02,0.97,0.91,0.89,0.83,0.8,,0.54,0.41,0.03,5216,3628,4376,5063,6270,7070,6593,10609,8032,6910,255,32,2,0.98,1.09,0.91,0.96,0.93,0.86,0.78,0.7,0.58,0.51,0.12,0.01,0,4482,2957,231,156,186,160,133,154,78,30,1,1,0,0.84,0.89,0.05,0.03,0.03,0.02,0.02,0.01,0.01,0,0,0,0,,,,,107800,"10:00 AM, Sunday 25 September 2022",Sunday 25 Sep 2022,,0.14,0,0,0,0.01,0.01,0.02,0.02,0,0.04,0.17,0.29,0.36,0.37,6269,0,2,64,73,129,137,199,0,274,894,1368,1185,1944
2022-09-18,242600,83992,81384,64579,8723,0.8,0.78,0.62,0.08,,5407,3767,4587,5394,6861,8007,7763,13571,11787,11298,,1458,2414,545,1.02,1.13,0.96,1.02,1.02,0.98,0.92,0.9,0.85,0.83,,0.69,0.57,0.07,5389,3742,4572,5374,6806,7955,7688,13433,11523,10774,,1142,1762,198,1.01,1.12,0.95,1.02,1.01,0.97,0.91,0.89,0.83,0.8,,0.54,0.42,0.03,5204,3620,4378,5053,6261,7075,6592,10610,8041,6909,256,31,2,0.98,1.09,0.91,0.95,0.93,0.86,0.78,0.7,0.58,0.51,0.12,0.01,0,4471,2969,228,157,184,161,132,155,76,30,1,1,0,0.84,0.89,0.05,0.03,0.03,0.02,0.02,0.01,0.01,0,0,0,0,,,,,107800,"12:00 AM, Sunday 18 September 2022",Sunday 18 Sep 2022,,0.09,0,0,0,0,0,0.01,0.01,0,0.03,0.08,0.17,0.22,0.27,3922,0,2,43,34,53,60,119,0,177,414,831,727,1462
2022-09-11,240799,83972,81349,64569,8715,0.8,0.8,0.6,0.1,,5394,3762,4583,5378,6864,8018,7739,13580,11799,11288,,1467,2422,545,1,1,1,1,1,1,1,1,1,1,,0.69,0.57,0.07,5377,3737,4568,5358,6810,7965,7664,13440,11536,10768,,1149,1763,188,1,1,0.95,1,1,1,0.91,0.89,0.83,0.8,,0.54,0.42,0.02,5192,3615,4377,5034,6267,7085,6574,10622,8050,6910,264,30,2,1,1,0.91,0.95,0.93,0.86,0.78,0.7,0.58,0.51,0.12,0,0,4461,2976,227,155,183,161,132,155,76,30,0,1,0,0.84,0.89,0.05,0.03,0.03,0.02,0.02,0.01,0.01,0,0,0,0,,,,,107800,"12:00 AM, Sunday 11 September 2022",Sunday 11 Sep 2022,,,,,,,,,,,,,,,,,,,,,,,,,,,,,
2022-09-04,238279,83902,81239,64391,8723,0.81,0.78,0.63,0.81,,5423,3795,4593,5369,6857,8055,7759,13608,11829,11299,,1505,2461,542,1,1,1,1,1,1,0.93,0.91,0.86,0.84,,0.71,0.59,0.07,5388,3748,4572,5345,6806,7997,7685,13432,11500,10734,,1192,1783,160,1,1,0.96,1,1,1,0.92,0.9,0.83,0.8,,0.56,0.42,0.03,5203,3622,4392,5045,6264,7113,6599,10663,8068,6892,299,36,0,1,1,0.92,0.95,0.94,0.87,0.79,0.8,0.58,0.51,0.13,0.01,0,4481,3029,232,184,191,181,240,163,80,35,0,1,0,0.84,0.91,0.05,0.03,0.03,0.02,0.02,0.01,0.01,0.01,0.01,0,0,,,,,107800,"12:00 AM, Sunday 4 September 2022",Sunday 4 Sep 2022,,0.03,0,0.01,0.02,0.01,0.01,0.01,0.02,0,0.03,0.04,0.03,0.03,0.04,559,6,15,69,116,135,138,143,2,123,315,438,423,436
2022-08-28,238225,83897,81236,64377,8712,0.81,0.78,0.62,0.81,,5411,3780,4589,5367,6853,8042,7754,13599,11822,11292,,1498,2456,539,1,1,1,1,1,1,0.92,0.9,0.86,0.84,,0.7,0.59,0.07,5385,3744,4567,5341,6799,7973,7677,13429,11489,10725,,1183,1779,154,1,1,0.96,1,1,1,0.92,0.9,0.83,0.8,,0.55,0.42,0.03,5196,3618,4382,5033,6257,7106,6589,10657,8058,6884,283,30,0,1,1,0.92,0.95,0.94,0.87,0.79,0.8,0.58,0.51,0.13,0.01,0,4475,3023,230,172,186,173,139,157,77,35,0,1,0,0.84,0.9,0.05,0.03,0.03,0.02,0.02,0.01,0.01,0,0,0,0,,,,,107800,"12:00 AM, Sunday 28 August 2022",Sunday 28 Aug 2022,,0.02,0,0,0.01,0.01,0.01,0.01,0.01,0,0.01,0.02,0.03,0.02,0.02,235,1,3,37,12,34,49,69,0,72,128,317,367,333
2022-08-21,238176,83882,81229,64369,8705,0.81,0.78,0.62,0.08,,5403,3767,4583,5365,6850,8033,7747,13592,11815,11288,,1482,2449,535,1,1,1,1,1,1,0.92,0.9,0.86,0.84,,0.7,0.59,0.07,5379,3732,4561,5339,6793,7950,7669,13427,11484,10712,,1174,1764,150,1,1,0.96,1,1,1,0.92,0.9,0.82,0.8,,0.55,0.42,0.03,5190,3612,4373,5026,6255,7093,6573,10647,8049,6874,270,23,0,1,1,0.92,0.95,0.93,0.87,0.79,0.8,0.58,0.51,0.13,0.01,0,4467,3015,227,169,182,170,137,155,75,35,0,1,0,0.84,0.9,0.05,0.03,0.03,0.02,0.02,0.01,0.01,0,0,0,0,,,,,107800,"12:00 AM, Sunday 21 August 2022",Sunday 21 Aug 2022,,0.01,0,0,0,0,0,0,0,0,0,0.01,0.01,0.01,0.01,63,0,0,0,0,0,0,0,0,5,79,263,246,215
2022-08-14,238162,83875,81220,64365,8702,0.8,0.78,0.62,0.08,,5396,3752,4579,5363,6847,8015,7742,13586,11802,11284,,1474,2443,530,1,1,1,1,1,1,0.92,0.9,0.85,0.83,,0.7,0.58,0.07,5374,3728,4557,5336,6788,7943,7653,13424,11480,10705,,1166,1756,143,1,1,0.95,1,1,1,0.91,0.89,0.82,0.79,,0.55,0.41,0.02,5186,3605,4368,5020,6247,7070,6566,10635,8034,6871,266,19,0,1,1,0.91,0.95,0.93,0.86,0.78,0.7,0.58,0.51,0.13,0,0,4458,3011,225,160,175,166,134,153,73,31,0,1,0,0.84,0.9,0.05,0.03,0.03,0.02,0.02,0.01,0.01,0,0,0,0,,,,,107800,"12:00 AM, Sunday 14 August 2022",Sunday 14 Aug 2022,,,,,,,,,,,,,,,,,,,,,,,,,,,,,
2022-08-07,238111,83864,81208,64337,8702,0.8,0.78,0.62,0.08,,5392,3738,4575,5360,6853,7996,7757,13583,11809,11280,,1491,2444,530,1,1,1,1,1,1,0.92,0.9,0.85,0.83,,0.7,0.58,0.07,5370,3714,4553,5333,6794,7924,7668,13423,11487,10698,,1181,1757,139,1,1,0.95,1,1,1,0.91,0.89,0.82,0.79,,0.56,0.41,0.02,5182,3592,4365,5015,6253,7055,6578,10631,8037,6860,272,19,0,1,1,0.91,0.95,0.93,0.86,0.78,0.7,0.58,0.51,0.13,0,0,4455,3014,224,161,175,165,135,152,74,31,0,1,0,0.84,0.9,0.05,0.03,0.03,0.02,0.02,0.01,0.01,0,0,0,0,,,,,107800,"12:00 AM, Sunday 7 August 2022",Sunday 7 Aug 2022,,,,,,,,,,,,,,,,,,,,,,,,,,,,,
2022-07-31,237997,83844,81163,64291,8699,0.8,0.77,0.62,0.08,,5386,3723,4575,5361,6840,8012,7752,13575,11816,11276,,1492,2452,528,1,1,1,1,1,1,0.92,0.9,0.85,0.83,,0.7,0.58,0.07,5364,3699,4553,5334,6781,7939,7661,13416,11494,10688,,1179,1755,133,1,1,0.95,1,1,1,0.91,0.89,0.82,0.79,,0.56,0.41,0.02,5176,3577,4367,5018,6239,7065,6577,10626,8033,6843,273,19,0,1,1,0.91,0.95,0.93,0.86,0.78,0.7,0.58,0.51,0.13,0,0,4448,3020,222,162,176,163,136,151,74,31,0,1,0,0.84,0.91,0.05,0.03,0.03,0.02,0.02,0.01,0.01,0,0,0,0,,,,,107800,"12:00 AM, Sunday 31 July 2022",Sunday 31 Jul 2022,,,,,,,,,,,,,,,,,,,,,,,,,,,,,
2022-07-24,237658,83808,81088,64203,8559,0.8,0.77,0.62,0.08,,5380,3708,4577,5348,6843,8015,7761,13569,11803,11282,,1499,2445,522,1,1,1,1,1,1,0.92,0.9,0.85,0.83,,0.71,0.58,0.07,5358,3684,4555,5322,6783,7943,7669,13408,11482,10688,,1182,1728,120,1,1,0.95,1,1,1,0.91,0.89,0.82,0.79,,0.56,0.41,0.02,5170,3562,4368,5009,6244,7063,6577,10612,8014,6823,264,19,0,1,1,0.91,0.95,0.93,0.86,0.78,0.7,0.58,0.5,0.12,0,0,4391,2967,224,156,168,160,132,145,71,29,0,1,0,0.83,0.89,0.05,0.03,0.03,0.02,0.02,0.01,0.01,0,0,0,0,,,,,107800,"12:00 AM, Sunday 24 July 2022",Sunday 24 Jul 2022,,,,,,,,,,,,,,,,,,,,,,,,,,,,,
2022-07-17,237339,83770,81027,64134,8408,0.8,0.77,0.62,0.08,,5399,3703,4589,5340,6842,8024,7759,13561,11802,11280,,1503,2454,516,1,1,1,1,1,1,0.92,0.9,0.85,0.83,,0.71,0.58,0.07,5377,3679,4567,5314,6783,7950,7667,13401,11481,10685,,1185,1723,104,1,1,0.95,1,1,1,0.91,0.89,0.82,0.79,,0.56,0.41,0.01,5190,3557,4378,5005,6247,7067,6573,10597,8005,6804,267,21,0,1,1,0.91,0.95,0.93,0.86,0.78,0.7,0.57,0.5,0.13,0,0,4343,2921,225,149,161,156,127,142,67,29,0,1,0,0.82,0.88,0.05,0.03,0.02,0.02,0.02,0.01,0,0,0,0,0,,,,,107800,"12:00 AM, Sunday 17 July 2022",Sunday 17 Jul 2022,,,,,,,,,,,,,,,,,,,,,,,,,,,,,
2022-07-10,237019,83745,80957,64053,8264,0.8,0.77,0.62,0.08,,5392,3685,4590,5345,6834,8017,7764,13559,11811,11283,,1501,2460,506,1,1,1,1,1,1,0.92,0.9,0.85,0.83,,0.71,0.58,0.07,5370,3661,4568,5319,6775,7943,7670,13398,11490,10689,,1175,1702,86,1,1,0.95,1,1,1,0.91,0.89,0.82,0.79,,0.55,0.4,0.01,5184,3541,4379,5009,6239,7063,6573,10591,8000,6778,252,21,0,1,1,0.91,0.95,0.93,0.86,0.78,0.7,0.57,0.5,0.12,0,0,4287,2873,216,148,158,150,119,133,65,27,0,1,0,0.81,0.86,0.05,0.03,0.02,0.02,0.01,0.01,0,0,0,0,0,,,,,107800,"12:00 AM, Sunday 10 July 2022",Sunday 10 Jul 2022,,,,,,,,,,,,,,,,,,,,,,,,,,,,,
2022-07-03,236648,83665,80841,63913,8229,0.8,0.77,0.61,0.08,,5381,3681,4585,5341,6817,8022,7779,13544,11822,11279,,1498,2461,457,1,1,1,1,1,1,0.92,0.9,0.85,0.83,,0.71,0.58,0.06,5359,3658,4562,5313,6759,7947,7685,13382,11503,10681,,1154,1666,62,1,1,0.95,1,1,1,0.91,0.88,0.83,0.79,,0.54,0.39,0.01,5173,3536,4372,5000,6225,7060,6582,10564,7981,6740,236,21,0,1,1,0.91,0.94,0.93,0.86,0.78,0.7,0.57,0.5,0.11,0,0,4269,2875,214,145,156,147,119,125,64,27,0,1,0,0.8,0.86,0.04,0.03,0.02,0.02,0.01,0.01,0,0,0,0,0,,,,,107800,"12:00 AM, Sunday 3 July 2022",Sunday 3 Jul 2022,,,,,,,,,,,,,,,,,,,,,,,,,,,,,
2022-06-26,236026,83595,80755,63747,7929,0.8,0.77,0.61,0.08,,5374,3666,4595,5323,6814,8015,7779,13554,11830,11270,,1503,2456,418,1,1,1,1,1,1,0.92,0.9,0.85,0.83,,0.71,0.58,0.06,5352,3642,4572,5295,6756,7941,7686,13391,11510,10673,,1147,1624,56,1,1,0.95,1,1,1,0.91,0.89,0.83,0.79,,0.54,0.38,0.01,5165,3517,4379,4981,6220,7050,6574,10542,7959,6698,219,20,0,1,1,0.91,0.94,0.93,0.86,0.78,0.7,0.57,0.49,0.1,0,0,4129,2782,202,135,143,136,114,118,62,21,0,1,0,0.78,0.83,0.04,0.03,0.02,0.02,0.01,0.01,0,0,0,0,0,,,,,107800,"12:00 AM, Sunday 26 June 2022",Sunday 26 Jun 2022,,,,,,,,,,,,,,,,,,,,,,,,,,,,,
2022-06-19,235534,83554,80680,63614,7686,0.8,0.77,0.61,0.07,,5403,3662,4597,5318,6810,8017,7789,13551,11824,11280,,1505,2456,398,1,1,1,1,1,1,0.92,0.9,0.85,0.83,,0.71,0.58,0.05,5381,3638,4575,5288,6752,7942,7693,13386,11506,10678,,1134,1593,57,1,1,0.96,1,1,1,0.91,0.89,0.83,0.79,,0.54,0.38,0.01,5192,3514,4380,4972,6213,7046,6578,10527,7934,6659,206,20,0,1,1,0.91,0.94,0.93,0.86,0.78,0.7,0.57,0.49,0.1,0,0,4026,2712,202,131,141,126,103,111,57,19,0,1,0,0.76,0.81,0.04,0.02,0.02,0.02,0.01,0.01,0,0,0,0,0,,,,,107800,"12:00 AM, Sunday 19 June 2022",Sunday 19 Jun 2022,,,,,,,,,,,,,,,,,,,,,,,,,,,,,
2022-06-12,235239,83522,80632,63488,7597,0.8,0.77,0.61,0.07,,5393,3654,4590,5315,6804,8024,7786,13548,11829,11289,,1502,2456,388,1,1,1,1,1,1,0.92,0.9,0.85,0.83,,0.71,0.58,0.05,5371,3629,4568,5285,6744,7949,7692,13383,11508,10684,,1130,1576,57,1,1,0.95,1,1,1,0.91,0.88,0.83,0.79,,0.53,0.37,0.01,5182,3506,4373,4968,6203,7049,6574,10502,7920,6623,197,18,0,1,1,0.91,0.94,0.92,0.86,0.78,0.69,0.57,0.49,0.09,0,0,3990,2676,205,128,133,124,102,109,54,18,0,1,0,0.75,0.8,0.04,0.02,0.02,0.02,0.01,0.01,0,0,0,0,0,,,,,107800,"12:00 AM, Sunday 12 June 2022",Sunday 12 Jun 2022,,,,,,,,,,,,,,,,,,,,,,,,,,,,,
2022-06-05,234978,83487,80597,63387,7507,0.8,0.77,0.61,0.07,,5384,3646,4589,5312,6793,8024,7785,13551,11832,11292,,1499,2456,380,1,1,1,1,1,1,0.92,0.9,0.85,0.83,,0.71,0.58,0.05,5361,3621,4567,5283,6732,7949,7694,13384,11508,10687,,1127,1574,51,1,1,0.95,1,1,1,0.91,0.88,0.83,0.79,,0.53,0.37,0.01,5172,3498,4372,4965,6187,7051,6567,10493,7898,6601,188,22,0,1,1,0.91,0.94,0.92,0.86,0.78,0.69,0.57,0.49,0.09,0,0,3948,2649,206,123,127,121,100,106,52,17,0,1,0,0.74,0.79,0.04,0.02,0.02,0.01,0.01,0.01,0,0,0,0,0,,,,,107800,"12:00 AM, Sunday 5 June 2022",Sunday 5 Jun 2022,,,,,,,,,,,,,,,,,,,,,,,,,,,,,
2022-05-29,234672,83431,80530,63294,7417,0.8,0.77,0.61,0.07,,5394,3648,4590,5299,6782,8029,7794,13545,11835,11290,,1499,2462,356,1,1,1,1,1,1,0.92,0.9,0.85,0.83,,0.71,0.58,0.05,5369,3623,4567,5270,6720,7956,7700,13380,11505,10684,,1119,1560,53,1,1,0.95,1,1,1,0.91,0.88,0.83,0.79,,0.53,0.37,0.01,5179,3500,4370,4953,6175,7059,6567,10478,7886,6580,187,20,0,1,1,0.91,0.94,0.92,0.86,0.78,0.69,0.57,0.49,0.09,0,0,3921,2619,207,122,125,117,99,105,49,16,0,1,0,0.74,0.79,0.04,0.02,0.02,0.01,0.01,0.01,0,0,0,0,0,,,,,107800,"12:00 AM, Sunday 29 May 2022",Sunday 29 May 2022,,,,,,,,,,,,,,,,,,,,,,,,,,,,,
2022-05-22,234363,83394,80481,63173,7315,0.8,0.77,0.61,0.07,,5387,3643,4582,5293,6781,8018,7800,13557,11826,11299,,1494,2465,341,1,1,1,1,1,1,0.92,0.9,0.85,0.83,,0.71,0.58,0.05,5361,3617,4559,5264,6720,7945,7706,13393,11493,10695,,1100,1550,52,1,1,0.95,0.99,1,1,0.91,0.89,0.82,0.79,,0.52,0.37,0.01,5168,3493,4363,4946,6177,7041,6570,10475,7861,6540,177,22,0,1,1,0.91,0.93,0.92,0.86,0.78,0.69,0.56,0.48,0.08,0,0,3873,2582,202,119,126,112,99,103,48,14,0,1,0,0.73,0.77,0.04,0.02,0.02,0.01,0.01,0.01,0,0,0,0,0,,,,,107800,"12:00 AM, Sunday 22 May 2022",Sunday 22 May 2022,,,,,,,,,,,,,,,,,,,,,,,,,,,,,
2022-05-15,233982,83356,80430,63038,7158,0.8,0.77,0.61,0.07,,5378,3629,4584,5293,6776,8003,7818,13557,11825,11299,,1488,2474,324,1,1,1,1,1,1,0.93,0.9,0.85,0.83,,0.7,0.58,0.04,5352,3603,4560,5264,6715,7930,7724,13393,11488,10689,,1097,1536,53,1,1,0.95,0.99,1,1,0.91,0.89,0.82,0.79,,0.52,0.36,0.01,5159,3478,4365,4944,6175,7016,6584,10457,7833,6495,172,20,0,1,1,0.91,0.93,0.92,0.86,0.78,0.69,0.56,0.48,0.08,0,0,3779,2539,201,119,124,109,92,97,47,14,0,1,0,0.71,0.76,0.04,0.02,0.02,0.01,0.01,0.01,0,0,0,0,0,,,,,107800,"12:00 AM, Sunday 15 May 2022",Sunday 15 May 2022,,,,,,,,,,,,,,,,,,,,,,,,,,,,,
2022-05-08,233532,83306,80357,62883,6986,0.8,0.77,0.61,0.07,,5364,3618,4586,5286,6768,8003,7821,13560,11832,11285,,1503,2469,303,1,1,1,1,1,1,0.93,0.9,0.85,0.83,,0.71,0.58,0.04,5336,3592,4562,5256,6706,7930,7726,13393,11493,10672,,1105,1512,47,1,1,0.95,0.99,1,1,0.91,0.89,0.82,0.79,,0.52,0.36,0.01,5142,3467,4366,4934,6166,7015,6581,10429,7812,6446,165,20,0,1,1,0.91,0.93,0.92,0.86,0.78,0.69,0.56,0.48,0.08,0,0,3670,2487,203,113,121,109,90,95,48,13,0,1,0,0.69,0.75,0.04,0.02,0.02,0.01,0.01,0.01,0,0,0,0,0,,,,,107800,"12:00 AM, Sunday 8 May 2022",Sunday 8 May 2022,,,,,,,,,,,,,,,,,,,,,,,,,,,,,
2022-05-01,232966,83237,80268,62723,6738,0.8,0.77,0.61,0.07,,5416,3615,4602,5282,6753,8024,7823,13554,11824,11288,,1502,2472,277,1,1,1,1,1,1,0.93,0.9,0.85,0.83,,0.71,0.58,0.04,5386,3590,4577,5254,6691,7950,7728,13386,11487,10676,,1093,1492,33,1,1,0.96,0.99,1,1,0.92,0.89,0.82,0.79,,0.52,0.35,0,5191,3464,4379,4929,6150,7032,6575,10396,7770,6410,163,19,0,1,1,0.91,0.93,0.92,0.86,0.78,0.69,0.56,0.47,0.08,0,0,3559,2417,189,107,117,104,88,93,46,12,0,1,0,0.67,0.73,0.04,0.02,0.02,0.01,0.01,0.01,0,0,0,0,0,,,,,107800,"12:00 AM, Sunday 1 May 2022",Sunday 1 May 2022,,,,,,,,,,,,,,,,,,,,,,,,,,,,,
2022-04-24,232355,83179,80198,62554,6424,0.8,0.77,0.6,0.06,,5404,3607,4603,5276,6737,8026,7827,13558,11822,11275,,1513,2469,257,1,1,1,1,1,1,0.93,0.9,0.85,0.83,,0.71,0.58,0.03,5374,3582,4578,5248,6676,7950,7732,13390,11482,10664,,1093,1467,31,1,1,0.96,0.99,1,1,0.92,0.89,0.82,0.79,,0.52,0.35,0,5182,3451,4377,4920,6128,7022,6573,10375,7726,6382,154,19,0,1,1,0.91,0.93,0.91,0.86,0.78,0.69,0.55,0.47,0.07,0,0,3397,2290,187,99,114,101,84,90,44,12,0,1,0,0.64,0.69,0.04,0.02,0.02,0.01,0.01,0.01,0,0,0,0,0,,,,,107800,"12:00 AM, Sunday 24 April 2022",Sunday 24 Apr 2022,,,,,,,,,,,,,,,,,,,,,,,,,,,,,
2022-04-17,231170,83074,79855,62344,5897,,,,,,5877,3692,4677,5312,6776,8055,7840,13576,11825,11269,,1517,2658,186,1,1,0.99,0.98,1,1,0.92,0.88,0.78,0.73,,0.66,0.54,0.01,5780,3658,4641,5282,6709,7974,7743,13404,11480,10647,,1084,1453,0,1,1,0.98,0.97,1,1,0.91,0.87,0.76,0.69,,0.47,0.3,0,5322,3468,4397,4929,6118,7022,6561,10344,7703,6322,140,18,0,1,1,0.93,0.91,0.94,0.9,0.77,0.67,0.51,0.41,0.06,0.01,0,3097,2108,184,92,105,92,76,86,44,12,0,0,0,0.61,0.65,0.03,0.02,0.01,0.01,0.01,0.01,0,0,0,0,0,,,,,107800,"12:00 AM, Sunday 17 April 2022",Sunday 17 Apr 2022,,,,,,,,,,,,,,,,,,,,,,,,,,,,,
2022-04-10,230177,82971,79760,62111,5335,,,,,,5867,3676,4680,5310,6764,8060,7849,13574,11825,11269,,1515,2473,109,1,1,0.99,0.98,1,1,0.92,0.88,0.78,0.73,,0.66,0.53,0.01,5770,3643,4644,5278,6697,7977,7753,13403,11479,10639,,1066,1383,0,1,1,0.98,0.97,1,1,0.91,0.87,0.76,0.69,,0.46,0.3,0,5312,3452,4398,4924,6101,6999,6536,10300,7665,6276,130,18,0,1,1,0.93,0.91,0.94,0.89,0.77,0.67,0.51,0.41,0.06,0.01,0,2861,1858,148,86,92,86,72,80,42,9,0,0,0,0.57,0.57,0.03,0.02,0.01,0.01,0.01,0.01,0,0,0,0,0,,,,,107800,"12:00 AM, Sunday 10 April 2022",Sunday 10 Apr 2022,,,,,,,,,,,,,,,,,,,,,,,,,,,,,
2022-04-03,229131,82878,79615,61930,4708,,,,,212.6,5848,3666,4689,5304,6754,8054,7850,13578,11840,11254,,1525,2459,57,1,1,1,0.98,1,1,0.92,0.88,0.79,0.73,,0.66,0.53,0,5752,3632,4653,5273,6686,7972,7752,13407,11485,10612,,1059,1332,0,1,1,0.99,0.97,1,1,0.91,0.87,0.76,0.69,,0.46,0.28,0,5290,3442,4407,4915,6088,6986,6526,10284,7630,6228,118,16,0,1,1,0.93,0.91,0.94,0.89,0.77,0.67,0.51,0.4,0.05,0,0,2449,1685,137,78,87,81,66,74,42,9,0,0,0,0.49,0.52,0.03,0.01,0.01,0.01,0.01,0,0,0,0,0,0,,,,,107800,"12:00 AM, Sunday 3 April 2022",Sunday 3 Apr 2022,,,,,,,,,,,,,,,,,,,,,,,,,,,,,
2022-03-27,228059,82836,79472,61724,4027,,,,,211.6,5840,3644,4703,5282,6764,8023,7872,13581,11846,11249,,1528,2447,57,1,1,1,0.97,1,1,0.93,0.88,0.79,0.73,,0.66,0.52,0,5744,3611,4667,5251,6698,7939,7772,13406,11485,10594,,1053,1252,0,1,1,0.99,0.97,1,1,0.92,0.87,0.76,0.69,,0.46,0.27,0,5281,3422,4420,4893,6094,6955,6534,10259,7577,6167,106,16,0,1,1,0.94,0.9,0.94,0.89,0.77,0.67,0.5,0.4,0.05,0.01,0,2108,1412,118,73,83,65,61,62,37,8,0,0,0,0.42,0.43,0.02,0.01,0.01,0.01,0.01,0,0,0,0,0,0,,,,,107800,"12:00 AM, Sunday 27 March 2022",Sunday 27 Mar 2022,,,,,,,,,,,,,,,,,,,,,,,,,,,,,
2022-03-20,226090,82777,79327,61488,2498,,,,,209.7,5827,3630,4710,5278,6760,8010,7879,13579,11840,11240,,1534,2490,57,1,1,1,0.97,1,1,0.93,0.88,0.79,0.73,,0.66,0.52,0,5731,3596,4674,5247,6692,7926,7779,13402,11472,10575,,1042,1191,0,1,1,0.99,0.97,1,1,0.92,0.87,0.76,0.69,,0.45,0.25,0,5264,3411,4422,4890,6082,6941,6525,10228,7516,6098,95,16,0,1,1,0.94,0.9,0.94,0.89,0.77,0.67,0.5,0.4,0.04,0.01,0,1224,907,75,55,61,48,45,48,30,5,0,0,0,0.24,0.28,0.02,0.01,0.01,0.01,0.01,0,0,0,0,0,,,,,,107800,"12:00 AM, Sunday 20 March 2022",Sunday 20 Mar 2022,,,,,,,,,,,,,,,,,,,,,,,,,,,,,
2022-03-13,223189,82751,79180,61258,,,,,,207,5825,3634,4698,5280,6761,8000,7869,13597,11844,11233,,1531,2479,,1,1,0.99,0.97,1,1,0.93,0.88,0.79,0.73,,0.66,0.52,0,5711,3599,4662,5248,6691,7918,7769,13415,11469,10568,,1011,1119,0,1,1,0.99,0.97,1,1,0.91,0.87,0.76,0.69,,0.44,0.24,0,5238,3413,4407,4893,6076,6923,6514,10187,7464,6045,82,16,0,1,1,0.93,0.9,0.93,0.88,0.77,0.66,0.49,0.39,0.04,0.01,,,,,,,,,,,,,,,,,,,,,,,,,,,,,,,,107800,"12:00 AM, Sunday 13 March 2022",Sunday 13 Mar 2022,,,,,,,,,,,,,,,,,,,,,,,,,,,,,
2022-03-06,222803,82706,79088,61009,,,,,,206.7,5814,3619,4700,5281,6752,7991,7880,13596,11847,11239,,1521,2466,,1,1,1,0.97,1,1,0.93,0.88,0.79,0.73,,0.66,0.52,0,5700,3584,4664,5250,6682,7910,7780,13403,11468,10568,,989,1090,0,1,1,0.99,0.97,1,1,0.92,0.87,0.76,0.69,,0.43,0.23,0,5227,3401,4408,4886,6062,6916,6503,10128,7421,5976,65,16,0,1,1,0.93,0.9,0.93,0.88,0.77,0.66,0.49,0.39,0.03,0,,,,,,,,,,,,,,,,,,,,,,,,,,,,,,,,107800,"12:00 AM, Sunday 6 March 2022",Sunday 6 Mar 2022,,,,,,,,,,,,,,,,,,,,,,,,,,,,,
2022-02-27,222371,82645,78935,60791,,,,,,206.3,5803,3607,4709,5270,6750,7979,7896,13595,11843,11230,,1512,2404,,1,1,1,0.97,1,1,0.93,0.88,0.79,0.73,,0.65,0.51,0,5688,3573,4672,5239,6679,7899,7795,13400,11462,10552,,966,1010,0,1,1,0.99,0.97,1,1,0.92,0.87,0.76,0.69,,0.42,0.22,0,5214,3390,4412,4877,6053,6895,6495,10083,7385,5917,54,16,0,1,1,0.93,0.9,0.93,0.88,0.76,0.66,0.49,0.38,0.02,0.01,,,,,,,,,,,,,,,,,,,,,,,,,,,,,,,,107800,"12:00 AM, Sunday 27 February 2022",Sunday 27 Feb 2022,,,,,,,,,,,,,,,,,,,,,,,,,,,,,
2022-02-24,221940,82582,78825,60533,,,,,,205.9,5788,3601,4709,5266,6740,7975,7884,13605,11837,11228,,1505,2397,,1,1,1,0.97,1,1,0.93,0.88,0.78,0.73,,0.65,0.51,0,5674,3568,4670,5235,6669,7895,7788,13407,11456,10554,,944,965,0,1,1,0.99,0.96,1,1,0.92,0.87,0.76,0.69,,0.41,0.21,0,5200,3385,4408,4868,6041,6873,6478,10047,7324,5843,49,17,0,1,1,0.93,0.9,0.93,0.88,0.76,0.65,0.49,0.38,0.02,0,,,,,,,,,,,,,,,,,,,,,,,,,,,,,,,,107800,"12:00 AM, Thursday 24 February 2022",Thursday 24 Feb 2022,,,,,,,,,,,,,,,,,,,,,,,,,,,,,
2022-02-13,221231,82474,78544,60213,,,,,,205.2,5780,3595,4703,5255,6736,7970,7883,13609,11836,11223,,1498,2386,,1,1,1,0.97,1,1,0.93,0.88,0.78,0.73,,0.65,0.5,0,5667,3563,4665,5224,6666,7890,7783,13410,11451,10537,,899,789,0,1,1,0.99,0.96,1,1,0.92,0.87,0.76,0.68,,0.39,0.17,0,5183,3375,4400,4857,6021,6850,6457,9991,7259,5763,45,12,0,1,1,0.93,0.89,0.93,0.88,0.76,0.65,0.48,0.37,0.02,0.01,,,,,,,,,,,,,,,,,,,,,,,,,,,,,,,,107800,"12:00 AM, Sunday 13 February 2022",Sunday 13 Feb 2022,,,,,,,,,,,,,,,,,,,,,,,,,,,,,
2022-02-06,220629,82377,78403,59849,,,,,,204.7,5771,3584,4703,5249,6733,7958,7887,13607,11838,11208,,1497,2341,,1,1,1,0.97,1,1,0.93,0.88,0.79,0.73,,0.65,0.5,0,5658,3552,4665,5218,6665,7878,7789,13406,11454,10516,,868,734,0,1,1,0.99,0.96,1,1,0.92,0.87,0.76,0.68,,0.38,0.16,0,5174,3364,4393,4842,6006,6817,6435,9912,7187,5665,43,11,0,1,1,0.93,0.89,0.92,0.87,0.76,0.64,0.48,0.37,0.02,0.01,,,,,,,,,,,,,,,,,,,,,,,,,,,,,,,,107800,"12:00 AM, Sunday 6 February 2022",Sunday 6 Feb 2022,,,,,,,,,,,,,,,,,,,,,,,,,,,,,
2022-01-30,219845,82242,78223,59380,,,,,,203.9,5763,3576,4702,5246,6723,7956,7887,13598,11825,11183,,1477,2305,,1,1,1,0.97,1,1,0.93,0.88,0.78,0.73,,0.64,0.49,0,5650,3543,4664,5215,6654,7875,7786,13397,11443,10501,,840,655,0,1,1,0.99,0.96,1,1,0.92,0.87,0.76,0.68,,0.36,0.14,0,5156,3353,4387,4834,5983,6793,6406,9798,7086,5537,37,10,0,1,1,0.93,0.89,0.92,0.87,0.75,0.64,0.47,0.36,0.02,0.01,,,,,,,,,,,,,,,,,,,,,,,,,,,,,,,,107800,"12:00 AM, Sunday 30 January 2022",Sunday 30 Jan 2022,,,,,,,,,,,,,,,,,,,,,,,,,,,,,
2022-01-26,219359,82183,78122,59054,,,,,,203.5,5760,3576,4698,5245,6717,7958,7886,13599,11821,11171,,1463,2288,,1,1,0.99,0.97,1,1,0.93,0.88,0.78,0.73,,0.63,0.49,0,5647,3542,4661,5214,6649,7877,7782,13391,11440,10490,,821,608,0,1,1,0.99,0.96,1,1,0.92,0.87,0.76,0.68,,0.36,0.13,0,5150,3350,4382,4824,5966,6774,6362,9735,7001,5464,36,10,0,1,1,0.93,0.89,0.92,0.87,0.75,0.63,0.46,0.35,0.02,0.01,,,,,,,,,,,,,,,,,,,,,,,,,,,,,,,,107800,"12:00 AM, Wednesday 26 January 2022",Wednesday 26 Jan 2022,,,,,,,,,,,,,,,,,,,,,,,,,,,,,
2022-01-23,218898,82107,78042,58749,,,,,,203.1,5749,3572,4696,5239,6724,7942,7886,13591,11822,11151,,1454,2280,,1,1,0.99,0.97,1,1,0.93,0.88,0.78,0.72,,0.63,0.49,0,5636,3538,4659,5208,6656,7863,7780,13381,11443,10477,,804,597,0,1,1,0.99,0.96,1,1,0.92,0.87,0.76,0.68,,0.35,0.13,0,5129,3342,4376,4811,5966,6740,6347,9667,6943,5383,36,9,0,1,1,0.93,0.89,0.92,0.86,0.75,0.63,0.46,0.35,0.02,0.01,,,,,,,,,,,,,,,,,,,,,,,,,,,,,,,,107800,"12:00 AM, Sunday 23 January 2022",Sunday 23 Jan 2022,,,,,,,,,,,,,,,,,,,,,,,,,,,,,
2022-01-19,218226,82027,77911,58288,,,,,,202.4,5745,3573,4696,5241,6723,7937,7885,13580,11811,11138,,1454,2243,,1,1,0.99,0.97,1,1,0.93,0.88,0.78,0.72,,0.63,0.48,0,5631,3539,4659,5209,6655,7858,7780,13376,11433,10458,,775,538,0,1,1,0.99,0.96,1,1,0.92,0.87,0.76,0.68,,0.34,0.12,0,5124,3337,4372,4801,5941,6702,6303,9566,6809,5282,41,10,0,1,1,0.93,0.88,0.91,0.86,0.74,0.62,0.45,0.34,0.02,0.01,,,,,,,,,,,,,,,,,,,,,,,,,,,,,,,,107800,"12:00 AM, Wednesday 19 January 2022",Wednesday 19 Jan 2022,,,,,,,,,,,,,,,,,,,,,,,,,,,,,
2022-01-16,217598,81954,77797,57847,,,,,,201.9,5733,3568,4703,5227,6722,7937,7887,13579,11787,11121,,1444,2245,,1,1,1,0.96,1,1,0.93,0.88,0.78,0.72,,0.63,0.48,0,5618,3531,4666,5193,6654,7858,7780,13370,11412,10434,,770,511,0,1,1,0.99,0.96,1,1,0.92,0.87,0.76,0.68,,0.33,0.11,0,5105,3325,4373,4777,5922,6682,6273,9471,6700,5165,44,10,0,1,1,0.93,0.88,0.91,0.85,0.74,0.62,0.44,0.34,0.02,0.01,,,,,,,,,,,,,,,,,,,,,,,,,,,,,,,,107800,"12:00 AM, Sunday 16 January 2022",Sunday 16 Jan 2022,,,,,,,,,,,,,,,,,,,,,,,,,,,,,
2022-01-12,216476,81869,77637,56970,,,,,,200.8,5729,3568,4703,5226,6720,7930,7887,13571,11782,11099,,1436,2217,,1,1,1,0.96,1,1,0.93,0.88,0.78,0.72,,0.62,0.47,0,5614,3532,4666,5191,6651,7854,7780,13356,11403,10417,,750,423,0,1,1,0.99,0.96,1,1,0.92,0.87,0.76,0.68,,0.32,0.09,0,5095,3321,4361,4755,5891,6624,6194,9277,6453,4946,45,8,0,1,1,0.92,0.88,0.91,0.85,0.73,0.6,0.43,0.32,0.02,0.01,,,,,,,,,,,,,,,,,,,,,,,,,,,,,,,,107800,"12:00 AM, Wednesday 12 January 2022",Wednesday 12 Jan 2022,,,,,,,,,,,,,,,,,,,,,,,,,,,,,
2022-01-09,215231,81762,77494,55975,,,,,,199.7,5726,3551,4707,5223,6714,7921,7890,13555,11760,11074,,1426,2214,,1,1,1,0.96,1,1,0.93,0.88,0.78,0.72,,0.62,0.47,0,5608,3515,4670,5191,6644,7846,7780,13342,11377,10389,,742,390,0,1,1,0.99,0.96,1,1,0.92,0.87,0.75,0.67,,0.32,0.08,0,5062,3277,4328,4711,5835,6543,6104,9071,6251,4740,45,8,0,1,1,0.92,0.87,0.9,0.84,0.72,0.59,0.41,0.31,0.02,0.01,,,,,,,,,,,,,,,,,,,,,,,,,,,,,,,,107800,"12:00 AM, Sunday 9 January 2022",Sunday 9 Jan 2022,,,,,,,,,,,,,,,,,,,,,,,,,,,,,
2022-01-05,213492,81670,77327,54495,,,,,,198.1,5725,3548,4709,5221,6712,7918,7888,13551,11739,11053,,1415,2190,,1,1,1,0.96,1,1,0.93,0.88,0.78,0.72,,0.61,0.47,0,5606,3512,4672,5189,6640,7844,7773,13338,11354,10369,,717,313,0,1,1,0.99,0.96,1,1,0.92,0.87,0.75,0.67,,0.31,0.07,0,5050,3266,4325,4676,5787,6450,5957,8714,5856,4364,42,8,0,1,1,0.92,0.86,0.89,0.82,0.7,0.57,0.39,0.28,0.02,0,,,,,,,,,,,,,,,,,,,,,,,,,,,,,,,,107800,"12:00 AM, Wednesday 5 January 2022",Wednesday 5 Jan 2022,,,,,,,,,,,,,,,,,,,,,,,,,,,,,
2022-01-02,211427,81550,77133,52744,,,,,,196.1,5713,3548,4707,5227,6695,7905,7885,13533,11731,11022,,1408,2175,,1,1,1,0.96,1,1,0.93,0.88,0.78,0.72,,0.61,0.46,0,5592,3512,4670,5194,6623,7831,7773,13316,11345,10335,,688,254,0,1,1,0.99,0.96,1,1,0.92,0.87,0.75,0.67,,0.3,0.05,0,5016,3262,4299,4647,5703,6328,5838,8359,5415,3827,42,8,0,0.99,1,0.91,0.86,0.88,0.81,0.69,0.54,0.36,0.25,0.02,0.01,,,,,,,,,,,,,,,,,,,,,,,,,,,,,,,,107800,"12:00 AM, Sunday 2 January 2022",Sunday 2 Jan 2022,,,,,,,,,,,,,,,,,,,,,,,,,,,,,
2021-12-29,209935,81467,76997,51471,,,,,,194.8,5709,3548,4709,5224,6692,7907,7879,13527,11726,11008,,1403,2134,,1,1,1,0.96,1,1,0.93,0.88,0.78,0.71,,0.61,0.46,0,5587,3512,4671,5191,6620,7833,7768,13311,11337,10326,,653,188,0,1,1,0.99,0.96,1,1,0.91,0.87,0.75,0.67,,0.28,0.04,0,4998,3248,4286,4622,5644,6245,5739,8060,5108,3476,37,8,0,0.99,1,0.91,0.85,0.87,0.8,0.68,0.52,0.34,0.23,0.02,0,,,,,,,,,,,,,,,,,,,,,,,,,,,,,,,,107800,"12:00 AM, Wednesday 29 December 2021",Wednesday 29 Dec 2021,,,,,,,,,,,,,,,,,,,,,,,,,,,,,
2021-12-26,206976,81104,76747,49125,,,,,,192,5692,3541,4714,5221,6676,7901,7879,13505,11702,10962,,1377,1933,,1,1,1,0.96,1,1,0.93,0.88,0.78,0.71,,0.6,0.41,0,5571,3506,4675,5184,6603,7824,7765,13286,11316,10282,,610,125,0,1,1,0.99,0.96,1,1,0.91,0.86,0.75,0.67,,0.26,0.03,0,4954,3220,4245,4574,5567,6112,5549,7583,4527,2749,38,7,0,0.98,0.99,0.9,0.84,0.86,0.78,0.65,0.49,0.3,0.18,0.02,0.01,,,,,,,,,,,,,,,,,,,,,,,,,,,,,,,,107800,"12:00 AM, Sunday 26 December 2021",Sunday 26 Dec 2021,,,,,,,,,,,,,,,,,,,,,,,,,,,,,
2021-12-19,202739,80892,76464,45383,,,,,,188.1,5683,3534,4714,5215,6657,7897,7869,13493,11672,10901,,1365,1891,,1,1,1,0.96,1,1,0.93,0.88,0.77,0.71,,0.59,0.4,0,5562,3498,4673,5178,6582,7819,7756,13269,11277,10210,,562,78,0,1,1,0.99,0.95,1,1,0.91,0.86,0.75,0.66,,0.24,0.01,0,4892,3177,4207,4518,5454,5912,5284,6896,3598,1403,36,6,0,0.97,0.98,0.89,0.83,0.84,0.76,0.62,0.45,0.24,0.09,0.02,0.01,,,,,,,,,,,,,,,,,,,,,,,,,,,,,,,,107800,"12:00 AM, Sunday 19 December 2021",Sunday 19 Dec 2021,,,,,,,,,,,,,,,,,,,,,,,,,,,,,
2021-12-15,199488,80760,76307,42421,,,,,,185.1,5682,3528,4715,5215,6654,7890,7866,13474,11652,10869,,1352,1862,,1,1,1,0.96,1,1,0.93,0.88,0.77,0.71,,0.59,0.4,0,5561,3492,4674,5177,6579,7810,7753,13247,11259,10168,,522,65,0,1,1,0.99,0.95,1,1,0.91,0.86,0.75,0.66,,0.23,0.01,0,4855,3137,4167,4465,5357,5728,5068,6222,2644,737,34,7,0,0.96,0.96,0.88,0.82,0.82,0.73,0.6,0.4,0.18,0.05,0.01,0.01,,,,,,,,,,,,,,,,,,,,,,,,,,,,,,,,107800,"12:00 AM, Wednesday 15 December 2021",Wednesday 15 Dec 2021,,,,,,,,,,,,,,,,,,,,,,,,,,,,,
2021-12-12,196865,80602,76133,40130,,,,,,182.6,5677,3521,4704,5211,6639,7891,7853,13465,11628,10838,,1333,1841,,1,1,1,0.96,1,1,0.92,0.88,0.77,0.7,,0.58,0.39,0,5556,3485,4662,5174,6565,7812,7741,13237,11228,10121,,490,62,0,1,1,0.99,0.95,1,1,0.91,0.86,0.74,0.66,,0.21,0.01,0,4807,3111,4128,4424,5249,5602,4849,5535,1695,692,31,7,0,0.95,0.95,0.87,0.82,0.81,0.72,0.57,0.36,0.11,0.04,0.01,0.01,,,,,,,,,,,,,,,,,,,,,,,,,,,,,,,,107800,"12:00 AM, Sunday 12 December 2021",Sunday 12 Dec 2021,,,,,,,,,,,,,,,,,,,,,,,,,,,,,
2021-12-08,194274,80449,75960,37865,,,,,,180.2,5675,3518,4701,5202,6639,7882,7846,13456,11609,10810,,1321,1789,,1,1,1,0.96,1,1,0.92,0.87,0.77,0.7,,0.57,0.38,0,5554,3485,4660,5169,6566,7801,7732,13221,11209,10098,,415,50,0,1,1,0.99,0.95,1,1,0.91,0.86,0.74,0.66,,0.18,0.01,0,4762,3085,4075,4358,5131,5407,4565,4674,1123,651,27,7,0,0.94,0.95,0.86,0.8,0.79,0.69,0.54,0.3,0.07,0.04,0.01,0,,,,,,,,,,,,,,,,,,,,,,,,,,,,,,,,107800,"12:00 AM, Wednesday 8 December 2021",Wednesday 8 Dec 2021,,,,,,,,,,,,,,,,,,,,,,,,,,,,,
2021-12-05,192065,80282,75778,36005,,,,,,178.2,5665,3512,4686,5197,6626,7883,7843,13440,11594,10775,,1324,1736,,1,1,0.99,0.96,1,1,0.92,0.87,0.77,0.7,,0.57,0.37,0,5544,3479,4645,5165,6556,7802,7731,13204,11190,10057,,357,48,0,1,1,0.98,0.95,1,1,0.91,0.86,0.74,0.65,,0.15,0.01,0,4707,3056,4022,4295,5025,5233,4276,3675,1067,614,27,8,0,0.93,0.94,0.85,0.79,0.77,0.67,0.5,0.24,0.07,0.04,0.01,0.01,,,,,,,,,,,,,,,,,,,,,,,,,,,,,,,,107800,"12:00 AM, Sunday 5 December 2021",Sunday 5 Dec 2021,,,,,,,,,,,,,,,,,,,,,,,,,,,,,
2021-12-01,189531,80111,75561,33859,,,,,,175.8,5660,3513,4683,5193,6621,7874,7837,13433,11584,10754,,1307,1651,,1,1,0.99,0.96,1,1,0.92,0.87,0.77,0.7,,0.57,0.35,0,5541,3478,4642,5161,6549,7792,7724,13189,11176,10028,,235,46,0,1,1,0.98,0.95,1,0.99,0.91,0.86,0.74,0.65,,0.1,0.01,0,4649,3015,3962,4217,4851,4924,3834,2784,1017,579,19,8,0,0.92,0.93,0.84,0.78,0.75,0.63,0.45,0.18,0.07,0.04,0.01,0.01,,,,,,,,,,,,,,,,,,,,,,,,,,,,,,,,107800,"12:00 AM, Wednesday 1 December 2021",Wednesday 1 Dec 2021,,,,,,,,,,,,,,,,,,,,,,,,,,,,,
2021-11-28,187228,79851,75335,32042,,,,,,173.7,5656,3506,4679,5188,6606,7857,7830,13418,11574,10738,,1260,1538,,1,1,0.99,0.96,1,1,0.92,0.87,0.77,0.7,,0.55,0.33,0,5538,3472,4639,5157,6538,7777,7719,13164,11159,10000,,127,45,0,1,1,0.98,0.95,1,0.99,0.91,0.86,0.74,0.65,,0.03,0.01,0,4588,2984,3913,4132,4701,4664,3375,2127,979,554,17,8,0,0.91,0.92,0.83,0.76,0.72,0.6,0.4,0.14,0.06,0.04,0.01,0.01,,,,,,,,,,,,,,,,,,,,,,,,,,,,,,,,107800,"12:00 AM, Sunday 28 November 2021",Sunday 28 Nov 2021,,,,,,,,,,,,,,,,,,,,,,,,,,,,,
2021-11-24,184891,79684,75166,30041,,,,,,171.5,5652,3501,4675,5191,6599,7852,7820,13407,11559,10714,,1240,1473,,1,1,0.99,0.96,1,1,0.92,0.87,0.77,0.7,,0.54,0.31,0,5533,3467,4635,5159,6531,7772,7711,13144,11136,9963,,76,39,0,1,1,0.98,0.95,1,0.99,0.91,0.85,0.74,0.65,,0.03,0.01,0,4479,2933,3834,4008,4481,4266,2799,1766,928,522,17,8,0,0.89,0.9,0.81,0.74,0.69,0.55,0.33,0.11,0.06,0.03,0.01,0.01,,,,,,,,,,,,,,,,,,,,,,,,,,,,,,,,107800,"12:00 AM, Wednesday 24 November 2021",Wednesday 24 Nov 2021,,,,,,,,,,,,,,,,,,,,,,,,,,,,,
2021-11-21,183066,79571,75089,28406,,,,,,169.8,5646,3489,4669,5190,6590,7852,7815,13384,11543,10698,,1234,1460,,1,1,0.99,0.96,1,1,0.92,0.87,0.77,0.69,,0.53,0.31,0,5527,3456,4629,5158,6522,7773,7706,13131,11123,9958,,69,37,0,1,1,0.98,0.95,1,0.99,0.91,0.85,0.74,0.65,,0.03,0,0,4370,2882,3752,3891,4285,3878,2298,1641,891,494,16,8,0,0.87,0.88,0.79,0.72,0.66,0.5,0.27,0.11,0.06,0.03,0.01,0,,,,,,,,,,,,,,,,,,,,,,,,,,,,,,,,107800,"12:00 AM, Sunday 21 November 2021",Sunday 21 Nov 2021,,,,,,,,,,,,,,,,,,,,,,,,,,,,,
2021-11-17,181102,79414,74973,26715,,,,,,168,5644,3483,4668,5189,6586,7850,7808,13373,11528,10679,,1220,1385,,1,1,0.99,0.96,1,1,0.92,0.87,0.76,0.69,,0.53,0.3,0,5526,3450,4628,5155,6518,7769,7698,13124,11091,9915,,65,34,0,1,1,0.98,0.95,1,0.99,0.91,0.85,0.74,0.64,,0.03,0.01,0,4298,2925,3651,3752,4029,3485,1849,1523,827,455,14,7,0,0.85,0.87,0.77,0.69,0.62,0.45,0.22,0.1,0.05,0.03,0.01,0.01,,,,,,,,,,,,,,,,,,,,,,,,,,,,,,,,107800,"12:00 AM, Wednesday 17 November 2021",Wednesday 17 Nov 2021,,,,,,,,,,,,,,,,,,,,,,,,,,,,,
2021-11-14,179485,79346,74906,25233,,,,,,166.5,5638,3471,4672,5189,6575,7836,7813,13363,11517,10673,,1219,1380,,1,1,0.99,0.96,1,1,0.92,0.87,0.76,0.69,,0.53,0.29,0,5520,3438,4633,5156,6508,7754,7704,13101,11084,9909,,66,33,0,1,1,0.98,0.95,1,0.99,0.91,0.85,0.74,0.64,,0.03,0.01,0,4180,2755,3575,3627,3697,3163,1573,1456,789,398,13,7,0,0.83,0.85,0.76,0.67,0.57,0.4,0.19,0.09,0.05,0.03,0.01,0.01,,,,,,,,,,,,,,,,,,,,,,,,,,,,,,,,107800,"12:00 AM, Sunday 14 November 2021",Sunday 14 Nov 2021,,,,,,,,,,,,,,,,,,,,,,,,,,,,,
2021-11-10,177513,79166,74817,23530,,,,,,164.7,5633,3469,4671,5189,6575,7830,7811,13355,11504,10643,,1203,1283,,1,1,0.99,0.96,1,1,0.92,0.87,0.76,0.69,,0.52,0.27,0,5514,3436,4632,5154,6508,7748,7700,13091,11067,9875,,66,26,0,1,1,0.98,0.95,1,0.99,0.91,0.85,0.73,0.64,,0.03,0.01,0,4111,2691,3451,3419,3295,2792,1346,1331,730,345,12,7,0,0.81,0.83,0.73,0.63,0.51,0.36,0.16,0.09,0.05,0.02,0.01,0.01,,,,,,,,,,,,,,,,,,,,,,,,,,,,,,,,107800,"12:00 AM, Wednesday 10 November 2021",Wednesday 10 Nov 2021,,,,,,,,,,,,,,,,,,,,,,,,,,,,,
2021-11-07,176025,79076,74737,22212,,,,,,163.3,5624,3464,4670,5178,6572,7816,7815,13352,11494,10628,,1196,1266,,1,1,0.99,0.95,1,1,0.92,0.87,0.76,0.69,,0.52,0.27,0,5505,3431,4629,5144,6507,7733,7705,13086,11056,9855,,65,21,0,1,1,0.98,0.95,1,0.99,0.91,0.85,0.73,0.64,,0.03,0,0,4061,2624,3323,3248,2828,2597,1238,1255,693,326,12,7,0,0.8,0.81,0.7,0.6,0.43,0.33,0.15,0.08,0.05,0.02,0,0,,,,,,,,,,,,,,,,,,,,,,,,,,,,,,,,107800,"12:00 AM, Sunday 7 November 2021",Sunday 7 Nov 2021,,,,,,,,,,,,,,,,,,,,,,,,,,,,,
2021-11-03,174137,78978,74681,20478,,,,,,161.5,5621,3460,4672,5176,6569,7810,7820,13340,11496,10614,,1192,1207,,1,1,0.99,0.95,1,1,0.92,0.87,0.76,0.69,,0.52,0.26,0,5503,3427,4631,5142,6504,7728,7708,13071,11047,9836,,65,19,0,1,1,0.98,0.95,1,0.99,0.91,0.85,0.73,0.64,,0.03,0,0,3958,2525,3097,2992,2374,2336,1123,1128,625,300,13,7,0,0.78,0.78,0.66,0.55,0.37,0.3,0.13,0.07,0.04,0.02,0.01,0,,,,,,,,,,,,,,,,,,,,,,,,,,,,,,,,107800,"12:00 AM, Wednesday 3 November 2021",Wednesday 3 Nov 2021,,,,,,,,,,,,,,,,,,,,,,,,,,,,,
2021-10-31,172720,78947,74651,19122,,,,,,160.3,5606,3457,4665,5174,6562,7811,7819,13335,11503,10600,,1206,1208,,1,1,0.99,0.95,1,1,0.92,0.87,0.76,0.69,,0.52,0.26,0,5488,3424,4624,5140,6497,7728,7708,13064,11054,9836,,69,0,0,1,1,0.98,0.95,1,0.99,0.91,0.85,0.73,0.64,,0.03,0,0,3854,2429,2903,2783,2131,2117,1023,1042,571,257,9,0,0,0.76,0.75,0.61,0.51,0.33,0.27,0.12,0.07,0.04,0.02,0.01,0,,,,,,,,,,,,,,,,,,,,,,,,,,,,,,,,107800,"12:00 AM, Sunday 31 October 2021",Sunday 31 Oct 2021,,,,,,,,,,,,,,,,,,,,,,,,,,,,,
2021-10-27,170775,78809,74589,17377,,,,,,158.4,5602,3456,4665,5171,6560,7808,7818,13329,11491,10586,,1189,1133,,1,1,0.99,0.95,1,1,0.92,0.87,0.76,0.69,,0.51,0.24,0,5485,3422,4623,5137,6496,7728,7705,13058,11052,9806,,67,0,0,1,1,0.98,0.95,1,0.99,0.91,0.85,0.73,0.64,,0.03,0,0,3689,2280,2649,2514,1867,1791,913,936,503,225,8,0,0,0.73,0.7,0.56,0.46,0.29,0.23,0.11,0.06,0.03,0.01,0.01,0,,,,,,,,,,,,,,,,,,,,,,,,,,,,,,,,107800,"12:00 AM, Wednesday 27 October 2021",Wednesday 27 Oct 2021,,,,,,,,,,,,,,,,,,,,,,,,,,,,,
2021-10-24,169124,78701,74525,15898,,,,,,156.9,5592,3450,4672,5159,6553,7809,7812,13332,11481,10576,,1178,1086,,1,1,0.99,0.95,1,1,0.92,0.87,0.76,0.69,,0.51,0.23,0,5476,3415,4630,5122,6488,7728,7699,13061,11044,9795,,64,0,0,1,1,0.98,0.94,1,0.99,0.91,0.85,0.73,0.64,,0.03,0,0,3566,2184,2467,2233,1664,1500,810,831,445,189,7,0,0,0.71,0.67,0.52,0.41,0.26,0.19,0.1,0.05,0.03,0.01,0.01,0,,,,,,,,,,,,,,,,,,,,,,,,,,,,,,,,107800,"12:00 AM, Sunday 24 October 2021",Sunday 24 Oct 2021,,,,,,,,,,,,,,,,,,,,,,,,,,,,,
2021-10-20,166909,78537,74457,13915,,,,,,154.8,5590,3448,4668,5160,6545,7820,7805,13320,11475,10553,,1160,992,,1,1,0.99,0.95,1,1,0.92,0.87,0.76,0.69,,0.5,0.21,0,5473,3413,4626,5122,6480,7738,7691,13043,11032,9771,,65,0,0,1,1,0.98,0.94,1,0.99,0.91,0.85,0.73,0.63,,0.03,0,0,3374,2029,2192,1862,1400,1105,699,720,372,156,5,0,0,0.67,0.62,0.46,0.34,0.22,0.14,0.08,0.05,0.02,0.01,0,0,,,,,,,,,,,,,,,,,,,,,,,,,,,,,,,,107800,"12:00 AM, Wednesday 20 October 2021",Wednesday 20 Oct 2021,,,,,,,,,,,,,,,,,,,,,,,,,,,,,
2021-10-17,165076,78415,74390,12271,,,,,,153.1,5582,3435,4672,5158,6542,7819,7802,13309,11473,10525,,1164,933,,1,1,0.99,0.95,1,1,0.92,0.87,0.76,0.68,,0.5,0.2,0,5465,3400,4629,5120,6478,7736,7689,13030,11029,9748,,64,0,0,1,1,0.98,0.94,1,0.99,0.91,0.85,0.73,0.63,,0.03,0,0,3159,1870,1945,1356,1207,987,628,643,337,134,4,0,0,0.63,0.57,0.41,0.25,0.19,0.13,0.07,0.04,0.02,0.01,0,0,,,,,,,,,,,,,,,,,,,,,,,,,,,,,,,,107800,"12:00 AM, Sunday 17 October 2021",Sunday 17 Oct 2021,,,,,,,,,,,,,,,,,,,,,,,,,,,,,
2021-10-13,162928,78261,74327,10340,,,,,,151.1,5577,3434,4668,5155,6546,7814,7799,13299,11470,10507,,1156,835,,1,1,0.99,0.95,1,1,0.92,0.86,0.76,0.68,,0.5,0.18,0,5449,3398,4625,5117,6481,7731,7682,13018,11025,9725,,64,0,0,1,1,0.98,0.94,1,0.99,0.9,0.85,0.73,0.63,,0.03,0,0,2962,1653,1693,701,963,851,540,572,281,119,4,0,0,0.59,0.51,0.36,0.13,0.15,0.11,0.06,0.04,0.02,0.01,0,0,,,,,,,,,,,,,,,,,,,,,,,,,,,,,,,,107800,"12:00 AM, Wednesday 13 October 2021",Wednesday 13 Oct 2021,,,,,,,,,,,,,,,,,,,,,,,,,,,,,
2021-10-06,159090,77925,74198,6967,,,,,,147.6,5556,3431,4662,5147,6543,7795,7800,13290,11460,10484,,1136,620,,1,1,0.99,0.95,1,1,0.92,0.86,0.76,0.68,,0.49,0.13,0,5434,3395,4618,5110,6477,7707,7682,13005,11006,9701,,63,0,0,1,1,0.98,0.94,1,0.99,0.9,0.85,0.73,0.63,,0.03,0,0,2480,1180,1116,246,481,503,312,370,201,75,3,0,0,0.49,0.36,0.24,0.05,0.07,0.06,0.04,0.02,0.01,0,0,0,,,,,,,,,,,,,,,,,,,,,,,,,,,,,,,,107800,"12:00 AM, Wednesday 6 October 2021",Wednesday 6 Oct 2021,,,,,,,,,,,,,,,,,,,,,,,,,,,,,
2021-10-03,157280,77796,74147,5337,,,,,,145.9,5543,3430,4661,5135,6539,7790,7809,13287,11449,10467,,1137,540,,1,1,0.99,0.95,1,0.99,0.92,0.86,0.76,0.68,,0.49,0.12,0,5419,3395,4616,5098,6475,7701,7691,13001,10995,9692,,64,0,0,1,1,0.98,0.94,1,0.98,0.91,0.85,0.73,0.63,,0.03,0,0,2093,869,798,137,291,355,248,316,166,62,2,0,0,0.41,0.27,0.17,0.03,0.04,0.05,0.03,0.02,0.01,0,0,0,,,,,,,,,,,,,,,,,,,,,,,,,,,,,,,,107800,"12:00 AM, Sunday 3 October 2021",Sunday 3 Oct 2021,,,,,,,,,,,,,,,,,,,,,,,,,,,,,
2021-09-29,154921,77423,74080,3418,,,,,,143.7,5536,3424,4666,5130,6539,7775,7815,13285,11429,10463,,1112,248,,1,1,0.99,0.95,1,0.99,0.92,0.86,0.76,0.68,,0.48,0.05,0,5412,3389,4620,5094,6474,7688,7694,12997,10975,9673,,64,0,0,1,1,0.98,0.94,1,0.98,0.91,0.85,0.73,0.63,,0.03,0,0,1611,448,313,71,154,226,185,232,130,47,1,0,0,0.32,0.14,0.07,0.01,0.02,0.03,0.02,0.02,0.01,0.01,0.01,0,,,,,,,,,,,,,,,,,,,,,,,,,,,,,,,,107800,"12:00 AM, Wednesday 29 September 2021",Wednesday 29 Sep 2021,,,,,,,,,,,,,,,,,,,,,,,,,,,,,
2021-09-26,153196,77168,74026,2002,,,,,,142.1,5530,3416,4671,5123,6538,7762,7809,13282,11419,10448,,1109,61,,1,1,0.99,0.94,1,0.99,0.92,0.86,0.76,0.68,,0.48,0,0,5406,3382,4623,5087,6472,7676,7689,12996,10963,9667,,65,0,0,1,1,0.98,0.94,1,0.98,0.91,0.84,0.73,0.63,,0.03,0,0,1143,101,29,47,106,163,123,170,87,32,1,0,0,0.23,0.03,0.01,0.01,0.02,0.02,0.01,0.01,0.01,,,,,,,,,,,,,,,,,,,,,,,,,,,,,,,,,,,107800,"12:00 AM, Sunday 26 September 2021",Sunday 26 Sep 2021,,,,,,,,,,,,,,,,,,,,,,,,,,,,,
2021-09-22,151059,77089,73970,,,,,,,140.1,5529,3414,4671,5125,6531,7765,7801,13278,11404,10421,,1094,56,,1,1,0.99,0.94,1,0.99,0.92,0.86,0.76,0.68,,0.47,0,0,5405,3380,4623,5089,6465,7678,7684,12994,10946,9640,,66,0,0,1,1,0.98,0.94,0.99,0.98,0.9,0.84,0.73,0.63,,0.03,0,0,,,,,,,,,,,,,,,,,,,,,,,,,,,,,,,,,,,,,,,,,,,,,,,,,,,,,,,,,107800,"12:00 AM, Wednesday 22 September 2021",Wednesday 22 Sep 2021,,,,,,,,,,,,,,,,,,,,,,,,,,,,,
2021-09-19,150891,76998,73893,,,,,,,140,5525,3403,4668,5126,6509,7775,7790,13269,11385,10399,,1093,56,,1,1,0.99,0.94,1,0.99,0.92,0.86,0.75,0.68,,0.47,0,0,5400,3369,4619,5088,6445,7690,7665,12989,10934,9628,,66,0,0,1,1,0.98,0.94,0.99,0.98,0.9,0.84,0.73,0.63,,0.03,0,,,,,,,,,,,,,,,,,,,,,,,,,,,,,,,,,,,,,,,,,,,,,,,,,,,,,,,,,,107800,"12:00 AM, Sunday 19 September 2021",Sunday 19 Sep 2021,,,,,,,,,,,,,,,,,,,,,,,,,,,,,
2021-09-15,150652,76918,73734,,,,,,,139.8,5522,3402,4670,5121,6505,7770,7787,13266,11377,10380,,1067,51,,1,1,0.99,0.94,1,0.99,0.92,0.86,0.75,0.67,,0.46,0,0,5397,3367,4620,5080,6438,7678,7659,12968,10900,9560,,67,0,0,1,1,0.98,0.94,0.99,0.98,0.9,0.84,0.72,0.62,,0.03,0,,,,,,,,,,,,,,,,,,,,,,,,,,,,,,,,,,,,,,,,,,,,,,,,,,,,,,,,,,107800,"12:00 AM, Wednesday 15 September 2021",Wednesday 15 Sep 2021,,,,,,,,,,,,,,,,,,,,,,,,,,,,,
2021-09-12,150379,76818,73561,,,,,,,139.5,5512,3400,4670,5117,6500,7768,7782,13255,11360,10356,,1048,50,,1,1,0.99,0.94,1,0.99,0.92,0.86,0.75,0.67,,0.45,0.01,0,5387,3362,4619,5075,6432,7675,7653,12936,10858,9496,,68,0,0,1,1,0.98,0.93,0.99,0.98,0.9,0.84,0.72,0.62,,0.03,0,,,,,,,,,,,,,,,,,,,,,,,,,,,,,,,,,,,,,,,,,,,,,,,,,,,,,,,,,,107800,"12:00 AM, Sunday 12 September 2021",Sunday 12 Sep 2021,,,,,,,,,,,,,,,,,,,,,,,,,,,,,
2021-09-08,150070,76723,73347,,,,,,,139.2,5509,3396,4667,5118,6499,7766,7780,13236,11340,10335,,1029,48,,1,1,0.99,0.94,1,0.99,0.92,0.86,0.75,0.67,,0.45,0,0,5384,3358,4614,5074,6425,7671,7643,12905,10804,9400,,69,0,0,1,1,0.98,0.93,0.99,0.98,0.9,0.84,0.72,0.61,,0.03,0,,,,,,,,,,,,,,,,,,,,,,,,,,,,,,,,,,,,,,,,,,,,,,,,,,,,,,,,,,107800,"12:00 AM, Wednesday 8 September 2021",Wednesday 8 Sep 2021,,,,,,,,,,,,,,,,,,,,,,,,,,,,,
2021-09-05,149748,76630,73118,,,,,,,138.9,5504,3392,4663,5122,6498,7740,7793,13231,11327,10309,,1009,42,,1,1,0.99,0.94,1,0.99,0.92,0.86,0.75,0.67,,0.44,0.01,0,5370,3352,4606,5076,6420,7638,7645,12879,10759,9303,,70,0,0,1,1,0.98,0.94,0.99,0.98,0.9,0.84,0.71,0.6,,0.03,0,,,,,,,,,,,,,,,,,,,,,,,,,,,,,,,,,,,,,,,,,,,,,,,,,,,,,,,,,,107800,"12:00 AM, Sunday 5 September 2021",Sunday 5 Sep 2021,,,,,,,,,,,,,,,,,,,,,,,,,,,,,
2021-09-01,149353,76478,72875,,,,,,,138.6,5499,3393,4666,5119,6498,7730,7789,13221,11306,10277,,949,31,,1,1,0.99,0.94,1,0.99,0.92,0.86,0.75,0.67,,0.41,0.01,0,5364,3352,4609,5070,6417,7627,7634,12850,10702,9181,,69,0,0,1,1,0.98,0.93,0.99,0.97,0.9,0.84,0.71,0.6,,0.03,0,,,,,,,,,,,,,,,,,,,,,,,,,,,,,,,,,,,,,,,,,,,,,,,,,,,,,,,,,,107800,"12:00 AM, Wednesday 1 September 2021",Wednesday 1 Sep 2021,,,,,,,,,,,,,,,,,,,,,,,,,,,,,
2021-08-29,148729,76256,72473,,,,,,,138,5493,3388,4658,5110,6495,7715,7790,13201,11289,10216,,877,24,,1,1,0.99,0.94,1,0.99,0.92,0.86,0.75,0.66,,0.38,0.01,0,5356,3344,4598,5058,6407,7596,7614,12803,10625,9002,,70,0,0,1,1,0.97,0.93,0.99,0.97,0.9,0.83,0.7,0.6,,0.03,0,,,,,,,,,,,,,,,,,,,,,,,,,,,,,,,,,,,,,,,,,,,,,,,,,,,,,,,,,,107800,"12:00 AM, Sunday 29 August 2021",Sunday 29 Aug 2021,,,,,,,,,,,,,,,,,,,,,,,,,,,,,
2021-08-22,147643,75860,71783,,,,,,,137,5480,3378,4658,5108,6489,7708,7778,13183,11237,10102,,733,,,1,1,0.99,0.94,1,0.99,0.92,0.86,0.75,0.66,,0.28,,0,5338,3333,4597,5052,6385,7580,7583,12712,10454,8678,,71,0,0,1,1,0.97,0.93,0.98,0.97,0.89,0.83,0.69,0.56,,0.03,0,,,,,,,,,,,,,,,,,,,,,,,,,,,,,,,,,,,,,,,,,,,,,,,,,,,,,,,,,,107800,"12:00 AM, Sunday 22 August 2021",Sunday 22 Aug 2021,,,,,,,,,,,,,,,,,,,,,,,,,,,,,
2021-08-18,146855,75674,71181,,,,,,,136.2,5478,3373,4659,5105,6486,7700,7778,13172,11224,10039,,658,,,1,1,0.99,0.94,1,0.98,0.92,0.86,0.74,0.65,,0.28,,0,5334,3326,4597,5043,6380,7555,7561,12616,10315,8383,,71,0,0,1,1,0.97,0.93,0.98,0.97,0.89,0.82,0.68,0.54,,0.03,0,,,,,,,,,,,,,,,,,,,,,,,,,,,,,,,,,,,,,,,,,,,,,,,,,,,,,,,,,,107800,"12:00 AM, Wednesday 18 August 2021",Wednesday 18 Aug 2021,,,,,,,,,,,,,,,,,,,,,,,,,,,,,
2021-08-15,146439,75506,70933,,,,,,,135.9,5474,3359,4663,5103,6477,7696,7778,13161,11208,10006,581,,,,1,1,0.99,0.94,1,0.98,0.92,0.86,0.74,0.65,,0.19,,0,5329,3314,4600,5043,6371,7542,7558,12585,10270,8249,,0,0,0,1,1,0.97,0.93,0.98,0.96,0.89,0.82,0.68,0.54,,0.03,0,,,,,,,,,,,,,,,,,,,,,,,,,,,,,,,,,,,,,,,,,,,,,,,,,,,,,,,,,,107800,"12:00 AM, Sunday 15 August 2021",Sunday 15 Aug 2021,,,,,,,,,,,,,,,,,,,,,,,,,,,,,
2021-08-11,145657,75249,70408,,,,,,,135.1,5472,3353,4663,5100,6476,7687,7775,13139,11189,9960,435,,,,1,1,0.99,0.94,1,0.98,0.92,0.85,0.74,0.65,,0.19,,0,5326,3307,4596,5041,6365,7521,7548,12509,10154,7971,,70,0,0,1,1,0.97,0.93,0.98,0.96,0.89,0.81,0.67,0.52,,0.03,0,,,,,,,,,,,,,,,,,,,,,,,,,,,,,,,,,,,,,,,,,,,,,,,,,,,,,,,,,,107800,"12:00 AM, Wednesday 11 August 2021",Wednesday 11 Aug 2021,,,,,,,,,,,,,,,,,,,,,,,,,,,,,
2021-08-08,144896,74899,69997,,,,,,,134.4,5460,3349,4665,5091,6478,7679,7773,13118,11160,9893,233,,,,1,1,0.99,0.94,1,0.98,0.92,0.85,0.74,0.64,,,,,5314,3301,4600,5032,6364,7505,7536,12454,10057,7764,,,,,1,1,0.97,0.93,0.98,0.96,0.89,0.81,0.67,0.5,,,,,,,,,,,,,,,,,,,,,,,,,,,,,,,,,,,,,,,,,,,,,,,,,,,,,,,,,,,,,107800,"12:00 AM, Sunday 8 August 2021",Sunday 8 Aug 2021,,,,,,,,,,,,,,,,,,,,,,,,,,,,,
2021-08-04,144126,74710,69416,,,,,,,133.7,5456,3349,4665,5089,6479,7677,7758,13113,11131,9861,132,,,,1,1,0.99,0.94,1,0.98,0.91,0.85,0.74,0.64,,,,,5310,3301,4600,5028,6357,7492,7512,12386,9893,7469,,,,,1,1,0.97,0.93,0.98,0.96,0.88,0.81,0.66,0.48,,,,,,,,,,,,,,,,,,,,,,,,,,,,,,,,,,,,,,,,,,,,,,,,,,,,,,,,,,,,,107800,"12:00 AM, Wednesday 4 August 2021",Wednesday 4 Aug 2021,,,,,,,,,,,,,,,,,,,,,,,,,,,,,
2021-08-01,143244,74511,68733,,,,,,,132.9,5446,3338,4661,5083,6478,7662,7746,13091,11098,9799,109,,,,1,1,0.99,0.94,1,0.98,0.91,0.85,0.74,0.64,,,,,5300,3295,4596,5027,6359,7473,7484,12296,9733,7104,,,,,1,1,0.97,0.93,0.98,0.96,0.88,0.8,0.65,0.46,,,,,,,,,,,,,,,,,,,,,,,,,,,,,,,,,,,,,,,,,,,,,,,,,,,,,,,,,,,,,107800,"12:00 AM, Sunday 1 August 2021",Sunday 1 Aug 2021,,,,,,,,,,,,,,,,,,,,,,,,,,,,,
2021-07-28,142066,74267,67799,,,,,,,131.8,5444,3333,4661,5075,6477,7649,7730,13057,11055,9705,81,,,,1,1,0.99,0.93,1,0.98,0.91,0.85,0.73,0.63,,,,,5298,3287,4595,5017,6355,7458,7456,12184,9542,6542,,,,,1,1,0.97,0.92,0.98,0.95,0.88,0.79,0.63,0.42,,,,,,,,,,,,,,,,,,,,,,,,,,,,,,,,,,,,,,,,,,,,,,,,,,,,,,,,,,,,,107800,"12:00 AM, Wednesday 28 July 2021",Wednesday 28 Jul 2021,,,,,,,,,,,,,,,,,,,,,,,,,,,,,
2021-07-25,140245,73964,66281,,,,,,,130.1,5439,3325,4653,5074,6463,7640,7717,13018,10965,9587,83,,,,1,1,0.99,0.93,0.99,0.98,0.91,0.85,0.73,0.62,,,,,5293,3275,4584,5006,6343,7432,7437,12036,9250,5561,,,,,1,1,0.97,0.92,0.98,0.95,0.88,0.78,0.61,0.36,,,,,,,,,,,,,,,,,,,,,,,,,,,,,,,,,,,,,,,,,,,,,,,,,,,,,,,,,,,,,107800,"12:00 AM, Sunday 25 July 2021",Sunday 25 Jul 2021,,,,,,,,,,,,,,,,,,,,,,,,,,,,,
2021-07-21,137530,73568,63962,,,,,,,127.6,5436,3316,4652,5066,6454,7633,7696,12952,10856,9425,82,,,,1,1,0.99,0.93,0.99,0.98,0.91,0.84,0.72,0.61,,,,,5289,3266,4585,4996,6336,7412,7411,11922,8899,3781,,,,,1,1,0.97,0.92,0.97,0.95,0.87,0.78,0.59,0.25,,,,,,,,,,,,,,,,,,,,,,,,,,,,,,,,,,,,,,,,,,,,,,,,,,,,,,,,,,,,,107800,"12:00 AM, Wednesday 21 July 2021",Wednesday 21 Jul 2021,,,,,,,,,,,,,,,,,,,,,,,,,,,,,
2021-07-18,135379,73170,62209,,,,,,,125.6,5431,3297,4657,5058,6450,7616,7684,12871,10753,9270,83,,,,1,1,0.99,0.93,0.99,0.97,0.9,0.84,0.71,0.6,,,,,5285,3247,4586,4988,6327,7397,7383,11819,8553,2562,,,,,1,1,0.97,0.92,0.97,0.95,0.87,0.77,0.57,0.17,,,,,,,,,,,,,,,,,,,,,,,,,,,,,,,,,,,,,,,,,,,,,,,,,,,,,,,,,,,,,107800,"12:00 AM, Sunday 18 July 2021",Sunday 18 Jul 2021,,,,,,,,,,,,,,,,,,,,,,,,,,,,,
2021-07-14,132739,72703,60036,,,,,,,123.1,5427,3297,4651,5056,6443,7596,7670,12800,10633,9049,81,,,,1,1,0.98,0.93,0.99,0.97,0.9,0.83,0.71,0.59,,,,,5278,3244,4579,4979,6304,7357,7341,11531,7699,1663,,,,,1,1,0.97,0.92,0.97,0.94,0.86,0.75,0.51,0.11,,,,,,,,,,,,,,,,,,,,,,,,,,,,,,,,,,,,,,,,,,,,,,,,,,,,,,,,,,,,,107800,"12:00 AM, Wednesday 14 July 2021",Wednesday 14 Jul 2021,,,,,,,,,,,,,,,,,,,,,,,,,,,,,
2021-07-11,130793,72369,58424,,,,,,,121.3,5419,3298,4641,5047,6430,7594,7663,12756,10549,8890,82,,,,1,1,0.98,0.93,0.99,0.97,0.9,0.83,0.7,0.58,,,,,5267,3242,4567,4971,6281,7346,7293,11284,6515,1597,,,,,1,1,0.97,0.92,0.97,0.94,0.86,0.73,0.43,0.1,,,,,,,,,,,,,,,,,,,,,,,,,,,,,,,,,,,,,,,,,,,,,,,,,,,,,,,,,,,,,107800,"12:00 AM, Sunday 11 July 2021",Sunday 11 Jul 2021,,,,,,,,,,,,,,,,,,,,,,,,,,,,,
2021-07-07,128652,71671,56981,,,,,,,119.3,5415,3293,4639,5044,6420,7568,7645,12681,10356,8528,82,,,,1,1,0.98,0.93,0.99,0.97,0.9,0.82,0.69,0.55,,,,,5263,3239,4565,4967,6276,7320,7275,11075,5399,1541,,,,,1,0.99,0.97,0.92,0.97,0.94,0.88,0.72,0.36,0.1,,,,,,,,,,,,,,,,,,,,,,,,,,,,,,,,,,,,,,,,,,,,,,,,,,,,,,,,,,,,,107800,"12:00 AM, Wednesday 7 July 2021",Wednesday 7 Jul 2021,,,,,,,,,,,,,,,,,,,,,,,,,,,,,
2021-07-04,126554,71444,55110,,,,,,,117.4,5410,3281,4640,5048,6410,7558,7641,12369,10293,8441,83,,,,1,1,0.98,0.93,0.99,0.97,0.9,0.82,0.68,0.55,,,,,5257,3226,4561,4970,6258,7297,7232,10705,4026,1516,,,,,1,0.99,0.97,0.92,0.96,0.93,0.85,0.7,0.27,0.1,,,,,,,,,,,,,,,,,,,,,,,,,,,,,,,,,,,,,,,,,,,,,,,,,,,,,,,,,,,,,107800,"12:00 AM, Sunday 4 July 2021",Sunday 4 Jul 2021,,,,,,,,,,,,,,,,,,,,,,,,,,,,,
2021-06-27,122930,70335,52595,,,,,,,114,5390,3277,4629,5048,6401,7545,7598,12479,10051,7833,84,,,,1,1,0.98,0.93,0.98,0.96,0.89,0.81,0.67,0.51,,,,,5237,3222,4542,4962,6228,7258,7135,10097,2362,1488,,,,,1,0.99,0.96,0.91,0.96,0.93,0.84,0.66,0.16,0.1,,,,,,,,,,,,,,,,,,,,,,,,,,,,,,,,,,,,,,,,,,,,,,,,,,,,,,,,,,,,,107800,"12:00 AM, Sunday 27 June 2021",Sunday 27 Jun 2021,,,,,,,,,,,,,,,,,,,,,,,,,,,,,
2021-06-23,121209,69246,51963,,,,,,,112.4,5384,3270,4626,5046,6392,7527,7578,12363,9839,7142,79,,,,1,1,0.98,0.93,0.98,0.96,0.89,0.8,0.65,0.46,,,,,5230,3216,4534,4959,6213,7247,7099,9665,2263,1472,,,,,1,0.99,0.96,0.91,0.96,0.93,0.84,0.63,0.15,0.1,,,,,,,,,,,,,,,,,,,,,,,,,,,,,,,,,,,,,,,,,,,,,,,,,,,,,,,,,,,,,107800,"12:00 AM, Wednesday 23 June 2021",Wednesday 23 Jun 2021,,,,,,,,,,,,,,,,,,,,,,,,,,,,,
2021-06-20,119975,68210,51765,,,,,,,111.3,5378,3263,4619,5040,6381,7518,7566,12273,9677,6419,76,,,,1,1,0.98,0.93,0.98,0.96,0.89,0.8,0.64,0.42,,,,,5225,3210,4528,4957,6203,7244,7105,9605,2157,1465,,,,,1,0.98,0.96,0.91,0.95,0.93,0.84,0.62,0.14,0.1,,,,,,,,,,,,,,,,,,,,,,,,,,,,,,,,,,,,,,,,,,,,,,,,,,,,,,,,,,,,,107800,"12:00 AM, Sunday 20 June 2021",Sunday 20 Jun 2021,,,,,,,,,,,,,,,,,,,,,,,,,,,,,
2021-06-16,118216,66606,51610,,,,,,,109.7,5377,3261,4610,5040,6373,7504,7558,12212,9529,5067,75,,,,1,1,0.98,0.93,0.98,0.96,0.89,0.79,0.63,0.33,,,,,5220,3209,4522,4957,6198,7234,7099,9548,2094,1463,,,,,1,0.98,0.96,0.91,0.95,0.92,0.84,0.62,0.14,0.09,,,,,,,,,,,,,,,,,,,,,,,,,,,,,,,,,,,,,,,,,,,,,,,,,,,,,,,,,,,,,107800,"12:00 AM, Wednesday 16 June 2021",Wednesday 16 Jun 2021,,,,,,,,,,,,,,,,,,,,,,,,,,,,,
2021-06-13,116607,65146,51461,,,,,,,108.2,5369,3256,4611,5033,6367,7491,7551,12155,9416,3822,75,,,,1,1,0.98,0.93,0.98,0.96,0.89,0.79,0.62,0.25,,,,,5213,3203,4522,4952,6187,7216,7092,9477,2075,1457,,,,,1,0.98,0.96,0.91,0.95,0.92,0.84,0.62,0.14,0.09,,,,,,,,,,,,,,,,,,,,,,,,,,,,,,,,,,,,,,,,,,,,,,,,,,,,,,,,,,,,,107800,"12:00 AM, Sunday 13 June 2021",Sunday 13 Jun 2021,,,,,,,,,,,,,,,,,,,,,,,,,,,,,
2021-06-09,114615,64541,50074,,,,,,,106.3,5363,3250,4609,5032,6355,7486,7534,12100,9254,3485,73,,,,1,1,0.98,0.93,0.98,0.96,0.89,0.79,0.61,0.23,,,,,5208,3193,4518,4945,6160,7160,6984,8411,1995,1433,,,,,1,0.98,0.96,0.91,0.95,0.92,0.82,0.55,0.13,0.09,,,,,,,,,,,,,,,,,,,,,,,,,,,,,,,,,,,,,,,,,,,,,,,,,,,,,,,,,,,,,107800,"12:00 AM, Wednesday 9 June 2021",Wednesday 9 Jun 2021,,,,,,,,,,,,,,,,,,,,,,,,,,,,,
2021-06-06,113192,63340,49852,,,,,,,105,5361,3239,4604,5036,6343,7480,7526,12006,9005,2666,74,,,,1,0.99,0.97,0.93,0.98,0.96,0.89,0.78,0.6,0.17,,,,,5200,3179,4511,4951,6147,7139,6970,8273,1981,1435,,,,,1,0.98,0.96,0.91,0.95,0.91,0.82,0.54,0.13,0.09,,,,,,,,,,,,,,,,,,,,,,,,,,,,,,,,,,,,,,,,,,,,,,,,,,,,,,,,,,,,,107800,"12:00 AM, Sunday 6 June 2021",Sunday 6 Jun 2021,,,,,,,,,,,,,,,,,,,,,,,,,,,,,
2021-06-02,110975,61284,49691,,,,,,,103,5356,3235,4603,5026,6334,7439,7489,11777,8298,1654,73,,,,1,0.99,0.97,0.93,0.97,0.95,0.88,0.77,0.55,0.11,,,,,5183,3175,4508,4941,6139,7118,6924,8241,1969,1428,,,,,1,0.97,0.95,0.91,0.94,0.91,0.82,0.54,0.13,0.09,,,,,,,,,,,,,,,,,,,,,,,,,,,,,,,,,,,,,,,,,,,,,,,,,,,,,,,,,,,,,107800,"12:00 AM, Wednesday 2 June 2021",Wednesday 2 Jun 2021,,,,,,,,,,,,,,,,,,,,,,,,,,,,,
2021-05-30,108577,60961,47616,,,,,,,100.7,5347,3239,4596,5018,6331,7433,7462,11717,8096,1645,77,,,,1,0.99,0.97,0.92,0.97,0.95,0.88,0.76,0.54,0.11,,,,,5171,3175,4494,4915,6106,7053,6760,6528,1942,1405,,,,,1,0.97,0.95,0.91,0.94,0.9,0.8,0.42,0.13,0.09,,,,,,,,,,,,,,,,,,,,,,,,,,,,,,,,,,,,,,,,,,,,,,,,,,,,,,,,,,,,,107800,"12:00 AM, Sunday 30 May 2021",Sunday 30 May 2021,,,,,,,,,,,,,,,,,,,,,,,,,,,,,
2021-05-26,105714,60116,45598,,,,,,,98.1,5346,3236,4593,5016,6321,7423,7434,11570,7472,1629,76,,,,1,0.99,0.97,0.92,0.97,0.95,0.88,0.75,0.5,0.11,,,,,5160,3166,4489,4883,6035,6911,6418,5191,1907,1376,,,,,1,0.97,0.95,0.9,0.93,0.88,0.76,0.34,0.13,0.09,,,,,,,,,,,,,,,,,,,,,,,,,,,,,,,,,,,,,,,,,,,,,,,,,,,,,,,,,,,,,107800,"12:00 AM, Wednesday 26 May 2021",Wednesday 26 May 2021,,,,,,,,,,,,,,,,,,,,,,,,,,,,,
2021-05-23,103044,59388,43656,,,,,,,95.6,5338,3232,4584,5003,6325,7412,7421,11444,6935,1618,76,,,,1,0.99,0.97,0.92,0.97,0.95,0.87,0.74,0.46,0.11,,,,,5126,3155,4465,4856,5985,6835,6249,3674,1893,1357,,,,,1,0.97,0.95,0.89,0.92,0.87,0.74,0.24,0.13,0.09,,,,,,,,,,,,,,,,,,,,,,,,,,,,,,,,,,,,,,,,,,,,,,,,,,,,,,,,,,,,,107800,"12:00 AM, Sunday 23 May 2021",Sunday 23 May 2021,,,,,,,,,,,,,,,,,,,,,,,,,,,,,
2021-05-19,99736,59281,40455,,,,,,,92.5,5334,3233,4584,4998,6322,7409,7417,11425,6866,1617,76,,,,1,0.99,0.97,0.92,0.97,0.95,0.87,0.74,0.46,0.1,,,,,5115,3138,4428,4785,5780,6241,4924,2921,1797,1264,,,,,1,0.96,0.94,0.88,0.89,0.8,0.58,0.19,0.12,0.08,,,,,,,,,,,,,,,,,,,,,,,,,,,,,,,,,,,,,,,,,,,,,,,,,,,,,,,,,,,,,107800,"12:00 AM, Wednesday 19 May 2021",Wednesday 19 May 2021,,,,,,,,,,,,,,,,,,,,,,,,,,,,,
2021-05-16,97366,57124,40242,,,,,,,90.3,5330,3220,4580,4986,6311,7393,7395,11239,4990,1603,77,,,,1,0.99,0.97,0.92,0.97,0.94,0.87,0.73,0.33,0.1,,,,,5098,3120,4409,4752,5737,6226,4908,2893,1787,1250,,,,,1,0.96,0.93,0.88,0.88,0.8,0.58,0.19,0.12,0.08,,,,,,,,,,,,,,,,,,,,,,,,,,,,,,,,,,,,,,,,,,,,,,,,,,,,,,,,,,,,,107800,"12:00 AM, Sunday 16 May 2021",Sunday 16 May 2021,,,,,,,,,,,,,,,,,,,,,,,,,,,,,
2021-05-12,94574,55684,38890,,,,,,,87.7,5327,3218,4576,4981,6301,7372,7358,10957,3924,1593,77,,,,1,0.99,0.97,0.92,0.97,0.94,0.87,0.71,0.26,0.1,,,,,5093,3114,4390,4722,5687,5981,3980,2958,1769,1234,,,,,1,0.96,0.93,0.87,0.87,0.76,0.47,0.19,0.12,0.08,,,,,,,,,,,,,,,,,,,,,,,,,,,,,,,,,,,,,,,,,,,,,,,,,,,,,,,,,,,,,107800,"12:00 AM, Wednesday 12 May 2021",Wednesday 12 May 2021,,,,,,,,,,,,,,,,,,,,,,,,,,,,,
2021-05-02,88404,52891,35513,,,,,,,82,5292,3210,4555,4968,6269,7290,7240,10278,2128,1578,83,,,,1,0.99,0.96,0.92,0.96,0.93,0.85,0.67,0.14,0.1,,,,,5010,3092,4321,4638,5374,4927,2511,2743,1663,1171,,,,,0.99,0.95,0.91,0.85,0.83,0.63,0.3,0.18,0.11,0.06,,,,,,,,,,,,,,,,,,,,,,,,,,,,,,,,,,,,,,,,,,,,,,,,,,,,,,,,,,,,,107800,"12:00 AM, Sunday 2 May 2021",Sunday 2 May 2021,,,,,,,,,,,,,,,,,,,,,,,,,,,,,
2021-04-25,82738,52405,30333,,,,,,,76.8,5282,3196,4554,4948,6254,7270,7204,9937,2121,1557,82,,,,1,0.98,0.96,0.91,0.96,0.93,0.85,0.65,0.14,0.1,,,,,4931,2974,3955,4362,3263,4115,1978,2346,1412,949,,,,,0.98,0.91,0.84,0.8,0.5,0.53,0.23,0.15,0.09,0.06,,,,,,,,,,,,,,,,,,,,,,,,,,,,,,,,,,,,,,,,,,,,,,,,,,,,,,,,,,,,,107800,"12:00 AM, Sunday 25 April 2021",Sunday 25 Apr 2021,,,,,,,,,,,,,,,,,,,,,,,,,,,,,
2021-04-18,77185,49413,27772,,,,,,,71.6,5265,3189,4537,4942,6208,7198,7070,7318,2061,1542,83,,,,1,0.98,0.96,0.91,0.95,0.92,0.83,0.48,0.14,0.1,,,,,4790,2833,3564,4187,2813,3711,1625,2097,1252,859,,,,,0.95,0.87,0.75,0.77,0.43,0.47,0.19,0.14,0.08,0.06,,,,,,,,,,,,,,,,,,,,,,,,,,,,,,,,,,,,,,,,,,,,,,,,,,,,,,,,,,,,,107800,"12:00 AM, Sunday 18 April 2021",Sunday 18 Apr 2021,,,,,,,,,,,,,,,,,,,,,,,,,,,,,
2021-04-11,70859,45585,25274,,,,,,,65.7,5250,3178,4525,4927,6175,7148,7012,3574,2020,1514,82,,,,1,0.97,0.96,0.91,0.95,0.91,0.83,0.23,0.13,0.1,,,,,4540,2644,3092,3947,2610,3512,1411,1769,1026,705,,,,,0.9,0.81,0.66,0.73,0.4,0.45,0.17,0.12,0.07,0.05,,,,,,,,,,,,,,,,,,,,,,,,,,,,,,,,,,,,,,,,,,,,,,,,,,,,,,,,,,,,,107800,"12:00 AM, Sunday 11 April 2021",Sunday 11 Apr 2021,,,,,,,,,,,,,,,,,,,,,,,,,,,,,
2021-04-04,67760,44981,22779,,,,,,,62.9,5218,3162,4522,4914,6158,7137,6997,,,,,,,,1,0.97,0.96,0.9,0.95,0.91,0.82,,,,,,,,4334,2340,2809,3647,2431,2542,1330,,,,,,,,0.86,0.72,0.6,0.67,0.37,0.33,0.16,,,,,,,,,,,,,,,,,,,,,,,,,,,,,,,,,,,,,,,,,,,,,,,,,,,,,,,,,,,,,,,,107800,"12:00 AM, Sunday 4 April 2021",Sunday 4 Apr 2021,,,,,,,,,,,,,,,,,,,,,,,,,,,,,
2021-03-28,59132,44318,14814,,,,,,,54.9,,,,,,,,,,,,,,,,,,,,,,,,,,,,,,,,,,,,,,,,,,,,,,,,,,,,,,,,,,,,,,,,,,,,,,,,,,,,,,,,,,,,,,,,,,,,,,,,,,,,,,,,,,,,,,,,,107800,"12:00 AM, Sunday 28 March 2021",Sunday 28 Mar 2021,,,,,,,,,,,,,,,,,,,,,,,,,,,,,
2021-03-21,52265,43136,9129,,,,,,,48.5,,,,,,,,,,,,,,,,,,,,,,,,,,,,,,,,,,,,,,,,,,,,,,,,,,,,,,,,,,,,,,,,,,,,,,,,,,,,,,,,,,,,,,,,,,,,,,,,,,,,,,,,,,,,,,,,,107800,"12:00 AM, Sunday 21 March 2021",Sunday 21 Mar 2021,,,,,,,,,,,,,,,,,,,,,,,,,,,,,
2021-03-14,45758,40137,5621,,,,,,,42.5,,,,,,,,,,,,,,,,,,,,,,,,,,,,,,,,,,,,,,,,,,,,,,,,,,,,,,,,,,,,,,,,,,,,,,,,,,,,,,,,,,,,,,,,,,,,,,,,,,,,,,,,,,,,,,,,,107800,"12:00 AM, Sunday 14 March 2021",Sunday 14 Mar 2021,,,,,,,,,,,,,,,,,,,,,,,,,,,,,
